User ID,Vehicle Model,Battery Capacity (kWh),Charging Station ID,Charging Station Location,Charging Start Time,Charging End Time,Energy Consumed (kWh),Charging Duration (hours),Charging Rate (kW),Charging Cost (USD),Time of Day,Day of Week,State of Charge (Start %),State of Charge (End %),Distance Driven (since last charge) (km),Temperature (C),Vehicle Age (years),Charger Type,User Type,soc_was_swapped,is_weekend,soc_gained_pct,charging_efficiency,cost_per_kwh,battery_utilization_ratio,hour_of_day,month,distance_per_kwh,charger_type_ordinal
User_1,Bmw I3,108.46300741284072,Station_391,Houston,2024-01-01 00:00:00,2024-01-01 00:39:00,60.71234573492677,0.5913634253585007,36.3891805669814,13.087716791774506,Evening,Tuesday,29.371575979140047,86.11996244457839,293.6021106383279,27.947953055800944,2.0,Dc Fast Charger,Commuter,0,0,56.748386465438344,102.66503326295718,0.2155692822167694,0.5597516349868348,0,1,4.8359539906464795,3
User_2,Hyundai Kona,100.0,Station_428,San Francisco,2024-01-01 01:00:00,2024-01-01 03:01:00,12.339275203733752,3.133652052688084,30.67773493971444,21.12844792913739,Morning,Monday,10.115777641679946,84.66434362786444,112.11280368218186,14.311025660377789,3.0,Level 1,Casual Driver,0,0,74.5485659861845,3.9376660191577346,1.7122924629109588,0.12339275203733752,1,1,9.085850005862383,1
User_3,Chevy Bolt,75.0,Station_181,San Francisco,2024-01-01 02:00:00,2024-01-01 04:48:00,19.12887570011548,2.4526527258367823,27.51359255877324,35.66727042356739,Morning,Thursday,6.854604444398554,69.91761524016282,71.79925292594801,21.00200183614421,2.0,Level 2,Commuter,0,0,63.063010795764264,7.799259756021594,1.8645774578038619,0.2550516760015397,2,1,3.753448663243421,2
User_4,Hyundai Kona,50.0,Station_327,Houston,2024-01-01 03:00:00,2024-01-01 06:42:00,79.45782398845503,1.266430804620451,32.882869757386224,13.036238833914622,Evening,Saturday,83.12000296074223,99.62432763119423,199.5777845163286,38.31631316036344,1.0,Level 1,Long-Distance Traveler,0,1,16.504324670452007,62.74154395057416,0.16406488599296082,1.5891564797691007,3,1,2.511744904382564,1
User_5,Hyundai Kona,50.0,Station_108,Los Angeles,2024-01-01 04:00:00,2024-01-01 05:46:00,19.62910416772725,2.0197650865894614,10.215712071204608,10.161471171031415,Morning,Saturday,54.25894969116981,63.743786036169695,203.66184655799864,-7.834199027249213,1.0,Level 1,Long-Distance Traveler,0,1,9.484836344999884,9.718508502824255,0.5176737096203387,0.392582083354545,4,1,10.37550388534005,1
User_6,Nissan Leaf,50.0,Station_335,San Francisco,2024-01-01 05:00:00,2024-01-01 07:10:00,43.18113714248533,1.1676401541014236,14.33452277611833,36.90034077796173,Evening,Saturday,71.98228757123687,75.21774833696946,143.68004610728445,-5.274217796522686,0.0,Dc Fast Charger,Long-Distance Traveler,1,1,3.235460765732597,36.98154520535145,0.8545476849347718,0.8636227428497066,5,1,3.3273798610995726,3
User_7,Chevy Bolt,85.0,Station_162,Houston,2024-01-01 06:00:00,2024-01-01 07:53:00,36.862139988267536,3.5396190263161467,26.18518786003352,22.21422517569784,Evening,Friday,60.75178075976676,70.79609690147149,81.33800890802773,27.5513346806664,4.0,Level 2,Commuter,0,0,10.044316141704726,10.414154663032127,0.6026298305732704,0.43367223515608866,6,1,2.206546037042775,2
User_8,Chevy Bolt,75.0,Station_302,Los Angeles,2024-01-01 07:00:00,2024-01-01 10:42:00,51.46761685839947,2.6553964456130235,26.7029077655282,9.796821321322032,Afternoon,Monday,56.201703032995454,63.786815331776616,116.54316578116932,-4.41745966595273,0.0,Level 2,Long-Distance Traveler,0,0,7.585112298781162,19.382272256720476,0.1903492316008255,0.6862348914453262,7,1,2.2643979436974764,2
User_9,Chevy Bolt,62.0,Station_493,Los Angeles,2024-01-01 08:00:00,2024-01-01 09:21:00,43.59237228216989,1.724203599132774,14.294922926661108,32.465005072088225,Evening,Wednesday,33.46620026326066,92.96142090358896,208.25974249443672,22.51670642679634,4.0,Level 1,Commuter,0,0,59.4952206403283,25.28261297221258,0.7447404986804774,0.7031027787446756,8,1,4.777435399624235,1
User_10,Hyundai Kona,50.0,Station_452,Chicago,2024-01-01 09:00:00,2024-01-01 12:44:00,78.86860745126785,2.0268746909843576,11.76099971515701,21.312302451155745,Morning,Wednesday,27.399454625609152,70.05338137780706,54.00630919992556,27.51201936462592,2.830381306943589,Dc Fast Charger,Commuter,0,0,42.653926752197904,38.91143729904935,0.2702254184508635,1.577372149025357,9,1,0.6847630628358126,3
User_11,Bmw I3,50.0,Station_206,Los Angeles,2024-01-01 10:00:00,2024-01-01 13:59:00,18.20619747737872,2.6486354477276968,10.310701112892176,38.221230704051806,Night,Thursday,76.08656557040186,82.2655816267944,64.63464374887128,0.5004335643954789,3.0,Dc Fast Charger,Casual Driver,0,0,6.179016056392541,6.87380269451505,2.0993527479607894,0.3641239495475744,10,1,3.550145154098219,3
User_12,Chevy Bolt,85.0,Station_78,San Francisco,2024-01-01 11:00:00,2024-01-01 14:55:00,22.564929484106763,2.0578886215204486,4.46482262892762,14.0508613520737,Evening,Sunday,14.618902372078484,85.85749415419053,194.7638066817377,34.26261127319235,0.0,Dc Fast Charger,Long-Distance Traveler,0,1,71.23859178211205,10.965087832321514,0.6226858081683877,0.26546975863655015,11,1,8.631261481181069,3
User_13,Hyundai Kona,100.0,Station_16,San Francisco,2024-01-01 12:00:00,2024-01-01 13:00:00,34.256452908516025,3.0655847520228034,5.523688619042968,10.972135997218215,Afternoon,Monday,19.20544694977322,51.62648272929986,249.12759651542487,23.662965362338845,0.0,Level 2,Casual Driver,0,0,32.42103577952664,11.174524823008777,0.32029399034745315,0.3425645290851602,12,1,7.272428268645779,2
User_14,Nissan Leaf,75.0,Station_327,Houston,2024-01-01 13:00:00,2024-01-01 15:54:00,16.56106432522506,3.5909657181461028,19.76909871755716,37.44185660286842,Morning,Friday,25.775415389763285,69.2012290988145,159.2316102189639,34.11034863859677,7.0,Level 2,Commuter,0,0,43.42581370905121,4.611869236606077,2.260836373048723,0.22081419100300081,13,1,9.614817447235534,2
User_15,Bmw I3,85.0,Station_96,Houston,2024-01-01 14:00:00,2024-01-01 17:32:00,12.927545290947553,3.4218093378407497,24.21115011711917,18.552815677456245,Afternoon,Monday,63.70663794066834,71.68354383511853,155.36060543681995,39.50544568765913,4.0,Level 1,Casual Driver,1,0,7.976905894450191,3.777985274628179,1.4351383236265092,0.15208876812879474,14,1,12.01779625909417,1
User_16,Nissan Leaf,100.0,Station_147,Los Angeles,2024-01-01 15:00:00,2024-01-01 17:19:00,27.354317884610715,2.703286127534274,11.112498841670842,33.093492711055774,Evening,Monday,10.677153729384765,72.40347015226732,247.6594369214761,-8.30213689912669,1.5352340877952697,Dc Fast Charger,Long-Distance Traveler,0,0,61.726316422882554,10.118913275954693,1.2098087347911484,0.2735431788461071,15,1,9.053760286262046,3
User_17,Bmw I3,97.681812229825,Station_2,New York,2024-01-01 16:00:00,2024-01-01 18:02:00,24.726937680708804,3.4586802787724484,49.40273861566977,17.49480846107398,Evening,Thursday,67.59197091077596,89.94222936485875,237.3064209427689,4.41532961880046,7.0,Dc Fast Charger,Commuter,0,0,22.35025845408279,7.149240660511374,0.707520222964079,0.2531375812575166,16,1,9.597080884298425,3
User_18,Hyundai Kona,50.0,Station_10,Chicago,2024-01-01 17:00:00,2024-01-01 20:13:00,23.824040473705303,0.8482182678183041,6.614280124746195,6.430589211997161,Evening,Friday,57.59519511951953,74.96195034708379,22.00682916343814,18.40570905025936,6.0,Level 2,Casual Driver,0,0,17.366755227564255,28.087157961102324,0.26992017660038103,0.47648080947410604,17,1,0.9237236306632023,2
User_19,Tesla Model 3,100.0,Station_434,New York,2024-01-01 18:00:00,2024-01-01 21:03:00,42.63801819167288,0.8075321582617996,20.49084604597367,25.0787937101842,Evening,Saturday,52.7134886858277,55.51705087402344,280.8620709755801,37.430356532255,0.0,Level 1,Long-Distance Traveler,1,1,2.803562188195741,52.800396560615674,0.5881791596749691,0.4263801819167288,18,1,6.5871277063818106,1
User_20,Bmw I3,50.0,Station_125,Los Angeles,2024-01-01 19:00:00,2024-01-01 20:22:00,48.48248430757049,2.5809253540076567,45.29143534649799,7.090844200594135,Morning,Wednesday,12.754877571721774,100.0,243.25576946966927,9.202409891916812,3.0,Level 2,Long-Distance Traveler,0,0,87.24512242827822,18.78492310220711,0.1462557932388565,0.9696496861514098,19,1,5.017394899289126,2
User_21,Nissan Leaf,50.0,Station_81,Los Angeles,2024-01-01 20:00:00,2024-01-01 22:54:00,50.27906667357191,3.16887289218907,30.48996023396868,28.872894608008124,Night,Tuesday,16.545512365179043,77.93632713949575,15.420444595980063,33.980310103059054,3.0,Level 2,Casual Driver,0,0,61.3908147743167,15.86654573539519,0.574252795809842,1.0055813334714383,20,1,0.3066971130569033,2
User_22,Hyundai Kona,62.0,Station_485,New York,2024-01-01 21:00:00,2024-01-01 22:55:00,59.1350316162392,2.9317614950957465,24.845842089870604,34.85323440188442,Evening,Sunday,71.5303121297424,75.97435158703122,219.6263569214341,-2.755069331695,5.0,Level 1,Commuter,0,1,4.444039457288824,20.170478299534373,0.5893838804055581,0.9537908325199872,21,1,3.713980544505569,1
User_23,Bmw I3,75.0,Station_140,Chicago,2024-01-01 22:00:00,2024-01-02 01:02:00,49.19642958971384,2.5628173042684104,19.194882837079632,14.856131218606723,Afternoon,Saturday,49.02423910950519,64.48187393759193,298.18812231836336,39.95893731677202,4.257936702758294,Dc Fast Charger,Long-Distance Traveler,0,1,15.45763482808674,19.196229675746473,0.3019758007339804,0.6559523945295178,22,1,6.061174048710022,3
User_24,Tesla Model 3,100.0,Station_326,New York,2024-01-01 23:00:00,2024-01-01 23:31:00,68.44712632026376,2.0714292092234388,49.71030696901287,38.40606169605943,Morning,Friday,19.23313912730544,74.00615088095063,280.91546822652094,3.580839953900103,5.0,Dc Fast Charger,Commuter,0,0,54.77301175364519,33.04343011843693,0.5611055388411438,0.6844712632026376,23,1,4.104123625469955,3
User_25,Tesla Model 3,100.0,Station_150,Houston,2024-01-02 00:00:00,2024-01-02 01:55:00,27.60438468247694,0.9571376601264636,11.238538626794044,24.03753468851581,Morning,Wednesday,65.35209627449626,65.48688658113335,173.47152650529225,35.977821918048456,4.0,Level 1,Long-Distance Traveler,1,0,0.13479030663708613,28.84055850318298,0.870786832056237,0.2760438468247694,0,1,6.284201894034997,1
User_26,Chevy Bolt,75.0,Station_288,San Francisco,2024-01-02 01:00:00,2024-01-02 03:42:00,40.178003499947216,3.604173535372616,12.31861479590845,38.76319382514176,Morning,Saturday,79.99556313119572,80.34408372714871,82.75461394014503,21.53684396835515,1.0,Dc Fast Charger,Commuter,1,1,0.3485205959529907,11.147632905470916,0.9647864614575159,0.5357067133326295,1,1,2.0596995054832368,3
User_27,Chevy Bolt,75.0,Station_361,Houston,2024-01-02 02:00:00,2024-01-02 02:33:00,43.487751224792326,3.652540335433942,36.18237188372349,27.44831088430594,Afternoon,Thursday,87.82402899882813,88.74847907153811,80.91266512306521,29.872209873061493,0.3612151658030595,Level 1,Commuter,1,0,0.9244500727099876,11.906165909493163,0.6311733789687816,0.579836682997231,2,1,1.860585172703457,1
User_28,Nissan Leaf,50.0,Station_340,San Francisco,2024-01-02 03:00:00,2024-01-02 06:13:00,10.338517723856468,1.547713717696371,45.7767311942711,9.855826892937216,Night,Sunday,94.50485176968456,98.3327953116332,162.6865443608225,5.504758728380647,0.0,Level 1,Long-Distance Traveler,1,1,3.827943541948642,6.679864373913024,0.9533114084811765,0.20677035447712935,3,1,15.73596415909971,1
User_29,Bmw I3,75.0,Station_129,Los Angeles,2024-01-02 04:00:00,2024-01-02 04:35:00,31.68448458657448,2.4396779381538938,48.64872319079225,25.617103995808733,Afternoon,Friday,34.72763909597674,54.40205038521579,132.9596225238148,20.37856231027433,3.0,Level 2,Casual Driver,0,0,19.674411289239046,12.987158711018289,0.8085062556663254,0.42245979448765975,4,1,4.196363748967316,2
User_30,Bmw I3,75.0,Station_438,Chicago,2024-01-02 05:00:00,2024-01-02 07:58:00,56.59325685914933,3.153257254972797,45.81173100244055,33.13209178024766,Afternoon,Friday,29.207671702279008,85.00810624066354,186.15573210131024,12.333415373869066,0.0,Dc Fast Charger,Casual Driver,0,0,55.80043453838453,17.947554634148478,0.5854423940065442,0.754576758121991,5,1,3.289362415819594,3
User_31,Chevy Bolt,100.0,Station_239,New York,2024-01-02 06:00:00,2024-01-02 09:54:00,19.473800595427143,1.435532787267766,7.043936342279247,36.945272915195176,Afternoon,Wednesday,31.320786979519863,78.05665281794616,132.9596225238148,8.352906076534808,2.0,Dc Fast Charger,Casual Driver,0,0,46.73586583842629,13.565556125326415,1.8971783517117198,0.19473800595427143,6,1,6.827615486369749,3
User_32,Bmw I3,100.0,Station_58,Chicago,2024-01-02 07:00:00,2024-01-02 09:27:00,38.28919933554271,2.0076640542660726,12.064391459035129,17.011782945517666,Evening,Wednesday,65.61730718592959,75.6447784790562,238.9093109631085,2.273162900972052,6.0,Level 1,Commuter,1,0,10.02747129312661,19.0715170967883,0.44429717102300803,0.3828919933554271,7,1,6.239600595182365,1
User_33,Bmw I3,100.0,Station_198,New York,2024-01-02 08:00:00,2024-01-02 09:58:00,16.136238725396332,1.306927271746284,21.517815048554308,26.438194237490425,Evening,Monday,23.603991432132744,88.2000728013921,35.50388319357353,39.38401391534167,1.0,Level 2,Casual Driver,0,0,64.59608136925935,12.346699831150884,1.6384359879282253,0.16136238725396332,8,1,2.2002576807254997,2
User_34,Tesla Model 3,62.0,Station_211,Houston,2024-01-02 09:00:00,2024-01-02 12:03:00,60.06708508895625,0.9991001884039166,7.651570046980447,18.034390040505443,Afternoon,Monday,22.88146662593892,51.43427868199236,46.35755886056615,13.991597483206988,1.0,Level 2,Casual Driver,0,0,28.55281205605344,60.121182826433724,0.3002374763782435,0.9688239530476814,9,1,0.7717630844232412,2
User_35,Chevy Bolt,75.0,Station_402,Houston,2024-01-02 10:00:00,2024-01-02 13:32:00,57.72437946101146,1.8735815970397776,4.48564710517362,35.50300017025295,Afternoon,Friday,41.87247964240577,79.64797277486439,157.61465400806637,28.429807376567297,1.8091728675018728,Dc Fast Charger,Long-Distance Traveler,0,0,37.775493132458614,30.809642639645293,0.6150434270884211,0.7696583928134861,10,1,2.730469439078568,3
User_36,Hyundai Kona,75.0,Station_390,New York,2024-01-02 11:00:00,2024-01-02 14:16:00,37.37451606078376,2.8916769844807484,18.865801960923783,29.86624992587584,Evening,Tuesday,24.49220858439769,73.38017572592224,76.20353921863803,50.0,4.0,Level 1,Commuter,0,0,48.887967141524555,12.924858572159994,0.7991073349900529,0.4983268808104502,11,1,2.0389170817544495,1
User_37,Chevy Bolt,75.0,Station_45,Chicago,2024-01-02 12:00:00,2024-01-02 15:10:00,39.940563619980615,3.470003433537161,28.62519932675557,15.85532743055342,Evening,Thursday,50.403654740892144,85.85755579960261,102.43030218211146,31.46130901681466,1.0,Dc Fast Charger,Casual Driver,1,0,35.453901058710464,11.51023749255114,0.39697305179293096,0.5325408482664082,12,1,2.564568270911175,3
User_38,Hyundai Kona,75.0,Station_97,New York,2024-01-02 13:00:00,2024-01-02 13:43:00,73.38661952275571,1.0404523051899732,38.45083190087793,15.882703983823514,Night,Wednesday,49.27538752823665,94.59708190417813,42.09574394400221,33.92957037271362,6.0,Dc Fast Charger,Long-Distance Traveler,0,0,45.321694375941476,70.53338164247351,0.21642506613754853,0.9784882603034094,13,1,0.5736160654047999,3
User_39,Tesla Model 3,85.0,Station_279,Los Angeles,2024-01-02 14:00:00,2024-01-02 15:25:00,61.52075986084904,1.2804107080349374,12.510248962442,26.50571298106416,Afternoon,Monday,79.3884433831648,87.98462138000619,141.24375349788664,5.761050673536548,7.0,Level 2,Commuter,1,0,8.59617799684139,48.04767679213315,0.4308417685512371,0.7237736454217534,14,1,2.2958714069422963,2
User_40,Nissan Leaf,100.0,Station_23,Houston,2024-01-02 15:00:00,2024-01-02 16:50:00,68.17785003637414,3.2424460582484915,23.31161908295264,8.498571936835022,Morning,Thursday,17.040420024456118,56.07865100803714,130.37601376208403,-3.191455365646359,2.0,Level 2,Long-Distance Traveler,0,0,39.03823098358102,21.02667209002161,0.12465297647697716,0.6817785003637414,15,1,1.912292829599731,2
User_41,Bmw I3,79.7992037611215,Station_410,Los Angeles,2024-01-02 16:00:00,2024-01-02 18:58:00,67.51805822343026,1.9623405401552507,6.897878329777162,29.222361949491813,Night,Sunday,62.52531776559165,80.86258863357027,119.63099233488512,35.233158486596466,1.9692327223244,Level 2,Casual Driver,1,1,18.337270867978617,34.40690177969241,0.4328080919150457,0.8460993975020755,16,1,1.771836979360442,2
User_42,Tesla Model 3,100.0,Station_461,Houston,2024-01-02 17:00:00,2024-01-02 18:15:00,39.398742356080696,2.3977153605176023,20.46036486895017,26.61971774881356,Morning,Saturday,28.252298260726327,96.287092238838,111.01653950164392,19.78108389153856,2.941663235080507,Level 2,Commuter,0,1,68.03479397811168,16.431784608317965,0.6756489206743713,0.39398742356080696,17,1,2.8177686104366204,2
User_43,Bmw I3,85.0,Station_391,Houston,2024-01-02 18:00:00,2024-01-02 20:53:00,12.049319706245154,1.373881357931789,29.468944357780007,32.04209859904496,Night,Saturday,36.636852158024986,66.97610432369274,83.24522142563875,39.41613092437325,4.0,Level 1,Commuter,0,1,30.33925216566775,8.770276732180088,2.6592454495532696,0.14175670242641358,18,1,6.908707168131062,1
User_44,Nissan Leaf,48.79648263973517,Station_335,San Francisco,2024-01-02 19:00:00,2024-01-02 19:45:00,77.0536063752363,3.030202685230273,8.388039538136447,6.364629693637992,Afternoon,Friday,15.144122471302746,84.3423268685863,144.01398119262163,22.069470800563764,1.0,Dc Fast Charger,Casual Driver,0,0,69.19820439728355,25.428532141037554,0.08260002345177025,1.5790811592737883,19,1,1.869010263988179,3
User_45,Nissan Leaf,75.0,Station_44,Los Angeles,2024-01-02 20:00:00,2024-01-02 22:29:00,46.09404918662695,3.296056589144087,5.114613366354828,30.037968888365,Morning,Wednesday,15.220938965012722,100.0,49.384266364222384,32.01457653994244,3.680052855954801,Level 2,Long-Distance Traveler,0,0,84.77906103498728,13.984604918023132,0.6516669595840102,0.6145873224883593,20,1,1.0713805195172572,2
User_46,Tesla Model 3,62.0,Station_27,Los Angeles,2024-01-02 21:00:00,2024-01-02 22:53:00,46.80719594482398,3.877992452581901,16.91833198373123,10.608875787751984,Evening,Saturday,49.29876550655081,90.97067522699976,210.17109719106028,-0.0390790306437483,1.0,Dc Fast Charger,Commuter,0,1,41.67190972044895,12.069955400160861,0.22665053040685576,0.7549547733036126,21,1,4.490145007592607,3
User_47,Nissan Leaf,75.0,Station_282,San Francisco,2024-01-02 22:00:00,2024-01-03 01:06:00,67.47546614008147,2.1051170788531968,49.60079964847686,19.03070021272089,Night,Sunday,63.035941874368895,81.75095350359373,97.4539049287794,3.194124642496231,5.0,Level 1,Commuter,0,1,18.71501162922484,32.05307050040182,0.2820388105687552,0.8996728818677528,22,1,1.4442865015035484,1
User_48,Hyundai Kona,62.0,Station_97,Chicago,2024-01-02 23:00:00,2024-01-02 23:37:00,30.71093402710381,1.6336686079712066,6.35266144526304,18.131831711875755,Morning,Wednesday,76.12005335845825,76.68243090588436,18.93451548845076,27.895176779200867,0.0,Level 2,Commuter,0,0,0.5623775474261095,18.79875384594835,0.5904031344625852,0.49533764559844856,23,1,0.6165398770268654,2
User_49,Nissan Leaf,85.0,Station_463,Los Angeles,2024-01-03 00:00:00,2024-01-03 01:57:00,42.2855347814151,1.743435263200667,14.149666187068805,13.112873665958404,Night,Monday,77.80942281830983,87.94811448093188,212.9403418082668,-4.446670670320875,1.0,Level 1,Casual Driver,0,0,10.138691662622051,24.254146783623987,0.31010305849842623,0.49747687978135413,0,1,5.035772703573708,1
User_50,Bmw I3,100.0,Station_36,New York,2024-01-03 01:00:00,2024-01-03 03:40:00,8.713190575944605,2.2095428234972503,49.2753455894196,9.644101413904608,Afternoon,Saturday,27.196196012553663,86.89391764029943,170.47505412270155,5.37807958403098,6.0,Level 2,Long-Distance Traveler,0,1,59.69772162774577,3.943435937644975,1.1068392605264554,0.08713190575944604,1,1,19.5651699152948,2
User_51,Bmw I3,85.0,Station_109,San Francisco,2024-01-03 02:00:00,2024-01-03 02:48:00,9.06588081544948,0.5123781829612861,40.17800199145749,24.50189331007889,Morning,Tuesday,13.873858113381532,93.62842306259267,226.2193631647091,30.69198380180764,2.6163324827383008,Dc Fast Charger,Casual Driver,0,0,79.75456494921114,17.693729196378513,2.702648954784886,0.10665742135822918,2,1,24.952827835459836,3
User_52,Bmw I3,50.0,Station_55,Los Angeles,2024-01-03 03:00:00,2024-01-03 05:06:00,58.73397361690925,1.88926151834522,13.175727296302622,28.10231005717249,Morning,Saturday,71.37448250923295,83.86192690828396,57.38072425225101,1.941105156484872,3.0,Level 1,Commuter,1,1,12.487444399051014,31.088323689752382,0.4784677134305444,1.174679472338185,3,1,0.9769596831046239,1
User_53,Bmw I3,50.0,Station_192,Chicago,2024-01-03 04:00:00,2024-01-03 05:35:00,65.98624912728606,3.3138023577161824,46.27844331315938,18.84961040539716,Morning,Wednesday,17.38966714207173,73.4380396237612,234.9966615729484,-7.719425911074026,0.0,Level 2,Long-Distance Traveler,0,0,56.04837248168947,19.912548186115327,0.28565967386684865,1.3197249825457211,4,1,3.561297462440165,2
User_54,Hyundai Kona,62.0,Station_219,Los Angeles,2024-01-03 05:00:00,2024-01-03 06:48:00,74.99970643372605,1.9113031543827848,35.92512612379792,34.08661865816688,Night,Tuesday,80.41641729522466,87.28930579942039,51.82835201742095,17.805383646122152,5.0,Dc Fast Charger,Long-Distance Traveler,1,0,6.872888504195728,39.24008928763874,0.45449002774814495,1.2096726844149361,5,1,0.6910473984750779,3
User_55,Chevy Bolt,100.0,Station_185,Houston,2024-01-03 06:00:00,2024-01-03 07:55:00,17.769436409407696,3.3140797633169585,34.45824193725993,9.798498137959154,Evening,Thursday,27.69749248619649,70.51026724863107,166.3114629994677,19.703359179359488,4.0,Dc Fast Charger,Casual Driver,0,0,42.81277476243457,5.361801066496608,0.5514242496048734,0.17769436409407696,6,1,9.359411247923271,3
User_56,Tesla Model 3,76.87610037599295,Station_69,New York,2024-01-03 07:00:00,2024-01-03 09:33:00,50.26893407436542,1.6783584198879236,36.303372348344666,38.94193996256931,Evening,Saturday,13.48827068689701,82.69521185847714,133.99209364319893,3.0428293410416227,0.0,Dc Fast Charger,Casual Driver,0,1,69.20694117158013,29.951250864354854,0.7746720848498696,0.6538954737363801,7,1,2.665504970624154,3
User_57,Bmw I3,69.88407424915135,Station_317,San Francisco,2024-01-03 08:00:00,2024-01-03 11:51:00,76.45046498743068,3.873449980578508,11.339063162639302,30.192234438786446,Evening,Wednesday,55.389776083986256,63.67446343632872,191.93791499432749,10.424645029884408,2.0,Level 2,Commuter,1,0,8.284687352342466,19.737047172611906,0.3949254519740382,1.0939611894244856,8,1,2.51061801947031,2
User_58,Nissan Leaf,62.0,Station_130,Houston,2024-01-03 09:00:00,2024-01-03 12:59:00,77.86372676031044,0.9179022472670976,47.15400980350788,28.30319111612704,Afternoon,Saturday,56.91742176324378,57.46568225034442,129.3894111090679,38.46677944602198,3.0,Dc Fast Charger,Casual Driver,0,1,0.5482604871006416,84.82790732034574,0.3634964866664211,1.2558665606501684,9,1,1.6617418211610917,3
User_59,Bmw I3,100.0,Station_55,Chicago,2024-01-03 10:00:00,2024-01-03 12:59:00,21.89299267514347,1.285283896923329,25.37395430520664,8.637821690612405,Morning,Saturday,64.66736188293022,80.22553380560572,148.41561166314776,5.073167724155329,7.0,Dc Fast Charger,Casual Driver,1,1,15.558171922675498,17.03358513053047,0.39454732474375154,0.21892992675143472,10,1,6.779137684162,3
User_60,Nissan Leaf,100.0,Station_378,Houston,2024-01-03 11:00:00,2024-01-03 12:15:00,71.28000416235402,2.413754936898993,40.61639923013172,6.744728812226459,Evening,Wednesday,26.1565979508552,89.92458852765273,140.46521317115082,33.05773080632935,5.0,Level 2,Casual Driver,0,0,63.76799057679753,29.53075437472915,0.09462301372575727,0.7128000416235402,11,1,1.9706117419860707,2
User_61,Nissan Leaf,62.0,Station_97,Houston,2024-01-03 12:00:00,2024-01-03 14:22:00,21.82768817738645,2.082100007126398,26.50712322152529,36.06804149617966,Evening,Tuesday,33.255985091753644,51.50113226723436,48.044387156223145,38.65644395728205,7.0,Level 1,Casual Driver,0,0,18.245147175480717,10.483496519224282,1.6523986050683215,0.3520594867320395,12,1,2.2010753848864892,1
User_62,Bmw I3,75.0,Station_336,Chicago,2024-01-03 13:00:00,2024-01-03 15:00:00,62.723162291274086,2.117893349954352,30.9970269340748,30.04444235282833,Morning,Monday,72.83328568716698,82.84418006572773,282.9423217735824,32.852732623649764,7.0,Dc Fast Charger,Casual Driver,1,0,10.01089437856075,29.615826638591592,0.47900075913436607,0.8363088305503211,13,1,4.510970292914341,3
User_63,Hyundai Kona,124.31591138552656,Station_87,Houston,2024-01-03 14:00:00,2024-01-03 16:50:00,46.1951370011332,0.6505075790560018,47.87752355760527,30.86418085784876,Afternoon,Sunday,53.00518532661712,59.90164627311141,25.02725725569419,6.17125670947679,1.0,Level 2,Commuter,0,1,6.896460946494294,71.01398736686555,0.6681261894967784,0.3715947257778899,14,1,0.5417725518398236,2
User_64,Nissan Leaf,100.0,Station_294,San Francisco,2024-01-03 15:00:00,2024-01-03 16:02:00,29.34565985727085,2.482090675316866,6.871184621235036,24.64975872994209,Night,Saturday,67.47790562555141,85.33141901899155,127.02180106032571,34.06193919136979,0.0,Level 1,Long-Distance Traveler,1,1,17.85351339344014,11.82296043778681,0.8399797056815788,0.2934565985727085,15,1,4.328469752533238,1
User_65,Nissan Leaf,50.0,Station_119,Los Angeles,2024-01-03 16:00:00,2024-01-03 18:42:00,76.93342189972203,2.1234202003251825,34.17685550275657,34.22830190454739,Night,Friday,27.1746153338806,92.14463369734484,295.8937220745894,7.9416880917232575,2.5918513275137545,Dc Fast Charger,Casual Driver,0,0,64.97001836346425,36.23089857011833,0.4449080914295203,1.5386684379944406,16,1,3.846101145224875,3
User_66,Bmw I3,62.0,Station_208,Houston,2024-01-03 17:00:00,2024-01-03 18:46:00,59.25460166411963,1.2796206959579637,25.857794702299618,12.220438303566691,Night,Thursday,77.03697398688679,91.82927487145972,167.29757277309406,35.27145068625696,7.0,Level 2,Long-Distance Traveler,0,0,14.792300884572924,46.30637957895781,0.2062361058949877,0.9557193816793489,17,1,2.8233684486043478,2
User_67,Nissan Leaf,100.0,Station_334,San Francisco,2024-01-03 18:00:00,2024-01-03 21:04:00,37.06292777850246,1.6090994326029475,15.230062587672052,37.87533457659361,Morning,Wednesday,7.520444726979813,67.79787265012489,98.14598101957088,16.483705935041975,2.0,Level 2,Long-Distance Traveler,0,0,60.277427923145076,23.033335931607343,1.021919660609283,0.37062927778502464,18,1,2.648090339924476,2
User_68,Nissan Leaf,85.0,Station_413,Los Angeles,2024-01-03 19:00:00,2024-01-03 21:30:00,67.69516175123809,0.8575824648349768,32.97506874142168,13.775619212920864,Afternoon,Saturday,22.48839981099202,86.77766611416524,81.28450037675881,-7.332648303750763,6.0,Dc Fast Charger,Casual Driver,0,1,64.28926630317322,78.93720374082574,0.2034948858463865,0.7964136676616246,19,1,1.200743129552714,3
User_69,Bmw I3,75.0,Station_154,Los Angeles,2024-01-03 20:00:00,2024-01-03 22:37:00,16.41401693253662,1.702974822474663,24.845842089870604,21.667786643873225,Morning,Sunday,36.950283611109775,77.13616493524884,188.47148981831265,18.53871081800196,7.0,Level 1,Casual Driver,0,1,40.18588132413907,9.638437818290662,1.3200782436700393,0.21885355910048826,20,1,11.482350151882432,1
User_70,Bmw I3,50.0,Station_35,Houston,2024-01-03 21:00:00,2024-01-03 22:47:00,67.00568214318923,3.608030961009233,4.092360865180499,14.42396639096435,Night,Monday,57.11286224854077,57.677660751028775,276.3684303122313,-2.7249027658978378,4.122767456931069,Level 1,Long-Distance Traveler,1,0,0.5647985024880029,18.571260298843583,0.2152648242598403,1.3401136428637848,21,1,4.124552149497409,1
User_71,Tesla Model 3,75.0,Station_79,San Francisco,2024-01-03 22:00:00,2024-01-04 01:01:00,70.61729259484447,3.2801429687726915,26.07041362744592,15.470777907245134,Evening,Wednesday,57.969655423091886,86.22602519571817,23.00399874929624,34.847907975386214,2.7713464837060098,Level 1,Commuter,1,0,28.25636977262628,21.528723981585124,0.21907917082018807,0.941563901264593,22,1,0.32575588646931053,1
User_72,Hyundai Kona,75.0,Station_67,Houston,2024-01-03 23:00:00,2024-01-04 00:36:00,61.13047583037784,0.947277208902377,23.281804960483075,37.14898172847161,Evening,Saturday,34.89904374917877,92.355661174546,58.85531551787028,7.662649708995332,1.0,Dc Fast Charger,Long-Distance Traveler,0,1,57.45661742536723,64.53282656426471,0.6076998620385513,0.8150730110717045,23,1,0.9627818975461507,3
User_73,Hyundai Kona,85.0,Station_343,Chicago,2024-01-04 00:00:00,2024-01-04 02:24:00,22.88203842151127,1.5694707135750048,29.98922250219449,10.709582024361996,Evening,Thursday,15.67448546968074,96.59770241767578,98.47402709278698,19.21316448676773,3.0,Dc Fast Charger,Commuter,0,0,80.92321694799503,14.579461868001108,0.46803443937468353,0.26920045201777965,0,1,4.303551339211638,3
User_74,Nissan Leaf,59.83272651224269,Station_413,Los Angeles,2024-01-04 01:00:00,2024-01-04 02:32:00,12.894887186031896,0.5815047780490367,40.88409889822898,15.197334165353636,Night,Friday,31.54918220388392,97.46254098173988,183.1712811493433,28.637604322914584,2.0,Level 1,Long-Distance Traveler,0,0,65.91335877785596,22.175032214343226,1.178555030850973,0.21551562059257665,1,1,14.204954142426276,1
User_75,Hyundai Kona,85.0,Station_34,Houston,2024-01-04 02:00:00,2024-01-04 04:22:00,69.16916705566726,2.285242161327478,5.557358509328086,20.76646440802641,Afternoon,Wednesday,41.089044871443264,74.39951852877809,276.57481915586186,20.014324466284243,4.0,Level 1,Casual Driver,0,0,33.310473657334825,30.26776252696453,0.30022718636055834,0.8137549065372619,2,1,3.9985275366013124,1
User_76,Nissan Leaf,50.0,Station_97,Los Angeles,2024-01-04 03:00:00,2024-01-04 05:03:00,42.2855347814151,3.520690375905822,9.56924507314763,24.79072323320694,Night,Saturday,51.28140347341039,93.19846283246213,171.89615323236094,-5.275727979646041,4.0,Level 1,Commuter,0,1,41.917059359051734,12.010580388096653,0.5862695922224141,0.845710695628302,3,1,4.06512898845756,1
User_77,Tesla Model 3,100.0,Station_169,San Francisco,2024-01-04 04:00:00,2024-01-04 05:17:00,49.2788373994772,3.865136106678535,49.41151925702685,39.93168076046508,Morning,Tuesday,75.50151044016273,86.32698824285714,246.3443697107785,30.082058806726685,0.0,Level 1,Long-Distance Traveler,1,0,10.825477802694408,12.749573634503768,0.8103210803607294,0.492788373994772,4,1,4.9989890734190086,1
User_78,Bmw I3,75.0,Station_169,New York,2024-01-04 05:00:00,2024-01-04 08:40:00,31.218889683829406,3.340997592022919,30.02591267156402,17.60489531315022,Afternoon,Monday,39.51761676284298,71.27176463552543,242.4855629063196,39.83142977123109,3.0,Level 2,Commuter,0,0,31.754147872682452,9.344182036637411,0.5639180474207931,0.4162518624510588,5,1,7.767270564779918,2
User_79,Bmw I3,100.0,Station_151,Houston,2024-01-04 06:00:00,2024-01-04 09:55:00,30.651699818598622,1.0288186666188504,28.522353335495254,39.322054380129146,Evening,Friday,38.12132999285809,81.19721083979802,12.149516678078117,-4.932743443178868,1.0,Dc Fast Charger,Casual Driver,0,0,43.07588084693993,29.79310233486875,1.2828670061641927,0.3065169981859862,6,1,0.39637334144536146,3
User_80,Bmw I3,75.0,Station_71,Houston,2024-01-04 07:00:00,2024-01-04 07:41:00,59.9864767329939,3.729365399834844,23.417921150036506,15.683016562744246,Afternoon,Wednesday,88.09676846371462,96.1305685919979,281.763740323611,15.060622448535312,0.0,Level 1,Commuter,0,0,8.033800128283275,16.08490193416028,0.26144253533260503,0.799819689773252,7,1,4.697121012420365,1
User_81,Hyundai Kona,48.0506947257829,Station_3,Los Angeles,2024-01-04 08:00:00,2024-01-04 11:05:00,51.67374779364138,0.6917553642371982,46.59567841482084,18.01181177893121,Afternoon,Saturday,55.07217407784221,62.93578010941694,222.2746666893461,2.5542438030517296,7.0,Level 2,Casual Driver,0,1,7.863606031574726,74.6994536871026,0.34856793919537654,1.0754006386075088,8,1,4.3015007848278755,2
User_82,Tesla Model 3,50.0,Station_314,San Francisco,2024-01-04 09:00:00,2024-01-04 12:21:00,35.9072426531086,2.7255608456585247,25.60162087204433,19.2835226965972,Night,Friday,43.05075612226932,48.88762425560186,93.85786768644309,33.076751459606555,6.0,Level 1,Casual Driver,1,0,5.836868133332537,13.174258322027304,0.5370371343433625,0.7181448530621719,9,1,2.6138979423505675,1
User_83,Hyundai Kona,85.0,Station_32,Chicago,2024-01-04 10:00:00,2024-01-04 13:20:00,41.60783353260332,0.8070687454194462,24.845842089870604,29.532932865621344,Afternoon,Tuesday,54.997649082294174,97.26161624347915,94.645250164602,17.737387789603858,3.0,Level 1,Commuter,0,0,42.26396716118498,51.554261974274674,0.7097926125492631,0.48950392391298025,10,1,2.274697866459192,1
User_84,Hyundai Kona,62.0,Station_287,San Francisco,2024-01-04 11:00:00,2024-01-04 13:54:00,32.83295683246542,3.4086383448749484,44.492366139662046,39.67482338466678,Night,Wednesday,26.654722048049937,63.71062691853387,279.8982720475401,5.803389498206,1.0,Level 2,Casual Driver,0,0,37.05590487048393,9.632279376845991,1.2083841119492498,0.5295638198784746,11,1,8.524918223958892,2
User_85,Tesla Model 3,50.0,Station_82,Houston,2024-01-04 12:00:00,2024-01-04 13:09:00,57.92445004054599,1.261117292569857,12.538161906875358,19.81732290839241,Morning,Friday,49.87203405296153,54.26143302124692,64.13545483676491,1.8254496871976087,1.0,Level 1,Casual Driver,0,0,4.389398968285391,45.931056834935426,0.34212362645688765,1.1584890008109199,12,1,1.1072259605722856,1
User_86,Tesla Model 3,100.0,Station_43,Chicago,2024-01-04 13:00:00,2024-01-04 16:26:00,21.65616411567424,1.8944268875741128,32.95451081519971,18.02550998683417,Afternoon,Wednesday,78.43462826424621,97.7254403635819,170.55772537142218,10.401511433472187,3.0,Level 1,Casual Driver,0,0,19.29081209933568,11.431512220250315,0.8323500824316211,0.2165616411567424,13,1,7.875712635922276,1
User_87,Tesla Model 3,62.0,Station_391,San Francisco,2024-01-04 14:00:00,2024-01-04 15:54:00,41.01058174547109,3.3669557754635044,45.32010959769544,18.06652173487606,Afternoon,Wednesday,73.62283683904118,83.05427335844938,103.7883061403116,-4.572249344016912,3.0,Level 2,Commuter,0,0,9.431436519408194,12.180314943348332,0.44053317377950124,0.6614609958946951,14,1,2.530768931405691,2
User_88,Tesla Model 3,62.0,Station_105,New York,2024-01-04 15:00:00,2024-01-04 16:26:00,79.81869447094793,2.6064796291623145,13.009732230851895,35.97131697104875,Afternoon,Friday,69.39563151935643,86.11175650087344,274.02065391535655,10.69221008986976,2.0,Level 2,Casual Driver,1,0,16.716124981517012,30.62317985450764,0.4506628078731786,1.287398297918515,15,1,3.433038534789534,2
User_89,Bmw I3,85.0,Station_1,Los Angeles,2024-01-04 16:00:00,2024-01-04 17:56:00,33.07294950547435,1.4696595869919784,30.344748445823274,15.55083822587802,Evening,Wednesday,83.02347311843918,100.0,164.68289235141916,-6.514431826571196,1.0,Level 2,Long-Distance Traveler,1,0,16.976526881560815,22.50381639272419,0.47019810625913455,0.3890935235938159,16,1,4.979383297040389,2
User_90,Chevy Bolt,75.0,Station_61,San Francisco,2024-01-04 17:00:00,2024-01-04 18:53:00,27.84315247164263,2.543139660740745,17.00464384697846,12.278331917423372,Night,Tuesday,47.99218334647701,85.86518688525221,79.354979042724,7.516861653406636,7.0,Level 2,Casual Driver,0,0,37.8730035387752,10.948337954641746,0.4409821025089909,0.37124203295523506,17,1,2.850071633359209,2
User_91,Chevy Bolt,50.0,Station_270,San Francisco,2024-01-04 18:00:00,2024-01-04 21:41:00,28.440773917754164,1.0796586545757096,42.42512683318396,13.779804175546838,Night,Friday,13.667240803504384,96.3460346157945,398.3647747436511,27.813135549380647,0.0,Level 2,Long-Distance Traveler,0,0,82.67879381229011,26.34237571034058,0.48450876250399044,0.5688154783550833,18,1,14.006819079384183,2
User_92,Tesla Model 3,62.0,Station_180,New York,2024-01-04 19:00:00,2024-01-04 22:52:00,68.57302471319414,2.9303906461796965,5.454692701854564,15.889414479213295,Evening,Saturday,50.31669101477427,93.89345034552564,191.45599448624304,37.89979105281139,4.0,Level 1,Commuter,0,1,43.576759330751365,23.400642778665603,0.23171523417073378,1.1060165276321636,19,1,2.792001596648324,1
User_93,Chevy Bolt,85.0,Station_224,Houston,2024-01-04 20:00:00,2024-01-04 23:34:00,65.431016913359,0.929486553755634,20.27269893513049,10.395657972388529,Night,Sunday,75.84995702645678,76.46681163744769,71.43600424010651,30.199709557192065,6.0,Dc Fast Charger,Long-Distance Traveler,1,1,0.616854610990913,70.39479662076003,0.15887966384740773,0.7697766695689294,20,1,1.0917758520351144,3
User_94,Chevy Bolt,75.0,Station_6,Los Angeles,2024-01-04 21:00:00,2024-01-04 23:30:00,71.61568949106118,3.5150120063589623,31.271844526976924,21.263560509313127,Morning,Friday,51.794505043999976,64.55436324971151,16.681445822961763,-1.7198500093383,3.0,Level 2,Casual Driver,0,0,12.759858205711538,20.374237516543946,0.29691204064951676,0.9548758598808157,21,1,0.232930045657717,2
User_95,Tesla Model 3,85.0,Station_103,San Francisco,2024-01-04 22:00:00,2024-01-05 01:51:00,7.930901450146639,2.3423957855284567,44.12212998806049,33.81843011264206,Evening,Tuesday,42.73907176379696,72.96602310099009,55.67750505100865,16.808358267905795,7.0,Dc Fast Charger,Casual Driver,0,0,30.226951337193128,3.3858075988458056,4.264134452460858,0.09330472294290162,22,1,7.020324915269146,3
User_96,Chevy Bolt,24.599922148424582,Station_10,Chicago,2024-01-04 23:00:00,2024-01-05 00:43:00,42.2855347814151,1.382497912326283,32.43654897645034,38.05802231508733,Night,Tuesday,48.32735368393833,85.0674221187275,132.9596225238148,23.398468358721537,5.0,Level 1,Casual Driver,0,0,36.74006843478918,30.58632812708024,0.900024618627129,1.7189296179997517,23,1,3.1443287453054,1
User_97,Hyundai Kona,75.0,Station_71,San Francisco,2024-01-05 00:00:00,2024-01-05 02:16:00,55.72920335411825,3.8290118099189465,21.723067323519977,38.093717509092535,Morning,Tuesday,63.40496814289373,68.34785563762274,74.05219273087201,34.66345577088492,0.0,Level 2,Casual Driver,0,0,4.942887494729014,14.554461077856518,0.6835503688619928,0.7430560447215766,0,1,1.3287861349878733,2
User_98,Nissan Leaf,85.0,Station_90,Los Angeles,2024-01-05 01:00:00,2024-01-05 03:33:00,31.046574961450595,0.6902816245406431,28.004859152178906,6.254545331359625,Night,Saturday,47.1578609567738,66.19348839519058,132.9596225238148,15.627395920888151,7.0,Dc Fast Charger,Casual Driver,0,1,19.035627438416782,44.976678876698976,0.2014568543913674,0.3652538230758894,1,1,4.2825858468738,3
User_99,Nissan Leaf,62.0,Station_226,San Francisco,2024-01-05 02:00:00,2024-01-05 05:47:00,15.91756323749268,3.348390650345465,17.551626214972885,9.531208380836189,Evening,Saturday,73.21652206981314,80.19872330540268,117.79183997954787,15.435807030838417,0.9252766613340968,Dc Fast Charger,Casual Driver,1,1,6.982201235589542,4.7537951510676955,0.598785645681376,0.2567348909273013,2,1,7.400117607329346,3
User_100,Tesla Model 3,100.0,Station_158,New York,2024-01-05 03:00:00,2024-01-05 05:09:00,50.90348235510272,3.6213171012978576,26.13523981227178,28.33888703339029,Night,Sunday,54.44920445667424,60.55781887703402,10.441929226166076,30.044882883320888,7.0,Dc Fast Charger,Commuter,0,1,6.108614420359785,14.056621094258558,0.5567180421115042,0.5090348235510271,3,1,0.20513192306418593,3
User_101,Bmw I3,77.29894528855995,Station_228,San Francisco,2024-01-05 04:00:00,2024-01-05 07:53:00,71.47764853216556,0.6525822262740804,26.13523981227178,11.363775646021429,Morning,Sunday,27.57501003435853,53.788025246062965,197.645675922734,28.97677092966469,3.0,Dc Fast Charger,Casual Driver,0,1,26.213015211704434,109.53048620442415,0.15898362466285712,0.9246911230850141,4,1,2.765139592327128,3
User_102,Tesla Model 3,100.0,Station_405,San Francisco,2024-01-05 05:00:00,2024-01-05 06:12:00,74.15366015953305,4.123064395584728,31.277429485665618,26.00015639782484,Morning,Wednesday,12.95698801764483,52.98996709630494,91.38484095029033,35.79315361674979,0.0,Dc Fast Charger,Long-Distance Traveler,0,0,40.032979078660105,17.985084161902027,0.3506253951846544,0.7415366015953304,5,1,1.2323712781498093,3
User_103,Bmw I3,75.0,Station_126,Chicago,2024-01-05 06:00:00,2024-01-05 08:28:00,46.77551047348464,3.1185084418609943,32.080052394592826,18.58840410649021,Morning,Wednesday,56.731410370149234,77.52375722942914,246.2228512697588,27.26694562215317,4.0,Level 2,Long-Distance Traveler,1,0,20.792346859279903,14.999321420971041,0.3973960715410537,0.6236734729797951,6,1,5.2639265456938995,2
User_104,Nissan Leaf,95.15365777022429,Station_444,New York,2024-01-05 07:00:00,2024-01-05 07:52:00,8.469643800499997,1.9561781679786927,16.0193428037057,31.238397573685155,Night,Thursday,73.56686201603071,84.39953459357244,297.552447455548,22.171767696967564,1.0,Level 2,Long-Distance Traveler,1,0,10.832672577541729,4.329689360172969,3.6882776075944337,0.08901017574072007,7,1,35.13163652029644,2
User_105,Tesla Model 3,85.0,Station_209,New York,2024-01-05 08:00:00,2024-01-05 11:04:00,61.697438669843606,2.5255130370658327,30.7839968181946,22.48712027124098,Evening,Sunday,57.22115431322493,84.2736568755141,208.6484695678,28.312156710460712,6.0,Level 2,Commuter,1,1,27.052502562289177,24.429665483542436,0.3644741298188154,0.7258522196452188,8,1,3.381801158461752,2
User_106,Hyundai Kona,62.0,Station_97,San Francisco,2024-01-05 09:00:00,2024-01-05 12:35:00,41.264155052372864,3.6044547433316194,29.081690927779928,29.01626914537352,Night,Sunday,64.41936676135445,73.23718921497326,268.51527775257875,19.63653156666094,6.0,Dc Fast Charger,Long-Distance Traveler,0,1,8.817822453618803,11.448099085919486,0.7031834072101026,0.6655508879414979,9,1,6.50722830533611,3
User_107,Chevy Bolt,85.0,Station_74,Chicago,2024-01-05 10:00:00,2024-01-05 11:06:00,6.503953233800639,1.487800086413389,35.93476782027548,35.24185936463465,Afternoon,Wednesday,57.34995235816769,67.51829977415198,204.7682813822981,35.95974294747681,6.0,Dc Fast Charger,Long-Distance Traveler,1,0,10.168347415984293,4.371523629548641,5.4185290234691275,0.07651709686824282,10,1,31.48366447626501,3
User_108,Bmw I3,147.39535434081623,Station_115,San Francisco,2024-01-05 11:00:00,2024-01-05 13:43:00,65.89318362199285,3.1462506357761653,24.832132237509622,11.037673144471253,Evening,Tuesday,27.38119597524401,64.70149352773214,74.92331106392334,13.419629558552458,6.0,Level 1,Long-Distance Traveler,0,0,37.32029755248813,20.94339938233729,0.16750857278031506,0.44705061375021865,11,1,1.1370419054834762,1
User_109,Chevy Bolt,50.0,Station_191,San Francisco,2024-01-05 12:00:00,2024-01-05 13:34:00,13.262909019022482,3.069015227098616,47.67047064050836,32.909305411937936,Afternoon,Thursday,24.998949637776327,90.02000106419143,220.6738557070498,31.873334471117047,3.0,Dc Fast Charger,Commuter,0,0,65.02105142641511,4.3215520411610875,2.481303714346331,0.2652581803804496,12,1,16.638420379009293,3
User_110,Chevy Bolt,85.0,Station_495,Los Angeles,2024-01-05 13:00:00,2024-01-05 15:43:00,42.2855347814151,3.292576516552016,49.87870861231868,13.283975908874291,Night,Sunday,56.29416194781305,59.84918721302196,137.13725689509238,0.034127145054283,5.0,Level 1,Long-Distance Traveler,1,1,3.5550252652089114,12.842688565882284,0.3141494125010505,0.49747687978135413,13,1,3.243124572125916,1
User_111,Tesla Model 3,62.0,Station_170,Los Angeles,2024-01-05 14:00:00,2024-01-05 17:27:00,27.42595097070096,0.9111517909550064,32.16501549428347,19.78138635678612,Evening,Tuesday,10.080074326064254,74.64716691235185,216.0702778231308,-4.153203087466903,5.0,Level 1,Long-Distance Traveler,1,0,64.5670925862876,30.10030956747061,0.7212652854925067,0.4423540479145316,14,1,7.878314887019155,1
User_112,Chevy Bolt,100.0,Station_307,Chicago,2024-01-05 15:00:00,2024-01-05 15:51:00,7.358446629421065,2.4307933707665974,11.480485862632262,13.786796355374287,Afternoon,Monday,71.62801502596717,77.48990308717126,166.67396698644544,-7.811348601849324,5.0,Level 2,Commuter,1,0,5.861888061204084,3.027178993457777,1.873601460972882,0.07358446629421066,15,1,22.650699988777212,2
User_113,Hyundai Kona,100.0,Station_448,Houston,2024-01-05 16:00:00,2024-01-05 18:14:00,36.13726899530781,2.4493464545125736,36.3770757935734,7.870917869946003,Night,Sunday,48.61219346503014,95.83119935657344,48.11698069126825,32.30733828974979,1.0,Dc Fast Charger,Casual Driver,0,1,47.2190058915433,14.75384134765011,0.21780610679152293,0.3613726899530781,16,1,1.3315057288229484,3
User_114,Chevy Bolt,85.0,Station_204,Los Angeles,2024-01-05 17:00:00,2024-01-05 18:57:00,29.16952953646135,1.837402025783315,28.504564541418848,9.16414808014515,Evening,Saturday,64.06837901017158,83.78854260869758,241.99817066158312,42.73966105258837,5.0,Dc Fast Charger,Long-Distance Traveler,0,1,19.720163598526,15.87542036372029,0.31416852536788914,0.3431709357230747,17,1,8.296265812552447,3
User_115,Tesla Model 3,85.0,Station_56,Houston,2024-01-05 18:00:00,2024-01-05 21:02:00,43.4453789766191,1.4058899107283944,24.845842089870604,34.67514514166657,Morning,Friday,52.80830822724293,55.70562012448279,38.19901103771869,19.86952895203637,5.0,Level 1,Casual Driver,1,0,2.8973118972398595,30.902404694055992,0.7981319523148277,0.5111221056072834,18,1,0.8792422102768667,1
User_116,Hyundai Kona,100.0,Station_208,New York,2024-01-05 19:00:00,2024-01-05 21:34:00,26.8691096120868,2.463684938333577,12.051836628241116,17.54159529161413,Morning,Monday,28.17984729471636,54.56240134495012,289.5682377266553,7.791379352167198,3.0,Level 1,Long-Distance Traveler,0,0,26.382554050233757,10.906065623090962,0.6528536131217099,0.268691096120868,19,1,10.776994173130172,1
User_117,Nissan Leaf,85.0,Station_41,Los Angeles,2024-01-05 20:00:00,2024-01-05 21:48:00,17.933479173039434,2.7822095659811867,25.58416841581989,25.49744244234459,Morning,Saturday,29.951321951186408,76.87588684727461,104.39786671394216,38.36358111720883,7.0,Dc Fast Charger,Commuter,0,1,46.92456489608821,6.4457686409811945,1.4217789083936683,0.21098210791811098,20,1,5.821395040338311,3
User_118,Chevy Bolt,50.0,Station_32,Los Angeles,2024-01-05 21:00:00,2024-01-05 22:59:00,60.47162634897462,3.1882589503371697,24.845842089870604,15.885705152555932,Afternoon,Saturday,74.53957947778017,79.3651156631053,84.37563038980312,32.8361785835511,2.0,Level 1,Casual Driver,0,1,4.825536185325134,18.96697454345091,0.26269684001686017,1.2094325269794923,21,1,1.3952928916262533,1
User_119,Tesla Model 3,50.0,Station_15,Chicago,2024-01-05 22:00:00,2024-01-06 01:49:00,17.704737472368393,3.462571540834156,19.713679937800947,19.91512428981757,Afternoon,Tuesday,47.80623479100282,79.3715143442941,258.64567065665085,-9.34537521505764,7.0,Dc Fast Charger,Commuter,0,0,31.565279553291276,5.113175934006321,1.1248471953283072,0.35409474944736785,22,1,14.608839643079518,3
User_120,Nissan Leaf,63.09631665342351,Station_62,Houston,2024-01-05 23:00:00,2024-01-06 00:20:00,47.71409590115245,1.1768393082458872,26.13523981227178,15.35252653215444,Night,Wednesday,49.537602623606446,57.93745966356943,214.4674793692331,34.27808118668334,1.0,Dc Fast Charger,Casual Driver,0,0,8.399857039962981,40.544274453469505,0.32176081810204915,0.7562104799751976,23,1,4.494845292962012,3
User_121,Nissan Leaf,85.0,Station_155,Los Angeles,2024-01-06 00:00:00,2024-01-06 03:25:00,71.18526462073517,1.4256525513794889,10.299799723961698,5.138664199481509,Morning,Friday,36.884083700047405,73.96777838001219,276.22249249798386,-4.808919737189906,6.0,Level 1,Commuter,0,0,37.083694679964786,49.93170639778601,0.07218718967836352,0.8374737014204138,0,1,3.8803324532072403,1
User_122,Bmw I3,75.0,Station_284,Los Angeles,2024-01-06 01:00:00,2024-01-06 03:11:00,39.64439031543013,1.9257418407030744,13.798289110981957,6.965265890858126,Afternoon,Wednesday,20.41744853950585,57.50198821454384,132.9596225238148,22.572011579091168,6.0,Level 2,Casual Driver,0,0,37.084539675037995,20.586554997920306,0.1756936059664197,0.5285918708724018,1,1,3.3538067168122176,2
User_123,Hyundai Kona,62.0,Station_209,Chicago,2024-01-06 02:00:00,2024-01-06 05:47:00,24.84871287490711,3.3183683043720347,32.23574667839979,19.91298422854465,Morning,Wednesday,53.92638457958917,60.66782801513298,260.7073136359905,11.203464841549469,3.0,Dc Fast Charger,Casual Driver,1,0,6.741443435543815,7.488232346653112,0.8013688406635062,0.4007856915307599,2,1,10.491783415440388,3
User_124,Chevy Bolt,50.0,Station_320,Chicago,2024-01-06 03:00:00,2024-01-06 05:15:00,7.515940355911836,3.4168695993661142,10.62138589036472,34.76080833534694,Night,Sunday,61.762801965366975,83.20780147452034,126.5918374849966,9.79124268086425,6.0,Level 1,Casual Driver,0,1,21.444999509153362,2.199656772768316,4.624944676151538,0.15031880711823672,3,1,16.843113634533154,1
User_125,Tesla Model 3,75.0,Station_494,Houston,2024-01-06 04:00:00,2024-01-06 07:42:00,64.41904928508166,3.1900131034328947,24.621651183384863,28.99874330581624,Evening,Friday,49.17384524132495,62.34186035083323,230.49427175789185,25.32047569840328,2.0,Level 1,Long-Distance Traveler,0,0,13.168015109508282,20.193976387043005,0.4501578900595767,0.8589206571344221,4,1,3.578045225999173,1
User_126,Bmw I3,85.0,Station_187,New York,2024-01-06 05:00:00,2024-01-06 06:29:00,6.189015903017523,1.2918547116648724,19.715350490851208,20.86311304375001,Afternoon,Friday,34.60022195707441,100.0,275.741904170877,5.7273564896736655,1.0,Level 1,Casual Driver,0,0,65.39977804292559,4.790798723055671,3.3709903756391975,0.07281195180020615,5,1,44.553432806084075,1
User_127,Hyundai Kona,100.0,Station_498,New York,2024-01-06 06:00:00,2024-01-06 07:15:00,37.787903717013286,3.623898268861632,35.9959370444312,29.11760169524477,Afternoon,Monday,61.07474261644202,88.0387594680304,66.00213032071531,-0.3253394685460726,1.0,Dc Fast Charger,Casual Driver,1,0,26.964016851588383,10.427418463069474,0.770553506045246,0.3778790371701329,6,1,1.7466470438527952,3
User_128,Bmw I3,85.0,Station_442,San Francisco,2024-01-06 07:00:00,2024-01-06 08:05:00,9.15123419135714,2.578732446114916,34.04604092712868,27.666128147617115,Evening,Tuesday,50.01990928459148,71.45097036918969,223.09734895995047,-1.09233343769354,1.750299407238911,Dc Fast Charger,Long-Distance Traveler,1,0,21.431061084598213,3.548733489255261,3.0232127786376966,0.10766157872184871,7,1,24.378935594354495,3
User_129,Hyundai Kona,93.27378066607174,Station_130,Los Angeles,2024-01-06 08:00:00,2024-01-06 11:35:00,15.660564019843829,3.14065016250783,7.702187849236843,32.136662930622435,Afternoon,Wednesday,30.88322666455972,51.48089291088871,202.1415517669365,29.539063440210768,2.0,Dc Fast Charger,Long-Distance Traveler,0,0,20.59766624632899,4.986408294306414,2.052075703652908,0.16789888764035427,8,1,12.907680177469897,3
User_130,Hyundai Kona,50.0,Station_127,Houston,2024-01-06 09:00:00,2024-01-06 12:53:00,35.55367093393553,3.536754115192,45.85569719639172,23.36793048019756,Night,Tuesday,74.66057197859945,85.49045253068678,275.57427410790336,26.133406798103643,4.0,Level 1,Commuter,1,0,10.829880552087332,10.052627289303492,0.657257882698497,0.7110734186787105,9,1,7.750937297584965,1
User_131,Chevy Bolt,100.0,Station_292,Los Angeles,2024-01-06 10:00:00,2024-01-06 13:15:00,47.52745876259207,3.80489963875978,14.328175525274112,31.09859147083224,Afternoon,Tuesday,59.93299647263002,81.18398204407661,139.38372692333525,18.979822937317028,3.0,Level 2,Commuter,0,0,21.25098557144659,12.491120206808873,0.6543289349042438,0.4752745876259207,10,1,2.932698918736245,2
User_132,Hyundai Kona,100.0,Station_114,Houston,2024-01-06 11:00:00,2024-01-06 11:40:00,36.616568616352566,3.3580146467574785,27.32114693970443,11.584869228221294,Afternoon,Sunday,56.23715390685432,66.55511783374999,69.23387008131701,24.523038772909203,7.0,Level 2,Long-Distance Traveler,1,1,10.317963926895672,10.904231359356865,0.3163832567054799,0.3661656861635257,11,1,1.8907798490543952,2
User_133,Bmw I3,50.0,Station_199,Houston,2024-01-06 12:00:00,2024-01-06 12:41:00,65.48719595789339,2.0662813799021897,37.57728956063927,31.14502051485556,Evening,Thursday,42.8353512271293,83.70937054043276,102.23907267794996,17.522727671566376,6.0,Dc Fast Charger,Long-Distance Traveler,0,0,40.87401931330346,31.693261428408807,0.47558946538008773,1.309743919157868,12,1,1.56120706013565,3
User_134,Hyundai Kona,85.0,Station_13,Houston,2024-01-06 13:00:00,2024-01-06 16:19:00,33.88719708294054,3.625604853300888,18.604260903972325,24.46832039951016,Night,Monday,40.14074746609202,63.34760037685963,267.8436816447363,-4.160747932993171,2.778246565868397,Dc Fast Charger,Long-Distance Traveler,0,0,23.20685291076761,9.346632756211243,0.7220520581747369,0.39867290685812395,13,1,7.903978632082673,3
User_135,Chevy Bolt,48.46959856054178,Station_271,Los Angeles,2024-01-06 14:00:00,2024-01-06 15:08:00,47.29002739188249,3.294730867342969,15.408979759429108,46.27027201372587,Morning,Wednesday,28.20501289429486,50.64036663152135,277.49342012825457,7.122847043805255,7.0,Dc Fast Charger,Long-Distance Traveler,0,0,22.435353737226492,14.353229230531799,0.9784361432124765,0.9756636901544392,14,1,5.867905675518542,3
User_136,Chevy Bolt,100.0,Station_89,Chicago,2024-01-06 15:00:00,2024-01-06 18:48:00,48.48756787108178,0.5639379356338684,16.75976742648834,7.600448838257698,Morning,Saturday,35.889037420116495,90.8523127201585,103.91165064214256,0.5341116925185432,7.0,Level 2,Long-Distance Traveler,0,1,54.963275300042,85.98032657012436,0.1567504655722409,0.48487567871081777,15,1,2.1430575960918836,2
User_137,Bmw I3,75.0,Station_215,Los Angeles,2024-01-06 16:00:00,2024-01-06 18:48:00,15.010165946159637,0.6486756832113033,13.762568583983876,13.72612322820337,Evening,Friday,77.85782098101181,84.23618039725056,220.2005623988468,19.98563673169685,6.0,Level 2,Commuter,1,0,6.378359416238752,23.139708077002386,0.9144551284401496,0.20013554594879515,16,1,14.670095133437568,2
User_138,Nissan Leaf,85.0,Station_444,Houston,2024-01-06 17:00:00,2024-01-06 18:05:00,30.06513890238722,1.2674299555740305,35.87112112811267,35.03863444597721,Night,Friday,13.948323455933185,93.59847436377936,122.76475966549545,33.018171296489285,1.0,Dc Fast Charger,Long-Distance Traveler,0,0,79.65015090784618,23.72134157802073,1.1654240001929639,0.35370751649867316,17,1,4.083292615546431,3
User_139,Nissan Leaf,85.0,Station_278,San Francisco,2024-01-06 18:00:00,2024-01-06 19:21:00,74.10645011572457,2.9654194045690128,32.29091083148934,25.66318431642069,Evening,Tuesday,33.43975255292256,86.90439983944351,179.58852665574395,14.12322245819798,4.0,Level 1,Long-Distance Traveler,0,0,53.46464728652095,24.990208805386512,0.34630162794662384,0.8718405895967597,18,1,2.423385904672247,1
User_140,Hyundai Kona,62.0,Station_447,New York,2024-01-06 19:00:00,2024-01-06 20:00:00,66.15159678916712,3.062344294379421,50.170585945493926,36.2987122525585,Evening,Monday,56.12136492778178,75.48580234398966,46.81290396293951,32.292746117918185,1.0,Level 2,Commuter,1,0,19.364437416207885,21.601619684168345,0.5487201218777341,1.0669612385349534,19,1,0.7076609822758733,2
User_141,Tesla Model 3,100.0,Station_474,Houston,2024-01-06 20:00:00,2024-01-06 21:02:00,47.37743937319623,1.2995270359925628,48.1603346331429,28.11485498505232,Morning,Monday,23.63676231573029,68.05817011355497,132.9596225238148,8.51163039714243,4.0,Dc Fast Charger,Casual Driver,0,0,44.42140779782467,36.45744802608891,0.5934228476045138,0.47377439373196234,20,1,2.80639106466857,3
User_142,Hyundai Kona,62.0,Station_481,San Francisco,2024-01-06 21:00:00,2024-01-06 23:50:00,45.99296137212069,2.845705702692192,30.60352809932764,23.61328030935336,Night,Wednesday,34.86960937739784,77.63659352947695,108.66064519821856,3.849914000702734,6.0,Level 2,Commuter,0,0,42.76698415207911,16.16223396839977,0.513410739489084,0.7418219576148498,21,1,2.36254944140398,2
User_143,Bmw I3,75.0,Station_203,Chicago,2024-01-06 22:00:00,2024-01-07 00:55:00,48.28787199679972,2.0735530968912244,34.388042437016395,30.23675880605472,Night,Wednesday,61.8669056122019,92.68815020624268,208.7545777010332,-8.036309429298335,6.0,Level 1,Commuter,0,0,30.821244594040785,23.287502051042406,0.6261770824785706,0.643838293290663,22,1,4.323126471898957,1
User_144,Bmw I3,50.0,Station_74,Houston,2024-01-06 23:00:00,2024-01-07 02:18:00,78.69341922441535,2.8560625647309243,36.56255636850435,7.639601311112014,Evening,Tuesday,38.19062072851722,82.43448922749442,17.241597203507894,12.737924554170815,7.0,Level 1,Long-Distance Traveler,0,0,44.24386849897721,27.553114625774743,0.09708056132782394,1.573868384488307,23,1,0.21909833596553815,1
User_145,Bmw I3,93.09486955069778,Station_25,San Francisco,2024-01-07 00:00:00,2024-01-07 01:27:00,68.03002486170053,1.5169722905210936,16.395516801190116,18.969875801989456,Morning,Tuesday,50.70024741009175,60.745990617404885,148.08643232831258,34.79282128606109,0.0,Level 2,Casual Driver,0,0,10.045743207313137,44.845924534542156,0.27884563970913817,0.730760193231192,0,1,2.1767805116837775,2
User_146,Bmw I3,85.0,Station_101,Houston,2024-01-07 01:00:00,2024-01-07 04:33:00,40.24838259933458,3.635489899529857,33.732264264339975,17.2431150816409,Night,Tuesday,45.02731340187831,77.80287971223682,28.45468192760388,38.96813600946469,6.0,Dc Fast Charger,Commuter,0,0,32.775566310358506,11.070965320118072,0.42841759017481557,0.4735103835215833,1,1,0.7069770283905598,3
User_147,Bmw I3,100.0,Station_176,Los Angeles,2024-01-07 02:00:00,2024-01-07 05:01:00,74.28073484499863,1.0613444684528497,41.34180124259758,12.886505421507136,Evening,Thursday,66.00513379945605,82.71272303828141,35.47986919070103,4.761855467358831,7.0,Level 2,Casual Driver,0,0,16.707589238825364,69.98739528296562,0.1734838171485159,0.7428073484499863,2,1,0.47764564075378035,2
User_148,Chevy Bolt,85.0,Station_427,San Francisco,2024-01-07 03:00:00,2024-01-07 06:50:00,40.24838259933458,3.8843298731684666,38.870129190378194,20.261989068125345,Afternoon,Monday,20.218355153539143,99.52824374458474,246.41021206902943,7.464952137455482,1.0,Dc Fast Charger,Commuter,0,0,79.30988859104559,10.361731344537889,0.5034236846193251,0.4735103835215833,3,1,6.122238861670513,3
User_149,Nissan Leaf,50.0,Station_117,Los Angeles,2024-01-07 04:00:00,2024-01-07 06:37:00,74.94807969154884,2.0192284141917014,43.62020158698581,31.584446122739152,Morning,Tuesday,62.454642722835686,72.33754266978394,127.91083055401364,12.264703196884788,5.0,Level 2,Long-Distance Traveler,1,0,9.882899946948257,37.11718751815931,0.4214176834513429,1.4989615938309768,4,1,1.7066592110222791,2
User_150,Bmw I3,100.0,Station_166,Los Angeles,2024-01-07 05:00:00,2024-01-07 06:00:00,52.884130298910776,1.2769826575664145,35.525961628694056,7.953494180330694,Night,Sunday,30.59535960979457,76.02826980706824,186.8140685808714,19.18928092352464,0.0,Level 1,Commuter,0,1,45.43291019727367,41.41335043632754,0.15039472400086928,0.5288413029891078,5,1,3.5325166080062984,1
User_151,Tesla Model 3,50.0,Station_41,San Francisco,2024-01-07 06:00:00,2024-01-07 07:24:00,34.96988837156509,2.4966027035075133,19.6515444967108,16.52800213755549,Night,Monday,36.732618067770495,69.40761440444862,249.0598375990517,9.598491187054968,4.0,Level 2,Commuter,0,0,32.67499633667813,14.006989707427373,0.4726352558504256,0.6993977674313018,6,1,7.122122751800621,2
User_152,Tesla Model 3,85.0,Station_429,New York,2024-01-07 07:00:00,2024-01-07 07:39:00,55.91756316726556,2.553216595405557,6.638807142566019,25.57187248069589,Night,Saturday,46.86961641870514,67.95937767082825,179.0935734839093,15.16931484091992,6.0,Dc Fast Charger,Commuter,0,1,21.089761252123104,21.90083021859081,0.45731378537013573,0.6578536843207713,7,1,3.202814345614253,3
User_153,Tesla Model 3,62.0,Station_344,San Francisco,2024-01-07 08:00:00,2024-01-07 11:37:00,76.59801205371735,3.32083538932119,31.59720483051509,19.34114104000848,Morning,Friday,69.31359126903999,92.69136039163782,290.9884769869868,31.24889263000149,3.0,Dc Fast Charger,Casual Driver,0,0,23.377769122597826,23.065886463398208,0.25250186684276804,1.2354518073180218,8,1,3.798903772893215,3
User_154,Tesla Model 3,100.0,Station_424,New York,2024-01-07 09:00:00,2024-01-07 11:39:00,20.25597516487363,1.3517035922154306,3.0234852824803093,31.88608393393438,Evening,Friday,79.64988507290505,88.23701957020575,32.00803709196611,36.54506397911559,0.0,Level 1,Casual Driver,0,0,8.587134497300696,14.985515523913241,1.574156942551391,0.2025597516487363,9,1,1.5801775442276416,1
User_155,Chevy Bolt,50.0,Station_366,Houston,2024-01-07 10:00:00,2024-01-07 10:44:00,56.06879094629386,3.254362544448932,28.16853365416375,7.964297405534403,Afternoon,Monday,55.82273779293016,75.63146823991906,219.43189705655263,7.109435812188849,4.0,Dc Fast Charger,Long-Distance Traveler,1,0,19.808730446988896,17.228809077197667,0.14204510693235917,1.1213758189258771,10,1,3.9136192051428043,3
User_156,Tesla Model 3,62.0,Station_120,Houston,2024-01-07 11:00:00,2024-01-07 11:32:00,65.04979561439833,3.436820245282369,22.5594518061318,20.79767963203312,Night,Saturday,80.0421189827712,83.5872819190941,188.0781767225488,25.34429384752454,3.0,Dc Fast Charger,Casual Driver,1,1,3.545162936322896,18.92731972342471,0.3197193693784596,1.0491902518451344,11,1,2.891295429080779,3
User_157,Bmw I3,85.0,Station_97,San Francisco,2024-01-07 12:00:00,2024-01-07 13:12:00,42.2855347814151,2.7191063741176174,9.952338390426377,11.75449370757777,Morning,Friday,20.15540252711544,87.84398762403399,81.38711340929943,37.84252106086522,3.0,Level 1,Casual Driver,0,0,67.68858509691854,15.551261688001178,0.27797907176389747,0.49747687978135413,12,1,1.9247034199758979,1
User_158,Hyundai Kona,50.8706170770115,Station_145,Houston,2024-01-07 13:00:00,2024-01-07 16:08:00,23.57128153810389,0.8419612388537623,49.78371903386572,21.99640804730698,Night,Friday,51.0715257268038,79.00243296681866,267.3473926242877,-3.0896176819195844,3.0,Dc Fast Charger,Casual Driver,0,0,27.93090724001486,27.995684896603553,0.9331867684728525,0.4633574918586113,13,1,11.342081345560711,3
User_159,Tesla Model 3,62.0,Station_216,Chicago,2024-01-07 14:00:00,2024-01-07 17:47:00,40.24838259933458,1.992542783523512,21.740189778197774,8.610343126829836,Evening,Friday,45.19283551297715,52.93614671871657,56.90417362243817,38.5866480011926,3.0,Dc Fast Charger,Long-Distance Traveler,0,0,7.743311205739424,20.199507349177907,0.21393016490983638,0.64916746127959,14,1,1.4138251017167323,3
User_160,Chevy Bolt,100.0,Station_229,Los Angeles,2024-01-07 15:00:00,2024-01-07 16:36:00,41.08911136063269,5.2203593752244375,7.854182226306737,37.37059590319564,Afternoon,Wednesday,10.714395070146608,64.15980029037753,35.4390247539194,-2.5608008235031585,6.644424525023004,Level 2,Long-Distance Traveler,0,0,53.445405220230924,7.870935391084289,0.9095011954675724,0.4108911136063269,15,1,0.862491876324037,2
User_161,Chevy Bolt,58.01213069644658,Station_313,Los Angeles,2024-01-07 16:00:00,2024-01-07 17:25:00,48.99847458311938,3.7364814721594968,2.5609434336711026,15.92953470474863,Night,Saturday,15.600515432835518,98.00224205841444,85.0972668232422,15.56371033278488,6.0,Level 2,Long-Distance Traveler,0,1,82.40172662557892,13.1135333998594,0.32510266575189595,0.8446246327256635,16,1,1.7367329809193555,2
User_162,Tesla Model 3,85.0,Station_130,New York,2024-01-07 17:00:00,2024-01-07 18:32:00,10.2776080929522,2.361618351806849,45.68669179564876,7.053679429922485,Morning,Wednesday,27.840014483078228,52.20550797473095,39.27594025704913,35.09405876525552,1.8034882416338545,Level 2,Long-Distance Traveler,0,0,24.36549349165272,4.351934378003504,0.6863152755123537,0.12091303638767294,17,1,3.8215059284058848,2
User_163,Hyundai Kona,85.0,Station_352,Houston,2024-01-07 18:00:00,2024-01-07 21:52:00,45.57396766460627,3.265855665654016,11.089826996423842,34.02915242344273,Evening,Monday,45.70606019537613,87.23241204777877,217.5899277259296,-9.09046835864223,1.0,Level 2,Commuter,0,0,41.526351852402634,13.954679058200108,0.7466796104713636,0.5361643254659562,18,1,4.774434592292798,2
User_164,Tesla Model 3,62.0,Station_377,New York,2024-01-07 19:00:00,2024-01-07 19:44:00,69.1055463943984,3.275193659758267,22.98621553783393,9.357435457424016,Afternoon,Monday,58.58472327585143,62.96258203508435,101.37507173794312,1.4966651775801347,1.0,Level 2,Long-Distance Traveler,0,0,4.377858759232922,21.099682514498667,0.13540787889903025,1.1146055870064258,19,1,1.4669599913062903,2
User_165,Chevy Bolt,102.94949428309206,Station_318,Los Angeles,2024-01-07 20:00:00,2024-01-07 22:18:00,37.76450274178449,3.397770136981499,32.73315159147063,26.220411528647283,Morning,Thursday,64.64710567138641,74.68253406178292,156.41701742038052,2.2243935279919054,6.0,Level 2,Long-Distance Traveler,1,0,10.035428390396504,11.114496042788112,0.6943136973874606,0.36682552939929064,20,1,4.141905918631707,2
User_166,Nissan Leaf,85.0,Station_472,Los Angeles,2024-01-07 21:00:00,2024-01-07 23:25:00,14.495687027174723,2.546129258443054,21.24491493482296,30.87446728481199,Night,Wednesday,30.75797031727749,56.511397317926814,119.35663296927396,-5.598798540488655,0.6749470227894747,Level 2,Commuter,0,0,25.753427000649324,5.693225109882586,2.1299071390636644,0.1705374944373497,21,1,8.233941085063364,2
User_167,Bmw I3,75.0,Station_137,Houston,2024-01-07 22:00:00,2024-01-08 00:01:00,54.64087910335184,3.2496621390652534,19.70948849251112,18.84386067263988,Morning,Monday,27.017063596143707,85.53675893440291,130.55196295061603,12.629501276977535,5.0,Level 1,Commuter,0,0,58.519695338259204,16.81432615609356,0.34486745055834833,0.7285450547113579,22,1,2.389272740353981,1
User_168,Chevy Bolt,75.0,Station_324,Chicago,2024-01-07 23:00:00,2024-01-08 01:47:00,67.89119052685948,3.0072916928991527,9.68468697592609,11.33027693232195,Afternoon,Wednesday,64.31430157283006,77.58261619096179,32.89268076447516,16.317675470507673,6.0,Level 2,Casual Driver,0,0,13.268314618131726,22.575525575774652,0.16688876486617812,0.9052158736914596,23,1,0.4844911469251961,2
User_169,Tesla Model 3,100.0,Station_337,Chicago,2024-01-08 00:00:00,2024-01-08 03:15:00,22.742594390832505,1.030563727656758,29.635980652736865,8.22905361534547,Evening,Thursday,76.22513954753002,85.77858051012342,280.9779275184948,-2.910447928547496,4.0,Dc Fast Charger,Casual Driver,0,0,9.553440962593399,22.068110666521736,0.3618344272394263,0.22742594390832505,0,1,12.354699850416207,3
User_170,Bmw I3,85.0,Station_273,Houston,2024-01-08 01:00:00,2024-01-08 02:16:00,56.01783153828373,1.0409740232745897,37.85307847614943,14.577098745750815,Evening,Monday,18.037296920680053,61.93129743563027,14.723649268668742,11.492756176546411,7.0,Level 1,Long-Distance Traveler,0,0,43.89400051495022,53.81290050069507,0.2602224746202203,0.6590333122151028,1,1,0.26283861521141355,1
User_171,Tesla Model 3,85.0,Station_117,Houston,2024-01-08 02:00:00,2024-01-08 03:26:00,127.75747441174424,0.9845492206293912,9.286497700383908,20.34244787321107,Night,Monday,27.64544589095541,90.29992272783537,103.95782513502562,18.405333154548053,1.0,Level 2,Casual Driver,0,0,62.65447683687995,129.7624046973222,0.15922706649358334,1.5030291107264029,2,1,0.8137122748684298,2
User_172,Tesla Model 3,100.0,Station_306,New York,2024-01-08 03:00:00,2024-01-08 04:19:00,13.87716708884735,0.5212915882023574,9.913419024012205,26.91381758017875,Night,Monday,40.79935581886868,71.37903684865236,136.27861262043376,24.759622240779493,5.0,Level 2,Commuter,0,0,30.57968102978368,26.620738571097846,1.9394316871639135,0.1387716708884735,3,1,9.820348184029337,2
User_173,Nissan Leaf,75.0,Station_368,Houston,2024-01-08 04:00:00,2024-01-08 05:40:00,40.24838259933458,3.473821821725668,32.59959954238724,37.20674099184738,Night,Monday,68.79319057276534,75.66889916419906,62.41285142986092,27.90141336477093,7.0,Dc Fast Charger,Casual Driver,0,0,6.875708591433721,11.586196605599262,0.9244282276441715,0.5366451013244611,4,1,1.5506921619974061,3
User_174,Bmw I3,100.0,Station_94,Chicago,2024-01-08 05:00:00,2024-01-08 07:52:00,47.82436784944839,2.0468743813136925,6.082778486824532,35.98941824714308,Night,Tuesday,61.57804690727161,97.96189523417006,90.11434022451289,7.166868100746985,2.0,Level 1,Casual Driver,0,0,36.383848326898445,23.36458372142726,0.7525330676704006,0.4782436784944839,5,1,1.8842766622277949,1
User_175,Bmw I3,50.0,Station_168,Houston,2024-01-08 06:00:00,2024-01-08 08:55:00,71.14274635725945,1.7251361548508353,14.829910982037749,37.01632786110325,Afternoon,Saturday,73.16017408923142,75.75484663014795,150.27002206227104,17.424867055261124,5.0,Dc Fast Charger,Long-Distance Traveler,0,1,2.594672540916534,41.23891679924292,0.5203106396148577,1.4228549271451891,6,1,2.112232515000981,3
User_176,Nissan Leaf,85.0,Station_442,New York,2024-01-08 07:00:00,2024-01-08 08:51:00,6.08863208957066,3.284946614350205,4.86831209228205,9.194135634723237,Night,Saturday,14.453311424346262,61.79033242153907,54.81602107095647,6.170556621368309,2.0,Dc Fast Charger,Commuter,0,1,47.33702099719281,1.8534949892252819,1.5100494658680488,0.07163096575965482,7,1,9.003010900404366,3
User_177,Chevy Bolt,50.0,Station_203,New York,2024-01-08 08:00:00,2024-01-08 10:25:00,33.098691426112154,2.1821725676582537,16.68689597092782,36.52395919006641,Morning,Wednesday,53.57201503044119,79.50472573051596,174.4298990075216,-7.868909513351654,7.690884188241246,Level 1,Commuter,1,0,25.932710700074765,15.167769917312828,1.103486501017741,0.6619738285222431,8,1,5.269993812199799,1
User_178,Tesla Model 3,95.69778086899464,Station_341,New York,2024-01-08 09:00:00,2024-01-08 11:14:00,78.83314651875263,2.921583661643124,8.424644632127169,23.304729691666346,Afternoon,Wednesday,12.48227539344258,78.60859386438283,118.69508311078516,4.7608097846417365,0.0,Dc Fast Charger,Casual Driver,0,0,66.12631847094025,26.983018680497477,0.2956209503336604,0.8237719391494686,9,1,1.505649442554602,3
User_179,Hyundai Kona,100.0,Station_149,New York,2024-01-08 10:00:00,2024-01-08 11:57:00,63.23651609867501,0.8358451423130647,5.255799991325633,39.69535324151392,Afternoon,Wednesday,31.1091900831936,50.163546266562506,132.9596225238148,30.790815038255943,2.0,Level 1,Casual Driver,0,0,19.054356183368906,75.65577987769157,0.6277283394229501,0.6323651609867501,10,1,2.102576655493529,1
User_180,Tesla Model 3,50.0,Station_402,San Francisco,2024-01-08 11:00:00,2024-01-08 11:31:00,50.16138087841768,3.984418263508884,29.087280550451776,8.85476100282171,Night,Thursday,62.13327965500456,95.39612687084605,42.3760557461259,18.459977606948577,7.0,Dc Fast Charger,Casual Driver,0,0,33.26284721584149,12.589386344756633,0.17652546336960073,1.0032276175683537,11,1,0.8447944415413516,3
User_181,Tesla Model 3,50.0,Station_183,Houston,2024-01-08 12:00:00,2024-01-08 14:13:00,21.82050636814289,0.8566172610118857,97.34225469987976,13.099598265236915,Afternoon,Sunday,76.89957102666605,78.27386156073143,240.7952117834277,10.336000341653476,5.0,Level 1,Long-Distance Traveler,1,1,1.3742905340653806,25.472877282868723,0.6003342930832178,0.4364101273628578,12,1,11.035271488244634,1
User_182,Chevy Bolt,50.0,Station_413,Los Angeles,2024-01-08 13:00:00,2024-01-08 14:53:00,61.00032235899777,3.026524839632501,5.720465260145438,20.41637758424997,Morning,Tuesday,44.94524692565111,66.19582006310851,232.32103894174472,27.54479108480832,6.0,Level 2,Casual Driver,0,0,21.2505731374574,20.15523598557506,0.33469294578635095,1.2200064471799554,13,1,3.8085214955831543,2
User_183,Tesla Model 3,62.0,Station_152,Houston,2024-01-08 14:00:00,2024-01-08 15:12:00,47.3146093849059,0.9689769691243776,10.16337295016612,25.92447734982421,Afternoon,Sunday,40.48798796741036,98.82353364240996,260.6613918475854,23.72798354443762,5.0,Level 1,Casual Driver,0,1,58.335545674999594,48.8294468212821,0.5479169687089189,0.7631388610468693,14,1,5.509110087480516,1
User_184,Nissan Leaf,62.0,Station_74,San Francisco,2024-01-08 15:00:00,2024-01-08 18:03:00,33.78434419301355,1.3501018281867616,48.76808403617098,22.90123735146312,Afternoon,Wednesday,60.262717131547085,86.09789965116842,59.09157048745929,50.0,5.0,Dc Fast Charger,Long-Distance Traveler,1,0,25.835182519621334,25.023552659274017,0.6778653810956315,0.5449087773066702,15,1,1.7490814724673318,3
User_185,Nissan Leaf,62.0,Station_365,New York,2024-01-08 16:00:00,2024-01-08 17:40:00,47.84104322110981,1.6133875984291093,36.24955021074656,11.345953332431115,Morning,Wednesday,55.66092887509634,61.58201871582799,258.70299390699824,31.422924496983995,6.0,Dc Fast Charger,Commuter,1,0,5.9210898407316535,29.652541811831647,0.23715940473941685,0.7716297293727388,16,1,5.407553357717037,3
User_186,Bmw I3,50.0,Station_401,San Francisco,2024-01-08 17:00:00,2024-01-08 20:15:00,10.640152157210183,3.0806034583458395,19.167160983415208,6.499435839088151,Morning,Monday,66.57606983592258,69.15765779890351,81.3072735238919,20.623514072810465,6.0,Level 2,Long-Distance Traveler,0,0,2.581587962980933,3.453918136845668,0.6108404976787742,0.21280304314420367,17,1,7.641551767546379,2
User_187,Hyundai Kona,102.83943000886534,Station_274,Chicago,2024-01-08 18:00:00,2024-01-08 20:03:00,72.2378188219246,3.4982855553220924,14.435905055127744,24.32684779791282,Afternoon,Sunday,83.20544452415145,83.20627214536134,131.28616502411475,3.8602092828471406,2.0,Level 2,Casual Driver,1,1,0.0008276212098934366,20.649491780917113,0.3367605527775082,0.702433092206922,18,1,1.8174159625133728,2
User_188,Tesla Model 3,85.0,Station_42,Chicago,2024-01-08 19:00:00,2024-01-08 20:11:00,36.15792621947456,3.1018270774146552,46.32809897435823,37.206419105466765,Evening,Monday,12.666303598100477,86.88327763624466,87.12429821035957,28.730037319439177,2.0,Level 2,Casual Driver,0,0,74.21697403814417,11.656976780798452,1.028997594597322,0.425387367287936,19,1,2.4095490897770198,2
User_189,Tesla Model 3,50.0,Station_496,Houston,2024-01-08 20:00:00,2024-01-08 22:42:00,63.62653233247981,2.0400221150977345,9.986771923019903,35.02872011996518,Afternoon,Sunday,41.006080032057206,71.25331650755305,161.19607009381224,5.098606887092302,1.0,Level 1,Commuter,0,1,30.247236475495846,31.18913852040842,0.5505363695906442,1.2725306466495963,20,1,2.5334725025007456,1
User_190,Chevy Bolt,50.0,Station_212,Houston,2024-01-08 21:00:00,2024-01-08 23:48:00,8.349591228417406,2.3126750622410013,47.48218948900026,19.75286860317101,Morning,Sunday,43.32205190716476,62.97068755428872,311.63040806348147,3.0496907704113987,5.0,Level 1,Long-Distance Traveler,0,1,19.64863564712396,3.610360731060326,2.3657288198664306,0.16699182456834813,21,1,37.322834081130026,1
User_191,Nissan Leaf,100.0,Station_101,Los Angeles,2024-01-08 22:00:00,2024-01-08 23:34:00,65.83154346501938,3.705617221578461,7.253633663105521,7.453842745350879,Morning,Monday,58.357343749655485,82.15451672743453,65.28637656297002,-7.430016353044407,0.0,Level 1,Casual Driver,1,0,23.79717297777904,17.765338276622508,0.11322600615177122,0.6583154346501938,22,1,0.9917187586169988,1
User_192,Hyundai Kona,100.0,Station_45,Los Angeles,2024-01-08 23:00:00,2024-01-09 00:03:00,55.18877391493572,1.4145057611789325,24.845842089870604,23.68340999904207,Morning,Wednesday,68.12881245845041,100.0,249.04941432468289,30.69927933386612,0.0,Level 1,Commuter,1,0,31.871187541549588,39.01629489931391,0.42913455616075274,0.5518877391493572,23,1,4.512682501491172,1
User_193,Bmw I3,85.0,Station_82,Chicago,2024-01-09 00:00:00,2024-01-09 02:29:00,55.97943470013186,1.106862482944654,13.79927221343662,31.52986270848626,Evening,Monday,2.3259589947386745,71.03902179038346,67.87474828378124,11.442580470841843,5.0,Level 1,Casual Driver,0,0,68.71306279564479,50.574877695019836,0.5632401055384718,0.6585815847074337,0,1,1.2124943498870553,1
User_194,Nissan Leaf,62.0,Station_17,New York,2024-01-09 01:00:00,2024-01-09 01:30:00,38.50773758511891,0.9764775412267896,15.809921563951589,38.188529965592856,Morning,Wednesday,37.91329561411469,57.53677417403917,252.97342956956808,21.38432172230572,3.0,Dc Fast Charger,Commuter,0,0,19.62347855992448,39.43535407556842,0.9917105589799851,0.6210925416954663,1,1,6.569418133443606,3
User_195,Bmw I3,85.0,Station_73,San Francisco,2024-01-09 02:00:00,2024-01-09 04:39:00,13.105812024979125,0.5690623348394185,14.554415345938793,28.93465228460907,Night,Sunday,12.044342771950358,91.06953924455011,201.5628074107787,1.85665782275348,7.0,Dc Fast Charger,Casual Driver,0,1,79.02519647259976,23.03053852382868,2.2077725691060457,0.1541860238232838,2,1,15.379650419722829,3
User_196,Chevy Bolt,75.0,Station_14,Los Angeles,2024-01-09 03:00:00,2024-01-09 05:57:00,7.81642400450342,3.457199297563886,5.098121574412684,32.271706903198776,Night,Thursday,50.10285103642811,70.54794124013175,50.3088063995774,29.88259210872053,6.0,Dc Fast Charger,Casual Driver,1,0,20.445090203703636,2.2609121811436386,4.1287047484380945,0.10421898672671227,3,1,6.4362944449523285,3
User_197,Chevy Bolt,50.0,Station_433,Los Angeles,2024-01-09 04:00:00,2024-01-09 05:30:00,52.50980894268295,2.76432358740617,17.12970237970592,43.15651392509583,Evening,Thursday,30.475116614130098,90.93210942692164,152.25751528544956,-7.432249212044663,0.0,Level 1,Commuter,0,0,60.45699281279154,18.995536261351422,0.8218752799539472,1.0501961788536591,4,1,2.8996013954582494,1
User_198,Tesla Model 3,85.0,Station_157,New York,2024-01-09 05:00:00,2024-01-09 07:58:00,12.128018048871455,0.9802518418740852,32.09970635847218,31.071893918945783,Morning,Friday,47.72203883616639,62.35988112699489,212.5522238689407,-1.2061704606006334,3.0,Level 2,Commuter,0,0,14.637842290828502,12.372349156401093,2.5619927175023545,0.14268256528084064,5,1,17.525717970770934,2
User_199,Hyundai Kona,75.0,Station_223,New York,2024-01-09 06:00:00,2024-01-09 07:57:00,28.98835178470727,3.275752116632101,26.13523981227178,8.690730198272519,Morning,Tuesday,39.673892812718094,60.73040958658508,195.95558163078329,7.186570885386455,3.0,Dc Fast Charger,Casual Driver,0,0,21.05651677386699,8.849372831821922,0.2998007704203897,0.38651135712943024,6,1,6.759804182249477,3
User_200,Bmw I3,62.0,Station_132,Houston,2024-01-09 07:00:00,2024-01-09 08:37:00,13.485195325551771,2.6653684817410275,29.8731055066718,27.32232283114741,Night,Monday,52.65258829558403,82.88645336185421,161.19607009381224,-5.680662911301151,1.0,Dc Fast Charger,Commuter,1,0,30.233865066270177,5.059411266371394,2.02609767018925,0.21750315041212534,7,1,11.953558417383666,3
User_201,Nissan Leaf,62.0,Station_338,San Francisco,2024-01-09 08:00:00,2024-01-09 10:36:00,80.72941928487083,2.8771910937329785,36.78209781352172,12.94572889437292,Night,Saturday,70.51514965068588,92.974862548274,211.63387445848247,4.741180801072689,4.0,Level 1,Casual Driver,0,1,22.45971289758812,28.058414145905537,0.16035949482915487,1.3020874078204971,8,1,2.621521080334885,1
User_202,Chevy Bolt,85.0,Station_404,New York,2024-01-09 09:00:00,2024-01-09 11:49:00,53.58667286183268,3.445384636919679,6.927506568259337,7.441371986211872,Afternoon,Monday,58.07325463341602,92.2658239799593,101.95047923302448,7.377646953805616,6.455612284469378,Level 1,Casual Driver,0,0,34.19256934654327,15.553175772485435,0.13886609466123467,0.6304314454333256,9,1,1.9025342270435885,1
User_203,Tesla Model 3,62.0,Station_376,Los Angeles,2024-01-09 10:00:00,2024-01-09 10:51:00,72.82858509991425,0.5991352514145969,47.52616641750279,36.357574432816,Evening,Tuesday,65.98785609743817,81.71875949449374,186.72370699503512,-8.817659946490982,2.0,Level 1,Long-Distance Traveler,1,0,15.73090339705557,121.55616770664265,0.499221210777838,1.1746545983857137,10,1,2.5638793715251644,1
User_204,Tesla Model 3,85.0,Station_376,Los Angeles,2024-01-09 11:00:00,2024-01-09 13:57:00,64.23213303009759,2.822449218454964,29.92814716211848,5.935357648581118,Afternoon,Sunday,64.34112879801057,69.29221386285269,268.9329205281117,3.945102536091081,0.0,Dc Fast Charger,Casual Driver,1,1,4.951085064842118,22.757586783176517,0.09240480377321358,0.7556721532952657,11,1,4.186890701607191,3
User_205,Bmw I3,100.0,Station_47,Chicago,2024-01-09 12:00:00,2024-01-09 13:51:00,17.854873424356434,2.505005630664888,48.38467691618706,38.49605367651061,Evening,Tuesday,43.82063366672827,58.45469784758049,268.9717585141519,19.26489439702416,2.0076405888800446,Level 2,Casual Driver,0,0,14.63406418085222,7.127677960395373,2.1560530148590606,0.17854873424356435,12,1,15.064332976297576,2
User_206,Chevy Bolt,62.0,Station_107,New York,2024-01-09 13:00:00,2024-01-09 15:38:00,63.85425613845187,3.887300863600527,37.22881554336963,8.31768400532211,Morning,Sunday,17.58200971130968,74.04968197104762,128.3524660979024,28.166794014649128,3.28111664348826,Level 1,Commuter,0,1,56.46767225973794,16.42637356330281,0.13026044790635893,1.0299073570718045,13,1,2.0100847439143665,1
User_207,Hyundai Kona,85.0,Station_108,Houston,2024-01-09 14:00:00,2024-01-09 14:59:00,70.99471727287802,0.7763584975843215,12.561412323109137,13.170142015527924,Morning,Friday,68.05110317943193,72.89524752521268,189.3786646114632,4.756515891650823,7.0,Level 1,Long-Distance Traveler,1,0,4.844144345780748,91.44579146590351,0.18550876067168012,0.835231967916212,14,1,2.6675036099314275,1
User_208,Chevy Bolt,85.0,Station_265,San Francisco,2024-01-09 15:00:00,2024-01-09 17:35:00,62.24807114091579,3.432085658312173,18.589472298830444,15.584684463947925,Evening,Tuesday,78.60469650901624,99.52158491419787,102.9238174711238,20.80867427065733,6.0,Level 2,Commuter,0,0,20.916888405181638,18.137097187582455,0.25036413463587753,0.7323302487166563,15,1,1.653445891329342,2
User_209,Bmw I3,89.03206382512313,Station_205,Houston,2024-01-09 16:00:00,2024-01-09 18:06:00,78.64289917152071,0.6089750827569935,34.823950999988426,31.44978443865144,Afternoon,Wednesday,50.72443430796444,74.3486809069066,161.19607009381224,21.9585410958577,6.0,Level 2,Commuter,1,0,23.624246598942158,129.13976515341682,0.3999062187427659,0.8833098525716664,16,1,2.049721866716059,2
User_210,Bmw I3,85.0,Station_79,Los Angeles,2024-01-09 17:00:00,2024-01-09 17:53:00,6.961875674256488,2.4227759300549403,22.672767380865302,26.223704452170736,Night,Monday,16.340813424043915,78.75846708787853,86.56483570911978,29.56154848251917,1.0,Level 2,Casual Driver,0,0,62.417653663834614,2.873511985938632,3.7667585115230264,0.08190441969713515,17,1,12.43412547989299,2
User_211,Chevy Bolt,85.0,Station_155,Houston,2024-01-09 18:00:00,2024-01-09 18:43:00,75.18617180833594,3.623184645772829,53.174782799295336,14.735387089264703,Evening,Tuesday,17.16005127164052,64.31018702277949,150.0470023654809,24.92336832058132,5.0,Level 1,Casual Driver,0,0,47.15013575113897,20.75140495421774,0.19598533526654408,0.8845431977451287,18,1,1.995672857875776,1
User_212,Bmw I3,50.0,Station_271,Los Angeles,2024-01-09 19:00:00,2024-01-09 20:05:00,1.7545202338044217,0.7973944310128724,8.430755655329502,22.724395745775627,Evening,Wednesday,27.118106851125184,78.96915418957035,65.88939460451076,25.93608210131172,2.0,Level 1,Casual Driver,0,0,51.85104733844516,2.200316638248629,12.95191432275539,0.035090404676088434,19,1,37.55408078802215,1
User_213,Chevy Bolt,81.65318205107059,Station_476,Los Angeles,2024-01-09 20:00:00,2024-01-09 23:46:00,73.61433544405698,3.665318917813474,3.855782923246637,14.124802364781267,Evening,Tuesday,46.807860636393485,86.59530628854822,162.06302022181248,33.860787696770295,7.0,Dc Fast Charger,Commuter,0,0,39.78744565215473,20.084019179420054,0.19187570300781123,0.9015488875622061,20,1,2.201514409445044,3
User_214,Nissan Leaf,62.0,Station_485,Los Angeles,2024-01-09 21:00:00,2024-01-10 00:52:00,6.377874090357831,0.9035194095926008,33.84247374666808,27.80226589384772,Morning,Saturday,46.18102100188867,99.01491659931033,169.11197877085093,-2.96053409263979,2.0,Dc Fast Charger,Commuter,0,1,52.83389559742165,7.058923164952959,4.359174467849658,0.10286893694125533,21,1,26.515415070127684,3
User_215,Chevy Bolt,62.0,Station_247,Los Angeles,2024-01-09 22:00:00,2024-01-09 22:53:00,51.16182197500394,1.2866745067137464,15.002975608272422,39.81658730574488,Evening,Wednesday,44.27162791405269,90.6684743156528,35.45627590442558,31.91759861502804,1.8880374825335764,Dc Fast Charger,Casual Driver,0,0,46.396846401600115,39.762831786940964,0.7782480327850329,0.8251906770161925,22,1,0.6930221508090233,3
User_216,Chevy Bolt,75.0,Station_19,Los Angeles,2024-01-09 23:00:00,2024-01-10 02:37:00,28.22969163134975,1.2186895776866975,23.437410108212934,36.34122452156407,Morning,Thursday,61.78774867645628,65.21596737627195,91.120578890523,24.32145836328824,7.0,Dc Fast Charger,Commuter,0,0,3.428218699815666,23.163972309449814,1.2873404710240006,0.37639588841799665,23,1,3.2278276390852043,3
User_217,Bmw I3,62.0,Station_346,Chicago,2024-01-10 00:00:00,2024-01-10 02:04:00,67.9228322505551,3.7045719493020433,41.74355879617509,32.176284256677015,Night,Wednesday,63.5820676829891,89.93768114083636,157.0245513686409,14.333455387594256,5.0,Dc Fast Charger,Long-Distance Traveler,0,0,26.355613457847262,18.334866532515868,0.4737182356881776,1.0955295524283082,0,1,2.3118080646196497,3
User_218,Bmw I3,75.0,Station_436,Houston,2024-01-10 01:00:00,2024-01-10 02:24:00,15.273666673214588,2.865108393074641,5.370384189809226,7.629495457533647,Night,Friday,85.1364391530881,86.95322411290303,113.66850091386252,6.864161791222809,6.0,Dc Fast Charger,Long-Distance Traveler,1,0,1.8167849598149246,5.330921060485227,0.4995195731823508,0.20364888897619451,1,1,7.442122664180097,3
User_219,Tesla Model 3,85.0,Station_26,Chicago,2024-01-10 02:00:00,2024-01-10 05:54:00,50.643736597993126,2.2291425495078623,29.633681436250622,38.2479912410639,Afternoon,Sunday,31.570698858788976,70.648329638232,195.0011483657776,6.434361447340734,3.0,Level 1,Long-Distance Traveler,0,1,39.07763077944303,22.718931370797247,0.7552363591311223,0.5958086658587427,2,1,3.850449462560094,1
User_220,Tesla Model 3,50.0,Station_217,Chicago,2024-01-10 03:00:00,2024-01-10 06:57:00,52.05474164868848,2.9356092518749914,5.231316128591093,24.996145252514456,Morning,Wednesday,64.3699636659729,74.86887756150331,153.9736061677818,4.820141443330831,4.0,Dc Fast Charger,Commuter,1,0,10.498913895530407,17.73217658836604,0.48018959389349375,1.0410948329737695,3,1,2.9579170175683926,3
User_221,Nissan Leaf,75.0,Station_154,New York,2024-01-10 04:00:00,2024-01-10 04:53:00,57.89799819019454,0.6055648002739363,15.380881327116466,28.13582401987055,Night,Tuesday,58.602148974027074,77.23174936981644,266.68767329950504,15.72519594516674,7.0,Level 1,Long-Distance Traveler,0,0,18.629600395789367,95.60991352866533,0.4859550398866046,0.7719733092025939,4,1,4.606163971739365,1
User_222,Tesla Model 3,75.0,Station_154,New York,2024-01-10 05:00:00,2024-01-10 08:54:00,30.900798344474765,0.670877146738795,40.564403928383314,14.437265222737816,Night,Thursday,24.83449931237853,61.27901236228131,13.013883737820478,33.50586024036359,4.0,Level 1,Casual Driver,0,0,36.44451304990278,46.060293594269574,0.46721334063264675,0.41201064459299686,5,1,0.4211504050071714,1
User_223,Chevy Bolt,46.53791149668031,Station_174,New York,2024-01-10 06:00:00,2024-01-10 09:01:00,35.348377133007446,3.133547022568186,5.497144232704208,12.653463874163384,Afternoon,Thursday,41.20931818354145,98.92265741071633,219.15322185379577,-8.72042463752484,4.0,Level 2,Casual Driver,0,0,57.71333922717488,11.280627633293562,0.35796449230332245,0.7595608826478806,6,1,6.1998099949305985,2
User_224,Bmw I3,75.0,Station_92,San Francisco,2024-01-10 07:00:00,2024-01-10 10:31:00,11.92593792090742,2.7490297053158925,49.422736981543714,25.985848179105503,Afternoon,Wednesday,29.33302482996651,88.4323917824992,192.1750239264356,-3.3573743979983828,0.0,Level 1,Casual Driver,0,0,59.099366952532684,4.338235377320888,2.1789353886833154,0.15901250561209895,7,1,16.114038593940073,1
User_225,Tesla Model 3,62.0,Station_433,New York,2024-01-10 08:00:00,2024-01-10 08:55:00,55.46412783572684,0.5844647254239376,20.98803214685549,16.65159816255771,Afternoon,Tuesday,55.02318043298529,78.79166882079036,90.39683722641682,15.922714753612713,3.0,Level 1,Long-Distance Traveler,1,0,23.76848838780507,94.89730589899384,0.3002228433461762,0.8945827070278523,8,1,1.6298252718253023,1
User_226,Tesla Model 3,50.0,Station_338,Houston,2024-01-10 09:00:00,2024-01-10 12:43:00,44.15948700741327,3.976851392100341,23.75243531899124,5.550200360620744,Morning,Thursday,81.45214550820731,89.29358320332949,33.56494022873299,-5.3327737761469285,7.0,Level 1,Long-Distance Traveler,0,0,7.841437695122181,11.104133057406202,0.12568534502425277,0.8831897401482653,9,1,0.7600844688956256,1
User_227,Nissan Leaf,100.0,Station_480,Chicago,2024-01-10 10:00:00,2024-01-10 11:49:00,65.24475504703462,0.8786516820801358,46.96981830114844,24.75285105214664,Evening,Saturday,27.08090944968201,55.747611123683306,95.656561543192,20.42707195075063,4.0,Level 2,Commuter,0,1,28.666701674001295,74.25553991153014,0.37938453496074026,0.6524475504703462,10,1,1.4661187933686572,2
User_228,Nissan Leaf,50.0,Station_181,Houston,2024-01-10 11:00:00,2024-01-10 14:15:00,20.46478094414017,3.6470085095575575,18.59949061237613,7.674183154955661,Morning,Wednesday,18.13415171447935,56.11481331797653,62.929956055320496,25.428088214299088,7.0,Level 1,Casual Driver,0,0,37.980661603497175,5.611388317441268,0.374994639615386,0.4092956188828034,11,1,3.0750368756495137,1
User_229,Chevy Bolt,27.03325783096455,Station_131,New York,2024-01-10 12:00:00,2024-01-10 13:34:00,49.186728304534114,1.9125631476780167,32.363055163721626,9.11960717963013,Afternoon,Wednesday,64.42180951726422,99.60357752482555,120.40180324743277,2.803936969439522,5.0,Level 2,Commuter,0,0,35.18176800756133,25.71770159027177,0.18540788326410132,1.819489482625155,12,1,2.447851430613122,2
User_230,Bmw I3,85.0,Station_450,San Francisco,2024-01-10 13:00:00,2024-01-10 14:44:00,32.64266713861244,0.5606409011449397,29.199086932973444,5.781509069368416,Evening,Sunday,51.557809348746055,73.55094550093412,183.594068681762,29.9393328525626,0.0,Dc Fast Charger,Long-Distance Traveler,0,1,21.993136152188065,58.22384180667099,0.1771150943278642,0.3840313781013228,13,1,5.624358692938783,3
User_231,Nissan Leaf,85.0,Station_481,San Francisco,2024-01-10 14:00:00,2024-01-10 17:28:00,66.62370004100543,1.229144212048145,45.5056750420217,22.33792167220327,Night,Wednesday,62.39013910651081,79.43489768071959,286.07209886520354,-0.9762473847444576,0.0,Level 1,Commuter,0,0,17.044758574208778,54.20332243194569,0.33528491600518684,0.7838082357765346,14,1,4.2938488659310785,1
User_232,Tesla Model 3,62.0,Station_298,Chicago,2024-01-10 15:00:00,2024-01-10 18:12:00,33.365508790480845,0.6112620234429819,10.19694664940403,35.95601164461796,Morning,Thursday,26.84932307942894,99.63756366259756,244.0527884423648,26.87389732837409,0.0,Dc Fast Charger,Casual Driver,0,0,72.78824058316862,54.584625759256184,1.0776401424118605,0.5381533675884007,15,1,7.31452320942856,3
User_233,Bmw I3,120.510632768573,Station_275,Houston,2024-01-10 16:00:00,2024-01-10 17:12:00,68.82528250979368,2.465336095706008,16.93561005158484,33.86154812607529,Afternoon,Monday,55.33183817144085,70.75160734375731,139.0348046627528,-1.96611908491008,0.0,Level 1,Commuter,1,0,15.419769172316464,27.917200672829118,0.49199286790078733,0.5711137758438696,16,1,2.0201123713944575,1
User_234,Bmw I3,75.0,Station_273,Los Angeles,2024-01-10 17:00:00,2024-01-10 17:58:00,65.89172326762375,0.7389305304942535,36.4930549563118,9.144724290639385,Afternoon,Tuesday,18.87132185953369,65.01723141258057,77.26928192967245,11.729181747951497,5.0,Level 2,Commuter,0,0,46.14590955304688,89.1717428748685,0.13878411182991013,0.8785563102349833,17,1,1.1726705282215486,2
User_235,Tesla Model 3,62.0,Station_492,Houston,2024-01-10 18:00:00,2024-01-10 21:14:00,40.24838259933458,2.1684917614988493,41.52667160468071,9.084707242086369,Evening,Friday,18.855647655655325,98.32393364522612,139.22221781498155,1.565003653899847,3.0,Dc Fast Charger,Long-Distance Traveler,0,0,79.4682859895708,18.560542084566247,0.22571608237088672,0.64916746127959,18,1,3.4590760876260225,3
User_236,Nissan Leaf,75.0,Station_417,New York,2024-01-10 19:00:00,2024-01-10 20:50:00,12.669821074783703,2.816823552679627,18.718296489912422,32.17861799697764,Morning,Friday,35.91735462644321,67.07789382329932,296.13166242421204,29.403022298145444,3.0,Level 1,Long-Distance Traveler,0,0,31.160539196856107,4.497910798399488,2.539784722060646,0.16893094766378272,19,1,23.372994825759015,1
User_237,Tesla Model 3,50.0,Station_76,Los Angeles,2024-01-10 20:00:00,2024-01-10 23:35:00,25.35411411775736,0.6133138204604283,16.880572186148093,19.33324015410662,Night,Tuesday,67.4333705105874,72.40240860746698,73.38219447318042,2.9761661488567217,0.0,Level 1,Long-Distance Traveler,1,0,4.969038096879586,41.339544735390874,0.7625287187835966,0.5070822823551472,20,1,2.8942914010860843,1
User_238,Bmw I3,100.0,Station_177,San Francisco,2024-01-10 21:00:00,2024-01-10 22:23:00,37.928111661586094,1.7132415118711748,25.857794702299618,36.205450901625895,Night,Monday,35.54534803333886,87.9370445474593,69.64107368111117,-1.326875184102846,2.0,Level 2,Long-Distance Traveler,0,0,52.39169651412043,22.138216590468684,0.9545808983233688,0.37928111661586095,21,1,1.8361334279566632,2
User_239,Hyundai Kona,75.0,Station_184,Chicago,2024-01-10 22:00:00,2024-01-10 23:08:00,42.2855347814151,0.6885174005928376,30.00441035855156,23.490223679490818,Evening,Sunday,32.64110424647579,60.21991718310399,111.1895587063957,-8.60920022011333,6.0,Level 1,Casual Driver,0,1,27.578812936628196,61.41534657658001,0.555514404652037,0.563807130418868,22,1,2.6294939695374167,1
User_240,Hyundai Kona,50.0,Station_319,Chicago,2024-01-10 23:00:00,2024-01-11 00:11:00,31.877190174337137,1.3839409159301177,23.4663558449473,38.28944612935822,Evening,Sunday,68.8236838416409,92.8371241203629,249.7635288631293,38.18867276301532,6.0,Dc Fast Charger,Casual Driver,0,1,24.013440278722,23.03363518442776,1.2011549926437146,0.6375438034867428,23,1,7.8351801867469,3
User_241,Chevy Bolt,50.0,Station_131,San Francisco,2024-01-11 00:00:00,2024-01-11 03:05:00,29.582840438091417,3.20387178644321,37.183765395523466,16.67307135359608,Night,Sunday,24.74394127464653,80.60437845117377,248.9240907783052,5.7985721096451375,5.0,Level 2,Commuter,0,1,55.86043717652724,9.233465759543678,0.5636061685316573,0.5916568087618284,0,1,8.414475658591117,2
User_242,Tesla Model 3,100.0,Station_363,New York,2024-01-11 01:00:00,2024-01-11 01:58:00,37.50977747998428,3.518061326092396,6.341781289968012,23.230268834617416,Evening,Sunday,31.204338559110987,76.03450437720255,203.72896600535708,30.128829937288288,1.0,Dc Fast Charger,Casual Driver,0,1,44.830165818091565,10.662059015795322,0.6193123605442181,0.3750977747998428,1,1,5.431356294077447,3
User_243,Tesla Model 3,62.0,Station_49,San Francisco,2024-01-11 02:00:00,2024-01-11 05:20:00,7.849721866582429,2.556263536975257,26.13523981227178,25.9504490812044,Evening,Tuesday,85.15241978349388,89.85040927390602,26.36280787105247,39.56907374252949,3.0,Dc Fast Charger,Commuter,1,0,4.697989490412141,3.0707795784900753,3.3059068234862914,0.12660841720294239,2,1,3.358438466881652,3
User_244,Chevy Bolt,100.0,Station_55,New York,2024-01-11 03:00:00,2024-01-11 05:40:00,66.52076448264908,0.2066308831427136,15.099483913288104,34.74007813074269,Morning,Wednesday,19.50529978121177,63.48592020479546,123.5700602552102,-6.756693664930932,3.969244032327296,Level 1,Long-Distance Traveler,0,0,43.98062042358369,321.93040784085133,0.5222441203273318,0.6652076448264909,3,1,1.8576163580838212,1
User_245,Chevy Bolt,100.0,Station_154,Los Angeles,2024-01-11 04:00:00,2024-01-11 06:47:00,42.2855347814151,2.009360269130969,74.61279366196828,7.892927162643737,Evening,Saturday,77.0156633853816,82.21735478489595,206.7145921284448,27.408689648904428,2.0,Level 1,Commuter,1,1,5.2016913995143454,21.044277340918676,0.18665785364769122,0.422855347814151,4,1,4.888541511819731,1
User_246,Chevy Bolt,62.0,Station_355,San Francisco,2024-01-11 05:00:00,2024-01-11 08:36:00,29.84062267463912,3.4738635759039367,14.03909939573777,9.062227772773593,Afternoon,Tuesday,17.26238082837486,53.65651198727304,195.47378637535544,19.17667043576218,7.0,Level 2,Commuter,0,0,36.39413115889818,8.590038734285722,0.30368762312977393,0.4813003657199858,5,1,6.550593414442529,2
User_247,Bmw I3,100.0,Station_200,New York,2024-01-11 06:00:00,2024-01-11 08:51:00,59.781219876480165,3.83954484305295,28.461752587529453,13.52412910726733,Afternoon,Tuesday,69.18586552693499,72.52185208494849,134.38465833280895,18.12959243719743,6.0,Level 2,Casual Driver,1,0,3.335986558013502,15.569871513454215,0.2262270514922723,0.5978121987648016,6,1,2.2479410525659107,2
User_248,Tesla Model 3,94.82402915199084,Station_308,Los Angeles,2024-01-11 07:00:00,2024-01-11 10:53:00,76.3581979165499,2.9748362665638908,10.894668580638834,68.93168828909299,Afternoon,Saturday,64.03368551301674,80.67885938684184,213.49060791189896,36.46750890918337,5.0,Level 2,Commuter,1,1,16.6451738738251,25.668033825857606,0.9027411616553187,0.8052621112962562,7,1,2.7959094601108565,2
User_249,Bmw I3,100.0,Station_356,San Francisco,2024-01-11 08:00:00,2024-01-11 11:24:00,60.41010374511423,1.7089707006187953,48.78868465608588,17.898531567126007,Evening,Thursday,77.00681784966234,82.5309652201098,99.5425833068634,12.8704939724941,2.0,Dc Fast Charger,Casual Driver,0,0,5.524147370447466,35.348823548139556,0.2962837415847607,0.6041010374511423,8,1,1.6477803734100371,3
User_250,Chevy Bolt,85.0,Station_373,Chicago,2024-01-11 09:00:00,2024-01-11 10:11:00,44.78548903983442,3.4306460183858127,35.39040522700007,36.90895524974596,Night,Friday,20.08304245350331,76.26295568732958,283.9026933704645,10.649007273572316,6.0,Dc Fast Charger,Commuter,0,0,56.17991323382627,13.05453515163505,0.8241275475839355,0.5268881063509931,9,1,6.3391669814735625,3
User_251,Tesla Model 3,75.0,Station_118,San Francisco,2024-01-11 10:00:00,2024-01-11 12:03:00,22.22767365216008,3.382077828663508,26.13523981227178,27.52374174000058,Afternoon,Friday,30.81465368656276,57.707547332155606,227.54225711573105,0.5105196978449662,1.0,Dc Fast Charger,Casual Driver,0,0,26.892893645592846,6.572194602908878,1.2382646142245222,0.2963689820288011,10,1,10.236890314143087,3
User_252,Bmw I3,100.0,Station_263,Houston,2024-01-11 11:00:00,2024-01-11 14:09:00,22.275712407676338,2.3128773289248614,18.209034298086348,24.41374839022287,Morning,Wednesday,59.25917190505719,83.64021009068946,114.54068138039771,21.749940963028862,3.0,Dc Fast Charger,Long-Distance Traveler,1,0,24.381038185632278,9.631168989853508,1.0959805883384341,0.22275712407676337,11,1,5.141953679601571,3
User_253,Bmw I3,85.0,Station_46,San Francisco,2024-01-11 12:00:00,2024-01-11 13:01:00,29.01396645530415,2.525432775511763,43.00986974325926,12.291979377235393,Evening,Saturday,70.2479743817307,92.49814391459218,199.63810211952105,1.081182964677044,3.0,Level 1,Casual Driver,0,1,22.250169532861477,11.488710662442658,0.4236573236606969,0.34134078182710764,12,1,6.88075870036806,1
User_254,Chevy Bolt,75.0,Station_302,Houston,2024-01-11 13:00:00,2024-01-11 16:19:00,61.1175287370132,2.710755712940239,28.40157855499124,20.04094214431461,Night,Sunday,28.71589130188672,52.96116985862483,172.6673987833455,-3.13350858069093,1.0,Level 2,Long-Distance Traveler,0,1,24.245278556738107,22.546306347436108,0.3279082541205184,0.814900383160176,13,1,2.8251698383671218,2
User_255,Tesla Model 3,62.0,Station_356,Los Angeles,2024-01-11 14:00:00,2024-01-11 17:09:00,65.55092159002764,3.575625485920728,12.163397213863936,24.209287058524577,Night,Sunday,47.91062986753904,97.30684588616212,153.22096912222145,28.69465694892421,3.0,Level 1,Casual Driver,0,1,49.39621601862308,18.332714611230653,0.3693203157376749,1.0572729288714136,14,1,2.337434248148407,1
User_256,Chevy Bolt,50.0,Station_400,San Francisco,2024-01-11 15:00:00,2024-01-11 15:55:00,76.57976765251057,0.6246182928077807,10.566450938160475,36.69399042773479,Evening,Wednesday,47.05893885898729,71.88986244683487,33.627512610082235,16.467568637658097,0.0,Level 1,Long-Distance Traveler,0,0,24.83092358784758,122.60250545700418,0.47916037815938484,1.5315953530502113,15,1,0.43911745413842085,1
User_257,Tesla Model 3,50.0,Station_408,Los Angeles,2024-01-11 16:00:00,2024-01-11 18:24:00,37.09360176408391,0.8530870981871089,23.61922632717278,19.54237559378936,Evening,Thursday,53.29568233519604,53.70511180037988,180.1478561199578,14.726961210694782,7.0,Dc Fast Charger,Long-Distance Traveler,1,0,0.40942946518384105,43.48161148247504,0.5268395266137617,0.7418720352816781,16,1,4.856574922696964,3
User_258,Hyundai Kona,100.0,Station_189,Los Angeles,2024-01-11 17:00:00,2024-01-11 19:38:00,56.35798687093989,3.2109261461579206,25.857794702299618,35.070840181419015,Morning,Wednesday,25.435919395008497,68.9325735626183,233.91395835681303,5.855527430630384,0.0,Level 2,Casual Driver,0,0,43.496654167609805,17.55194118630721,0.6222869575120105,0.5635798687093989,17,1,4.1505023749779655,2
User_259,Nissan Leaf,85.0,Station_310,New York,2024-01-11 18:00:00,2024-01-11 19:25:00,6.35451648199704,1.0468543998817086,4.1099254234670255,10.033691933756808,Evening,Saturday,47.20053057698689,85.12774934813254,40.66318958677064,-0.2307267692579131,5.0,Dc Fast Charger,Long-Distance Traveler,0,1,37.92721877114565,6.070105339114094,1.5789859011591563,0.0747590174352593,18,1,6.399100498357884,3
User_260,Nissan Leaf,62.0,Station_318,Los Angeles,2024-01-11 19:00:00,2024-01-11 21:31:00,60.5227294924313,3.078528492754888,14.16343771987751,22.67035545405996,Evening,Saturday,25.511673150670305,64.2138773845328,219.1154065223597,-8.823314271075386,4.0,Dc Fast Charger,Commuter,0,1,38.70220423386249,19.659629473908563,0.374575893126152,0.9761730563295371,19,1,3.6203821004100827,3
User_261,Nissan Leaf,50.0,Station_129,Los Angeles,2024-01-11 20:00:00,2024-01-11 22:15:00,49.62151165856079,3.7314884549610063,28.549558653249434,12.88187848788364,Night,Monday,43.90988048725574,98.38860809649242,260.68516578515363,11.257475676219034,6.0,Level 2,Commuter,0,0,54.47872760923668,13.29804775158532,0.25960270167749383,0.9924302331712158,20,1,5.253470865194405,2
User_262,Chevy Bolt,100.0,Station_49,San Francisco,2024-01-11 21:00:00,2024-01-11 23:39:00,54.126087254300025,1.2533145623700643,13.61905213687039,31.93611568727565,Afternoon,Thursday,69.63478802892779,88.99147530915221,175.20621010666332,-9.824642409465277,7.0,Level 2,Long-Distance Traveler,0,0,19.35668728022442,43.18635471046118,0.5900318553829789,0.5412608725430003,21,1,3.2370012131764456,2
User_263,Hyundai Kona,45.38021848237455,Station_25,San Francisco,2024-01-11 22:00:00,2024-01-11 23:50:00,13.088994842173186,3.2392925386945284,36.475808205118085,36.612367720166375,Afternoon,Saturday,16.78109281796508,91.514782480147,233.5717408705568,-1.3963983233364257,3.0,Level 1,Long-Distance Traveler,0,1,74.73368966218192,4.040695517870145,2.797187114949429,0.28842952457923676,22,1,17.844895172391748,1
User_264,Tesla Model 3,75.0,Station_266,Chicago,2024-01-11 23:00:00,2024-01-12 02:07:00,7.424244899456774,1.9106242112713985,15.10098677368136,36.54430877511558,Night,Saturday,59.94103454253771,61.36425981247116,157.31824017266305,22.18491184921536,5.0,Dc Fast Charger,Long-Distance Traveler,1,1,1.4232252699334538,3.885769297624682,4.9222930102682225,0.09898993199275698,23,1,21.1897967137606,3
User_265,Bmw I3,143.475209744922,Station_118,New York,2024-01-12 00:00:00,2024-01-12 02:29:00,47.08633600039671,3.310831015582224,5.130814495751761,31.220198328832527,Evening,Thursday,76.40260687177562,85.1884767115091,35.083629466205295,13.410154828640618,7.0,Dc Fast Charger,Casual Driver,1,0,8.78586983973348,14.221908571832193,0.6630415738563623,0.3281844723148295,0,1,0.7450915158467566,3
User_266,Tesla Model 3,100.0,Station_464,Los Angeles,2024-01-12 01:00:00,2024-01-12 04:48:00,40.24838259933458,0.5047879452723788,26.13523981227178,23.5995334142819,Morning,Sunday,48.53777632106408,78.14309336406694,269.4965675176712,-5.887922835563272,6.0,Dc Fast Charger,Commuter,0,1,29.605317043002863,79.73324833978937,0.586347373240088,0.4024838259933458,1,1,6.695835959433728,3
User_267,Bmw I3,85.0,Station_144,New York,2024-01-12 02:00:00,2024-01-12 03:21:00,56.82135247009669,0.8652131466394621,21.269704738274807,15.832813556678106,Afternoon,Tuesday,17.451240723590125,53.8501746253108,263.7448790437271,39.80240624595091,2.0,Level 2,Long-Distance Traveler,0,0,36.398933901720675,65.67324212628311,0.2786419694077226,0.6684864996481964,2,1,4.6416508509284045,2
User_268,Tesla Model 3,75.0,Station_442,Houston,2024-01-12 03:00:00,2024-01-12 05:00:00,36.53187940069507,2.65165086059227,5.092837673638758,32.239952816246024,Evening,Sunday,75.52594738649499,80.02092861263984,97.7257585439812,11.301642472241197,7.0,Dc Fast Charger,Long-Distance Traveler,1,1,4.494981226144844,13.77703224192017,0.8825155821474823,0.4870917253426009,3,1,2.6750816039900163,3
User_269,Hyundai Kona,100.0,Station_200,Los Angeles,2024-01-12 04:00:00,2024-01-12 06:46:00,58.151062888392886,1.9862538995816736,34.96509713846357,25.39160380117886,Afternoon,Tuesday,17.46097583271432,82.1311377474008,236.8331846408309,35.589301174461674,7.0,Dc Fast Charger,Casual Driver,0,0,64.67016191468647,29.276752030865804,0.43664900588166367,0.5815106288839289,4,1,4.072723229416731,3
User_270,Bmw I3,10.189286767076991,Station_157,New York,2024-01-12 05:00:00,2024-01-12 05:51:00,63.59427153371392,3.333555447833435,28.59630646268833,5.08639760450986,Night,Monday,18.284235370776763,63.02512257270325,149.95694947215446,2.79084416712824,4.0,Dc Fast Charger,Commuter,0,0,44.74088720192649,19.077010275933915,0.07998200909988178,6.2412878337270765,5,1,2.358026058882617,3
User_271,Chevy Bolt,85.0,Station_487,Chicago,2024-01-12 06:00:00,2024-01-12 07:03:00,55.415049767383415,2.314931146241422,30.64392047525133,36.42534261797,Afternoon,Sunday,64.80813651303754,88.07089504158922,176.932958126598,-8.428028851272648,5.0,Dc Fast Charger,Long-Distance Traveler,1,1,23.262758528551686,23.93809848615006,0.6573185943326445,0.6519417619692166,6,1,3.1928683429738336,3
User_272,Tesla Model 3,50.0,Station_348,Chicago,2024-01-12 07:00:00,2024-01-12 09:19:00,12.919879701960571,3.3808345310347176,9.137049424320672,11.496514174723869,Night,Saturday,48.08341175551522,71.15874257165281,188.60188052087443,-2.4119193043412395,4.0,Level 1,Commuter,0,1,23.075330816137587,3.821506075899666,0.8898313637532779,0.2583975940392114,7,1,14.597804691033957,1
User_273,Tesla Model 3,75.0,Station_134,Los Angeles,2024-01-12 08:00:00,2024-01-12 09:18:00,70.24471717977453,3.372738572105164,31.88182227346866,18.52782019102173,Night,Thursday,72.54929506897906,91.90178009240871,34.52241141897322,7.136485621670332,4.0,Level 2,Casual Driver,0,0,19.35248502342965,20.827204859797313,0.2637610475903008,0.9365962290636604,8,1,0.49145918447676823,2
User_274,Bmw I3,50.0,Station_400,Houston,2024-01-12 09:00:00,2024-01-12 11:38:00,47.904097938603606,1.161237733936936,22.06190557198344,35.041753477710785,Night,Thursday,48.97534202307546,75.49040404239132,32.237616796183886,-2.996197814862219,5.0,Level 1,Commuter,0,0,26.515062019315856,41.25261911374055,0.7314980343147705,0.9580819587720721,9,1,0.6729615666179812,1
User_275,Chevy Bolt,62.0,Station_148,Chicago,2024-01-12 10:00:00,2024-01-12 11:42:00,59.14827213488981,3.878900409409207,14.880153191426595,32.074788131830786,Morning,Tuesday,40.00389357145608,57.348292050427055,157.31824017266305,-1.864065534475797,3.0,Level 2,Long-Distance Traveler,0,0,17.344398478970973,15.248721516905004,0.542277685790771,0.9540043892724163,10,1,2.6597267256411654,2
User_276,Chevy Bolt,75.0,Station_336,Chicago,2024-01-12 11:00:00,2024-01-12 12:53:00,6.462698570789017,3.465256587160052,5.335241682956592,37.459128650518615,Evening,Sunday,88.22102307710995,91.9433182882198,157.31824017266305,38.41183429848204,4.0,Dc Fast Charger,Long-Distance Traveler,0,1,3.722295211109852,1.864998567417923,5.796205445791866,0.0861693142771869,11,1,24.342500032994174,3
User_277,Hyundai Kona,100.0,Station_71,Houston,2024-01-12 12:00:00,2024-01-12 13:22:00,79.0022597060318,3.893154871495159,26.97742286397169,11.287504381096449,Night,Friday,22.533751566678475,93.29783009724342,39.74600722869755,7.684356808228177,3.0,Level 2,Commuter,0,0,70.76407853056494,20.292606462812284,0.14287571549342218,0.790022597060318,12,1,0.5030996249549423,2
User_278,Chevy Bolt,78.38373535705672,Station_233,New York,2024-01-12 13:00:00,2024-01-12 15:09:00,19.9168777203513,2.8051787813708304,32.21173098849586,10.47101094196362,Night,Friday,43.909979474757165,80.05854643034127,205.64398874700493,10.384842627463474,7.0,Level 1,Casual Driver,0,0,36.1485669555841,7.1000386330522405,0.5257355640268965,0.2540945213905046,13,1,10.325111778784255,1
User_279,Chevy Bolt,62.0,Station_334,Chicago,2024-01-12 14:00:00,2024-01-12 16:33:00,73.22951284506478,3.5163531165106763,23.618123845206853,16.971085913292708,Afternoon,Saturday,14.078141077494076,60.688775546796165,132.9596225238148,35.833595456858994,5.0,Dc Fast Charger,Casual Driver,0,1,46.61063446930209,20.82541497360521,0.23175199798473678,1.1811211749203996,14,1,1.8156562478453722,3
User_280,Chevy Bolt,75.0,Station_299,San Francisco,2024-01-12 15:00:00,2024-01-12 18:17:00,15.058971703234262,3.216985824064025,14.767890758738712,15.670141677233,Evening,Tuesday,49.868120868150704,82.17964274236235,68.52318394687728,28.05657767890564,1.0,Level 1,Casual Driver,0,0,32.31152187421164,4.681081150743223,1.0405851067418816,0.20078628937645682,15,1,4.550322910306043,1
User_281,Nissan Leaf,62.0,Station_154,Chicago,2024-01-12 16:00:00,2024-01-12 17:14:00,12.132557803938544,2.6746900749995723,40.19690033842815,34.86909527633074,Morning,Saturday,32.07190535374782,77.49195605753643,92.1158672426987,25.20350172835021,7.0,Level 1,Casual Driver,0,1,45.420050703788604,4.536061174841158,2.8740102326165156,0.19568641619255717,16,1,7.592452369177709,1
User_282,Hyundai Kona,100.0,Station_90,New York,2024-01-12 17:00:00,2024-01-12 20:45:00,30.53308100745638,2.3000050341363685,19.021088745685933,35.1572818174008,Morning,Wednesday,52.91050286219491,67.2187408202672,132.6046017612942,2.33111516426541,6.0,Level 1,Long-Distance Traveler,0,0,14.30823795807229,13.275223555726383,1.151448876345468,0.3053308100745638,17,1,4.342981362703334,1
User_283,Tesla Model 3,50.0,Station_334,New York,2024-01-12 18:00:00,2024-01-12 20:46:00,20.3535460696326,2.424679354945065,11.161935288902695,26.165414187154088,Afternoon,Thursday,82.33383444970028,100.0,116.18408209840142,2.770322016701208,1.0,Level 2,Commuter,1,0,17.666165550299723,8.394324811700201,1.2855457273950297,0.407070921392652,18,1,5.708296809849148,2
User_284,Bmw I3,50.0,Station_199,Los Angeles,2024-01-12 19:00:00,2024-01-12 21:14:00,6.479430984738162,2.1335036284136573,24.845842089870604,37.20859060029821,Morning,Sunday,52.61626456413691,83.35374544109871,77.79797005629807,26.616977601831,0.0,Level 1,Long-Distance Traveler,0,1,30.737480876961797,3.0369908438149085,5.742570711523959,0.12958861969476324,19,1,12.006913915673405,1
User_285,Tesla Model 3,100.0,Station_161,San Francisco,2024-01-12 20:00:00,2024-01-12 22:59:00,14.018823992805098,1.8272416718247204,6.291013587854589,25.54354523038557,Afternoon,Sunday,58.996115876586,90.81351987157448,22.54047724398696,33.28195603093967,7.51530869035586,Level 2,Commuter,0,1,31.81740399498848,7.672123621614658,1.822089017131203,0.140188239928051,20,1,1.6078721906741567,2
User_286,Hyundai Kona,85.0,Station_26,New York,2024-01-12 21:00:00,2024-01-12 23:55:00,61.83012083767203,1.3995197521599705,49.15968568228321,8.02178413780609,Evening,Saturday,36.84689681505471,92.67951284722466,80.99732070598944,-2.341554226023669,0.0,Level 1,Commuter,0,1,55.832616032169945,44.17952711438731,0.1297390985029186,0.7274131863255533,21,1,1.3099977746871743,1
User_287,Bmw I3,75.0,Station_121,Houston,2024-01-12 22:00:00,2024-01-13 01:53:00,51.62169093377357,1.303555581123807,43.16138737357078,28.15164637395491,Afternoon,Monday,22.787479040018432,58.6624943861943,185.95215211232087,7.936964700801351,7.0,Level 1,Casual Driver,0,0,35.875015346175864,39.60068268763043,0.5453452970006578,0.6882892124503143,22,1,3.602209628330121,1
User_288,Hyundai Kona,100.0,Station_301,San Francisco,2024-01-12 23:00:00,2024-01-13 01:15:00,13.319017315610488,0.8912958968406132,21.63010653590449,9.96972720755874,Afternoon,Sunday,81.55932358998332,100.0,87.30415654223266,38.77143808328196,7.0,Level 2,Casual Driver,0,1,18.44067641001668,14.943429407475746,0.748533241703483,0.13319017315610487,23,1,6.554849691494001,2
User_289,Chevy Bolt,85.0,Station_212,San Francisco,2024-01-13 00:00:00,2024-01-13 01:12:00,37.6423038507068,2.6670149761721653,19.59636035921344,27.89822488661171,Night,Friday,34.92875322393103,79.45914963060314,161.19607009381224,-9.679928907135151,0.0,Level 2,Commuter,0,0,44.530396406672104,14.114020426211832,0.7411402074978966,0.4428506335377271,0,1,4.2823114847893535,2
User_290,Bmw I3,75.0,Station_63,Houston,2024-01-13 01:00:00,2024-01-13 04:16:00,70.62045542020036,0.637026904969773,18.33554745794532,14.738211793244965,Morning,Saturday,25.723471642871232,99.585814595444,188.46379155896125,-4.842996855241946,2.0,Level 1,Commuter,0,1,73.86234295257277,110.85945486643348,0.20869607404187357,0.9416060722693381,1,1,2.668685587448829,1
User_291,Chevy Bolt,75.0,Station_451,Chicago,2024-01-13 02:00:00,2024-01-13 05:50:00,74.49108355632316,2.8590804803775773,32.949711654976355,31.654278544113588,Evening,Wednesday,52.571622201873645,55.66200143730428,160.67861854327094,26.307504471636346,5.0,Level 1,Commuter,1,0,3.090379235430639,26.054210109708308,0.42494050338493994,0.9932144474176422,2,1,2.1570181405910263,1
User_292,Tesla Model 3,75.0,Station_436,Houston,2024-01-13 03:00:00,2024-01-13 05:43:00,32.52486104511656,2.287496504307609,31.5531561687629,10.03602310243687,Evening,Thursday,23.42576752983394,83.74262073596746,294.05825875693694,25.92667701462242,2.0,Dc Fast Charger,Long-Distance Traveler,0,0,60.31685320613352,14.218540218036901,0.3085646726827055,0.4336648139348874,3,1,9.041030439731525,3
User_293,Tesla Model 3,100.0,Station_68,Houston,2024-01-13 04:00:00,2024-01-13 05:17:00,78.39905610034737,0.5318848035877057,29.753158714478868,34.301109962055534,Night,Sunday,49.66021029282839,83.24626253232046,119.78864790850731,-9.296045390619858,1.0,Level 1,Commuter,0,1,33.58605223949207,147.39856369560607,0.437519425210319,0.7839905610034736,4,1,1.5279348230313268,1
User_294,Bmw I3,50.0,Station_253,Chicago,2024-01-13 05:00:00,2024-01-13 07:35:00,65.32285347166376,1.2923823850992102,41.87715415091096,17.840509726883596,Afternoon,Wednesday,54.29560688538636,87.54853995015633,32.14595633492419,-9.395365259699592,3.0,Level 1,Long-Distance Traveler,0,0,33.25293306476996,50.54452476667672,0.2731128353819171,1.3064570694332753,5,1,0.49210888114170803,1
User_295,Bmw I3,62.0,Station_410,Chicago,2024-01-13 06:00:00,2024-01-13 06:36:00,30.63992013217628,1.6293384812840173,46.84858796557754,36.95621233288669,Evening,Saturday,53.74244252427816,62.17903554933864,151.5112088853607,21.080329879354103,3.0,Dc Fast Charger,Commuter,1,1,8.436593025060482,18.805128881526304,1.206145844162218,0.4941922601963916,6,1,4.944895686142875,3
User_296,Hyundai Kona,85.0,Station_459,Chicago,2024-01-13 07:00:00,2024-01-13 10:57:00,78.15878931012135,1.548133495316547,7.34702904042674,15.064171728841687,Evening,Thursday,78.17878531385018,80.78249491449304,114.76631518048208,20.8310001306784,4.0,Level 1,Casual Driver,0,0,2.6037096006428584,50.48582021290109,0.19273803831670813,0.9195151683543689,7,1,1.4683737580057443,1
User_297,Hyundai Kona,75.0,Station_2,Chicago,2024-01-13 08:00:00,2024-01-13 11:46:00,5.3378360735216495,1.3473103319992674,29.15448171293192,39.5882610449191,Afternoon,Thursday,16.3556544239116,88.04370260386372,67.71733683557791,29.249086599941627,0.2884081107034522,Level 1,Commuter,0,0,71.68804817995212,3.9618460177625594,7.41653743195614,0.07117114764695533,8,1,12.686290081385216,1
User_298,Chevy Bolt,75.0,Station_398,Chicago,2024-01-13 09:00:00,2024-01-13 09:45:00,29.318815538897795,2.0626726768907844,36.76426976231584,26.74074336964271,Afternoon,Tuesday,54.75318080948295,80.76527145643796,200.52483681776488,6.325563651505092,0.0,Level 2,Commuter,0,0,26.01209064695501,14.21399326581092,0.9120676561495225,0.39091754051863725,9,1,6.839459000372133,2
User_299,Bmw I3,75.0,Station_108,Houston,2024-01-13 10:00:00,2024-01-13 12:38:00,23.99396127242872,3.269542110243809,32.933970559947454,20.65067387235964,Evening,Tuesday,75.36398822746145,87.85226345162022,205.17024168903671,5.918020657224009,5.0,Level 2,Long-Distance Traveler,1,0,12.48827522415877,7.3386304453009465,0.8606612988114294,0.31991948363238293,10,1,8.550911596443905,2
User_300,Tesla Model 3,100.0,Station_286,Los Angeles,2024-01-13 11:00:00,2024-01-13 13:24:00,5.69951995446004,1.0866768976439043,40.48262896138074,16.58424488333184,Afternoon,Monday,54.544755368940045,81.03013387969956,221.5835528882272,32.63449014531149,3.0,Level 2,Commuter,0,0,26.485378510759517,5.2449076324504045,2.9097617020103925,0.0569951995446004,11,1,38.87758173648144,2
User_301,Hyundai Kona,65.04709890586727,Station_49,Los Angeles,2024-01-13 12:00:00,2024-01-13 13:06:00,54.52901286506665,0.6431048412173435,41.494238016038736,9.767814595808773,Morning,Monday,73.14283891077369,73.36171145435397,250.3699282257361,31.247335393559474,0.0,Level 1,Long-Distance Traveler,1,0,0.2188725435802752,84.79023849649118,0.17913059640341306,0.8383004589332748,12,1,4.591499370166162,1
User_302,Hyundai Kona,50.0,Station_140,New York,2024-01-13 13:00:00,2024-01-13 16:14:00,56.324648784145005,3.354432889112449,14.245986238314003,31.34224898721738,Evening,Sunday,63.932753775970696,87.69917051125832,174.13894213778076,-6.256501931360966,7.0,Level 2,Long-Distance Traveler,0,1,23.76641673528762,16.79110915199975,0.5564570692190451,1.1264929756829,13,1,3.091700452587636,2
User_303,Tesla Model 3,75.0,Station_218,Los Angeles,2024-01-13 14:00:00,2024-01-13 16:34:00,42.2855347814151,2.7625070229720112,15.292960589675516,26.575187305228265,Afternoon,Wednesday,75.32264788537638,89.871641082688,197.66783354430208,21.139472375158668,6.0,Level 1,Casual Driver,0,0,14.548993197311617,15.306942002240667,0.6284699352296785,0.563807130418868,14,1,4.674596988452396,1
User_304,Hyundai Kona,75.0,Station_44,Los Angeles,2024-01-13 15:00:00,2024-01-13 16:50:00,65.2254522844251,2.7599862066097303,18.06959233298836,29.435894388359383,Evening,Tuesday,45.5068659842013,83.40752160581039,206.9879012630543,4.068853035632117,0.0,Dc Fast Charger,Casual Driver,0,0,37.90065562160909,23.632528354025997,0.45129459984424286,0.8696726971256681,15,1,3.1734222456665133,3
User_305,Chevy Bolt,100.0,Station_417,Houston,2024-01-13 16:00:00,2024-01-13 19:41:00,23.54038391979749,2.5925972772690966,3.508161487393433,23.220087806019023,Evening,Thursday,17.170614248794294,39.31920167051178,192.85689131728176,14.538649316116311,4.0,Level 2,Casual Driver,0,0,22.148587421717487,9.079845962267488,0.9863937599798831,0.2354038391979749,16,1,8.192597536826446,2
User_306,Bmw I3,75.0,Station_269,Chicago,2024-01-13 17:00:00,2024-01-13 18:31:00,18.549702417680702,1.828878540843832,13.855271545417976,16.48379963872817,Night,Tuesday,37.87100088921708,66.16504375021906,46.22369185622132,26.694888257357164,7.0,Dc Fast Charger,Casual Driver,0,0,28.294042861001977,10.142665028549134,0.8886287913177835,0.24732936556907603,17,1,2.4918832019732604,3
User_307,Tesla Model 3,33.37702357097419,Station_78,Chicago,2024-01-13 18:00:00,2024-01-13 19:41:00,20.763187642544253,2.68656498163465,23.99284957205273,30.691998651557007,Morning,Thursday,27.40042669502671,55.23400520188916,155.2169255876906,8.316822120598246,2.0,Level 1,Long-Distance Traveler,0,0,27.83357850686245,7.728526123314097,1.478193000995107,0.622080264239039,18,1,7.475582663889601,1
User_308,Bmw I3,85.0,Station_216,Houston,2024-01-13 19:00:00,2024-01-13 22:38:00,46.45478115373152,3.93657053723412,42.83848279850626,5.06404815023892,Morning,Tuesday,12.793089168257392,70.71797256504605,3.824527427420319,26.51176747373154,1.7554439348812885,Level 1,Commuter,0,0,57.92488339678866,11.800825290525896,0.10901026814614853,0.5465268371027238,19,1,0.08232796135157577,1
User_309,Hyundai Kona,85.0,Station_382,Los Angeles,2024-01-13 20:00:00,2024-01-13 22:34:00,49.74934189978176,2.008221975228492,33.70234120475917,18.58598183312089,Night,Thursday,62.63796602121695,87.47010159296559,177.26981142816254,31.464224787251247,0.0,Dc Fast Charger,Long-Distance Traveler,0,0,24.832135571748644,24.77283015196633,0.37359251647110575,0.5852863752915501,20,1,3.56325942532599,3
User_310,Hyundai Kona,100.0,Station_98,Houston,2024-01-13 21:00:00,2024-01-14 00:10:00,66.17491556109752,1.5908913989608646,4.096052506150107,37.05502096460268,Night,Wednesday,57.51855751045613,59.21834420857712,19.842550619791872,12.62900174508787,2.0,Dc Fast Charger,Casual Driver,0,0,1.6997866981209953,41.5961237858986,0.5599556969648232,0.6617491556109752,21,1,0.29985003307592856,3
User_311,Tesla Model 3,85.0,Station_236,New York,2024-01-13 22:00:00,2024-01-13 23:35:00,40.24838259933458,2.1398831582549125,12.428454608347144,30.345563222221624,Evening,Tuesday,11.309421123206622,61.89683408606989,50.070107726299504,22.772156261728085,1.0,Dc Fast Charger,Commuter,0,0,50.58741296286327,18.8086823544877,0.7539573334984974,0.4735103835215833,22,1,1.2440278215584073,3
User_312,Chevy Bolt,59.79413925244189,Station_282,Chicago,2024-01-13 23:00:00,2024-01-13 23:59:00,49.83823893887459,1.6478234891252015,20.87000776757065,12.24506007473568,Morning,Friday,41.37761828816223,62.03331148509731,40.84365487671591,-4.843799756853213,5.685366888566936,Dc Fast Charger,Long-Distance Traveler,0,0,20.655693196935076,30.24488925408678,0.24569608267567306,0.8334970544264384,23,1,0.8195244403962523,3
User_313,Nissan Leaf,75.0,Station_149,San Francisco,2024-01-14 00:00:00,2024-01-14 00:49:00,50.65984701352952,0.5600308824381494,41.88423157875781,34.023837203216026,Night,Friday,76.33856416576592,79.25660844200286,206.66803143002105,14.06007874116784,2.0,Level 2,Commuter,1,0,2.918044276236941,90.45902396128034,0.6716135008092191,0.6754646268470603,0,1,4.07952340193264,2
User_314,Tesla Model 3,62.0,Station_412,New York,2024-01-14 01:00:00,2024-01-14 04:37:00,6.885479431723564,3.500201170135869,29.44664264254554,13.151438217973151,Afternoon,Thursday,62.99501973890689,70.58747645056332,270.3822387599344,4.057993736673463,7.0,Dc Fast Charger,Long-Distance Traveler,0,0,7.592456711656425,1.967166770433451,1.910025053212758,0.1110561198665091,1,1,39.26846945678156,3
User_315,Nissan Leaf,75.0,Station_304,New York,2024-01-14 02:00:00,2024-01-14 03:51:00,64.76361325790924,0.5433591266631455,31.45405800356461,9.001401096042077,Evening,Wednesday,63.14004386440696,68.68211127506426,213.7308147646065,-5.431969444252173,1.0,Level 2,Commuter,1,0,5.542067410657296,119.1911759274807,0.1389885561232608,0.8635148434387899,2,1,3.3001681656250805,2
User_316,Nissan Leaf,50.0,Station_484,Houston,2024-01-14 03:00:00,2024-01-14 05:16:00,55.420912210556,3.6744100257396752,39.08038684912086,11.678020987060137,Morning,Thursday,62.05991728356241,74.61169023972576,204.67136761932085,-9.366179122075463,1.0,Dc Fast Charger,Commuter,1,0,12.551772956163347,15.082941702838273,0.21071506262280232,1.10841824421112,3,1,3.693034983648955,3
User_317,Chevy Bolt,85.0,Station_424,Los Angeles,2024-01-14 04:00:00,2024-01-14 07:51:00,37.77161458127733,4.615782239309852,4.034655716474346,32.356351723069324,Evening,Wednesday,52.13244929303641,93.21180849655904,96.84198081577826,1.7308596215155436,7.0,Dc Fast Charger,Casual Driver,0,0,41.079359203522635,8.183144832873422,0.8566314170511458,0.44437193625032156,4,1,2.563882478663779,3
User_318,Nissan Leaf,75.0,Station_66,Chicago,2024-01-14 05:00:00,2024-01-14 08:01:00,44.06555274761643,0.7388318908606428,18.136176918025765,37.81041851456051,Evening,Monday,43.3631967175386,72.85514963212466,261.50598887337225,21.12350581758097,6.0,Level 2,Casual Driver,0,0,29.491952914586065,59.6421909946061,0.8580493414236301,0.5875407033015524,5,1,5.934476537061424,2
User_319,Nissan Leaf,50.0,Station_234,San Francisco,2024-01-14 06:00:00,2024-01-14 08:41:00,76.70996422567768,2.718104326803347,37.73494300980388,9.420847431771923,Afternoon,Tuesday,53.71579569179588,57.41823833918885,189.89795469837304,20.60610628495849,2.0,Level 1,Commuter,1,0,3.7024426473929637,28.221861636890583,0.12281126092115181,1.5341992845135537,6,1,2.4755317854105727,1
User_320,Chevy Bolt,75.0,Station_457,New York,2024-01-14 07:00:00,2024-01-14 08:06:00,6.521023617093562,0.9500538452594568,34.45341482483377,9.83501013445608,Afternoon,Wednesday,52.86565232596662,80.47386392705907,86.1229463663984,1.215773748666768,7.0,Level 1,Commuter,1,0,27.60821160109245,6.863846348953716,1.5082003550294718,0.08694698156124749,7,1,13.206967406258778,1
User_321,Nissan Leaf,85.0,Station_87,San Francisco,2024-01-14 08:00:00,2024-01-14 10:41:00,23.01969383741985,2.9097072695904576,23.680039830203164,20.861091013905643,Night,Thursday,68.35401867963807,78.10179095216837,89.42047869614792,12.01626990739151,3.0,Level 1,Casual Driver,1,0,9.747772272530298,7.911343549229226,0.9062279959603428,0.2708199274990571,8,1,3.8845207641636716,1
User_322,Nissan Leaf,100.0,Station_79,Los Angeles,2024-01-14 09:00:00,2024-01-14 10:46:00,62.3191755518106,2.9247352724992024,22.41630595649871,7.162452048006953,Afternoon,Sunday,21.819886273129143,61.29106772673944,22.61948851952616,11.126462848905764,6.0,Level 1,Long-Distance Traveler,0,1,39.4711814536103,21.307629493098883,0.11493175229913416,0.623191755518106,9,1,0.36296193457695675,1
User_323,Nissan Leaf,62.0,Station_205,Los Angeles,2024-01-14 10:00:00,2024-01-14 11:58:00,64.52243106916856,1.7249913300016642,39.24707457045789,38.17893479405741,Morning,Sunday,31.48893119283688,66.30498502948487,75.831666453641,0.397259806410319,6.0,Level 2,Commuter,0,1,34.81605383664799,37.40449586439737,0.591715689589087,1.0406843720833638,10,1,1.1752760272214302,2
User_324,Tesla Model 3,100.0,Station_279,San Francisco,2024-01-14 11:00:00,2024-01-14 14:54:00,52.99672888359278,3.5264988700635578,38.36925513880513,6.452202177004988,Night,Monday,10.950912707790694,69.30238832786551,27.930909180515243,14.177763270049578,6.0,Level 1,Long-Distance Traveler,0,0,58.35147562007482,15.028142879466632,0.12174717785275463,0.5299672888359278,11,1,0.5270308143331909,1
User_325,Tesla Model 3,75.0,Station_337,Chicago,2024-01-14 12:00:00,2024-01-14 14:55:00,74.73938753754207,0.0953144165458864,44.05048455914645,27.742986940756,Morning,Sunday,27.62289341973861,61.32518277224479,56.3252273928085,9.990199636985103,3.176061926468777,Level 2,Casual Driver,0,1,33.70228935250618,784.1351838057041,0.37119633776528504,0.9965251671672276,12,1,0.7536217414748814,2
User_326,Tesla Model 3,62.0,Station_254,Los Angeles,2024-01-14 13:00:00,2024-01-14 14:57:00,17.890527690443513,3.7065221875647,3.660245685624441,25.222700923617165,Morning,Thursday,32.14887452372518,100.0,161.19607009381224,-4.306189808549535,5.0,Level 2,Commuter,0,0,67.85112547627482,4.826769350110958,1.4098354928396126,0.2885568982329599,13,1,9.010135021334081,2
User_327,Chevy Bolt,100.0,Station_304,San Francisco,2024-01-14 14:00:00,2024-01-14 17:43:00,18.848843442027324,2.414714251795192,47.44796509326113,7.321396396832365,Night,Friday,62.79550482109619,84.30767807010035,237.0512986252565,-2.876962686979992,1.0,Level 2,Long-Distance Traveler,1,0,21.512173249004164,7.805827719786872,0.3884268241364786,0.18848843442027324,14,1,12.576437347699674,2
User_328,Hyundai Kona,100.0,Station_380,New York,2024-01-14 15:00:00,2024-01-14 18:25:00,58.37615445163145,1.8775223705101527,4.6696670367747615,33.85680931892132,Afternoon,Friday,15.359167401010394,56.58027747341746,96.86304815594605,16.972016794308892,3.0,Level 2,Casual Driver,0,0,41.221110072407065,31.092121920107786,0.5799766983105055,0.5837615445163145,15,1,1.6592913504811895,2
User_329,Nissan Leaf,62.0,Station_130,San Francisco,2024-01-14 16:00:00,2024-01-14 17:02:00,57.819430587681474,2.1704717138663234,25.857794702299618,31.9207848743162,Evening,Tuesday,66.55433081505481,77.72473780774943,222.66925108491475,34.04479017061414,1.0,Level 2,Commuter,0,0,11.170406992694623,26.63910808802298,0.5520771226881812,0.9325714610916367,16,1,3.851114561691218,2
User_330,Nissan Leaf,85.0,Station_84,San Francisco,2024-01-14 17:00:00,2024-01-14 18:27:00,13.3246110441358,1.38201984923984,24.74284750954942,12.388236508175128,Afternoon,Saturday,52.78624625920918,92.86857199351071,283.9904923578399,35.704863864734804,4.0,Dc Fast Charger,Long-Distance Traveler,0,1,40.082325734301534,9.641403523592523,0.9297259385013888,0.1567601299310094,17,1,21.313229438154966,3
User_331,Chevy Bolt,85.0,Station_276,Houston,2024-01-14 18:00:00,2024-01-14 21:50:00,14.503455142567915,2.240834005432468,37.65992488009884,11.910831368910282,Morning,Tuesday,51.14214596336595,99.98660421478364,168.0448614464392,12.24739891359942,3.0,Level 2,Commuter,0,0,48.84445825141769,6.4723469509151945,0.8212409561602853,0.17062888403021076,18,1,11.586539882708662,2
User_332,Nissan Leaf,85.0,Station_187,Los Angeles,2024-01-14 19:00:00,2024-01-14 19:57:00,26.34468459019388,1.9720670095491293,19.951513324304088,17.65021852942759,Morning,Sunday,11.85553123414742,57.08540547671732,216.47155389288085,-2.058775959888321,3.0,Level 1,Long-Distance Traveler,0,1,45.2298742425699,13.358919581651044,0.6699726644667222,0.30993746576698683,19,1,8.216896776720445,1
User_333,Tesla Model 3,6.168895844295367,Station_46,Chicago,2024-01-14 20:00:00,2024-01-14 21:04:00,50.596951312425645,3.4731728239963258,9.860027647642006,27.986543851528875,Night,Monday,29.94222930931056,73.7587986463408,211.6346842028128,33.23430131892319,2.0,Level 2,Long-Distance Traveler,0,0,43.81656933703023,14.567933666545114,0.5531270783237076,8.20194611637263,20,1,4.182755654505993,2
User_334,Hyundai Kona,75.0,Station_387,Chicago,2024-01-14 21:00:00,2024-01-14 23:34:00,42.2855347814151,1.0786355189318966,11.050168940477276,17.585635087197517,Morning,Sunday,71.30305100718603,95.31144685759358,56.54474446768358,19.37429264322314,7.0,Level 1,Commuter,0,1,24.008395850407553,39.20280209508375,0.415878270857924,0.563807130418868,21,1,1.3372124713564113,1
User_335,Bmw I3,62.0,Station_183,Houston,2024-01-14 22:00:00,2024-01-15 00:47:00,103.81260559148436,3.5254454687342496,16.59138266956989,17.66922822732998,Night,Friday,52.79679327470648,89.3517921097638,99.9410054242442,8.330158355627752,3.100169235250924,Level 2,Casual Driver,0,0,36.554998835057326,29.446663269126237,0.17020310902185246,1.6743968643787799,22,1,0.962705876177741,2
User_336,Nissan Leaf,62.0,Station_268,Chicago,2024-01-14 23:00:00,2024-01-15 00:34:00,70.39888221837178,0.5515336215146602,20.75090125342945,20.158307658211903,Night,Wednesday,62.14760000864133,84.36276676677173,240.3347991885124,-7.880884645585255,7.0,Level 1,Commuter,1,0,22.2151667581304,127.64205022540139,0.28634414386981916,1.135465842231803,23,1,3.4139007838649027,1
User_337,Tesla Model 3,45.62653203455355,Station_296,San Francisco,2024-01-15 00:00:00,2024-01-15 01:11:00,77.17272373807074,1.4091282763590154,17.573025616919114,11.760498614437916,Afternoon,Friday,19.94692587515722,95.09672125231026,132.9596225238148,3.498381005989529,4.0,Level 2,Casual Driver,0,0,75.14979537715304,54.76628709592994,0.15239190797973926,1.6914001633879794,0,1,1.7228836314639928,2
User_338,Bmw I3,62.0,Station_322,Houston,2024-01-15 01:00:00,2024-01-15 02:54:00,62.19283345936647,0.5552103642000609,20.452512310927712,19.47699463384489,Morning,Saturday,24.3852455984819,88.82972948026371,277.7232644606139,14.276251340517549,4.0,Dc Fast Charger,Long-Distance Traveler,0,1,64.4444838817818,112.01670118131352,0.313171044804867,1.003110217086556,1,1,4.465518758557024,3
User_339,Hyundai Kona,62.0,Station_100,New York,2024-01-15 02:00:00,2024-01-15 04:46:00,71.91146876524706,2.886555302238684,10.552801035266455,21.332342738358008,Afternoon,Tuesday,70.89800745335748,86.48761305002787,140.09757101710082,-4.764488994806529,7.0,Level 1,Long-Distance Traveler,1,0,15.589605596670395,24.912555359488774,0.296647295690717,1.1598623994394688,2,1,1.9481950990939336,1
User_340,Bmw I3,62.0,Station_78,Los Angeles,2024-01-15 03:00:00,2024-01-15 06:37:00,79.97807283663732,0.9198467271186718,24.845842089870604,27.85794776975846,Evening,Thursday,62.30655558591127,88.1942695265976,295.82448366225185,6.247841392473045,7.545586232503917,Level 1,Long-Distance Traveler,1,0,25.887713940686325,86.94717334828235,0.34831981794136146,1.2899689167199568,3,1,3.6988198536178905,1
User_341,Tesla Model 3,100.0,Station_272,Los Angeles,2024-01-15 04:00:00,2024-01-15 06:20:00,5.775919735452496,1.8364567962319551,33.74537926514628,24.985691281650627,Afternoon,Sunday,25.118016109663355,59.04654073710448,96.33217778289772,37.10118843149111,1.0,Level 2,Casual Driver,0,1,33.92852462744112,3.1451432711640903,4.325837689240881,0.05775919735452496,4,1,16.678240383364827,2
User_342,Bmw I3,50.0,Station_339,Los Angeles,2024-01-15 05:00:00,2024-01-15 05:44:00,53.81020176075347,0.513006350951944,22.344440296603008,15.791319763690598,Morning,Monday,52.44295176374061,82.42209464917141,116.73098347986932,-0.0328724734896948,2.0,Level 1,Long-Distance Traveler,0,0,29.979142885430804,104.89188225623771,0.2934633070862785,1.0762040352150695,5,1,2.1693095297963962,1
User_343,Chevy Bolt,100.0,Station_162,San Francisco,2024-01-15 06:00:00,2024-01-15 09:34:00,38.66237698854864,2.3650578770652744,26.721195372916803,16.315819392880815,Evening,Saturday,56.48043704770824,68.12187775308132,257.8829430738604,29.180536779668387,6.0,Level 2,Commuter,1,1,11.641440705373078,16.34732805631106,0.42200766387729804,0.38662376988548636,6,1,6.6701264423095985,2
User_344,Bmw I3,50.0,Station_44,New York,2024-01-15 07:00:00,2024-01-15 08:38:00,56.69330149715174,2.391852378811275,44.995222235265096,32.990022358476075,Morning,Friday,46.58776207592858,76.38049503488057,140.3114417006873,25.12730864719061,0.0,Dc Fast Charger,Long-Distance Traveler,0,0,29.792732958951987,23.70267580030491,0.5819033551985588,1.1338660299430348,7,1,2.474920987054115,3
User_345,Nissan Leaf,85.0,Station_238,Houston,2024-01-15 08:00:00,2024-01-15 10:14:00,40.161421851143096,2.517973871979124,28.479962126485365,13.37000578755204,Evening,Wednesday,35.04453497731117,94.56359194190472,93.99523169765295,13.354387166466346,2.0,Dc Fast Charger,Casual Driver,0,0,59.519056964593545,15.949896183623332,0.33290668435762805,0.4724873158958011,8,1,2.340435855235479,3
User_346,Nissan Leaf,62.0,Station_134,Houston,2024-01-15 09:00:00,2024-01-15 11:59:00,42.51736091943514,0.9297646566647816,39.91263736239426,7.234439776855737,Morning,Saturday,63.743344919418114,88.94643474449397,191.0776829422596,10.333196461649678,4.0,Level 2,Casual Driver,1,1,25.203089825075857,45.729164487658515,0.17015260638034563,0.685763885797341,9,1,4.494109672148441,2
User_347,Chevy Bolt,50.0,Station_461,Los Angeles,2024-01-15 10:00:00,2024-01-15 11:33:00,29.29844560325747,1.8733968578439004,30.979410566232023,37.164698443381525,Afternoon,Wednesday,97.05902046746334,100.0,296.2236692095064,7.640810712407223,7.0,Level 2,Commuter,1,0,2.940979532536659,15.63920932213859,1.2684870367064616,0.5859689120651494,10,1,10.110559216034709,2
User_348,Tesla Model 3,50.0,Station_192,New York,2024-01-15 11:00:00,2024-01-15 12:10:00,67.22515101988213,0.5046012170071925,37.2360143567669,21.014153018823738,Morning,Wednesday,38.02384077001244,94.36765550022876,57.59194551494831,12.265243732279334,6.0,Dc Fast Charger,Commuter,0,0,56.34381473021632,133.22431408032833,0.31259361563365934,1.3445030203976427,11,1,0.8567023597747699,3
User_349,Nissan Leaf,85.0,Station_356,New York,2024-01-15 12:00:00,2024-01-15 13:40:00,42.2855347814151,2.9168849534044794,17.92601361021918,27.997593159422426,Night,Monday,35.80235635820473,95.5617564847798,73.04739192531423,-4.127630920305832,5.0,Level 1,Casual Driver,0,0,59.75940012657507,14.496812680959872,0.6621080543062597,0.49747687978135413,12,1,1.7274794395510225,1
User_350,Hyundai Kona,50.0,Station_278,New York,2024-01-15 13:00:00,2024-01-15 14:25:00,76.71844669022504,3.77490932141669,44.13745109144485,35.85250777915667,Night,Wednesday,10.896089231058816,69.95912479845512,247.4083508581421,27.9554372050152,0.0,Level 1,Casual Driver,0,0,59.063035567396305,20.323255516355896,0.4673257779047912,1.5343689338045008,13,1,3.224887384088099,1
User_351,Nissan Leaf,62.0,Station_18,Chicago,2024-01-15 14:00:00,2024-01-15 17:00:00,60.96907588597162,2.4969601810931428,6.682750854200964,37.04926024472,Afternoon,Wednesday,75.85725205688395,92.36496167231005,266.82108780235893,20.465566167774167,6.0,Level 1,Commuter,0,0,16.507709615426094,24.41732004684192,0.6076729834976008,0.9833721917092196,14,1,4.376334788170077,1
User_352,Nissan Leaf,62.0,Station_12,Chicago,2024-01-15 15:00:00,2024-01-15 15:54:00,48.32460775397477,2.311636670944888,19.59383734315731,49.13746988140653,Afternoon,Friday,27.014978040990016,55.861029409729085,161.40304885740548,3.4993413766720423,2.0,Dc Fast Charger,Commuter,0,0,28.84605136873907,20.90493214672094,1.0168208737786373,0.7794291573221737,15,1,3.3399763879952,3
User_353,Tesla Model 3,62.0,Station_180,Los Angeles,2024-01-15 16:00:00,2024-01-15 18:14:00,65.54082473190631,1.1606546727693638,31.858997698920543,37.48997540777594,Evening,Monday,25.201903407412274,96.7634420547716,78.61444615533611,0.947645050608024,6.0,Level 2,Commuter,0,0,71.56153864735933,56.46884148195737,0.5720095156130256,1.0571100763210695,16,1,1.1994729464712603,2
User_354,Bmw I3,100.0,Station_123,New York,2024-01-15 17:00:00,2024-01-15 19:43:00,68.74906948767578,0.5546371779020524,10.761670592921948,28.29294039482075,Afternoon,Thursday,66.07649512570205,81.2848669802037,284.84580003977186,13.789659826810096,3.0,Dc Fast Charger,Commuter,1,0,15.20837185450165,123.95322965496682,0.4115392485405588,0.6874906948767578,17,1,4.143267714930082,3
User_355,Nissan Leaf,85.0,Station_246,New York,2024-01-15 18:00:00,2024-01-15 20:28:00,67.43740257394747,1.8145610590347336,16.09934851847499,14.996368751082128,Night,Thursday,89.87079040064869,93.90137525264328,36.060236573124,34.08218775904674,3.0,Level 1,Casual Driver,0,0,4.03058485199459,37.16458161502771,0.2223746493592793,0.7933812067523232,18,1,0.5347216114022585,1
User_356,Chevy Bolt,75.0,Station_222,Houston,2024-01-15 19:00:00,2024-01-15 22:11:00,10.450657832354688,1.4282962338251743,39.893826100669024,32.560979001782584,Afternoon,Wednesday,60.77776334578708,82.76444286202731,85.92100724905812,20.63494735094825,0.0,Level 2,Long-Distance Traveler,1,0,21.98667951624023,7.316869977572079,3.1156870241197163,0.13934210443139583,19,1,8.221588404038183,2
User_357,Bmw I3,100.0,Station_373,Houston,2024-01-15 20:00:00,2024-01-15 23:40:00,30.80566200277668,1.0378600717476725,18.97988934768992,18.353195110709667,Night,Saturday,60.727202748946425,61.20655136874687,155.71449022041207,29.11438026886234,5.0,Level 2,Casual Driver,0,1,0.4793486198004473,29.681903024655753,0.5957734363590497,0.3080566200277668,20,1,5.054736048404891,2
User_358,Hyundai Kona,85.0,Station_51,Los Angeles,2024-01-15 21:00:00,2024-01-15 21:38:00,62.09565922628094,2.477935464885133,30.52868478649712,8.860047394828275,Afternoon,Tuesday,43.886190846537644,81.46898348084524,285.79045868611,-8.559081242956825,1.0,Level 1,Commuter,0,0,37.582792634307594,25.059433591487597,0.14268384465557635,0.730537167368011,21,1,4.602422492120899,1
User_359,Tesla Model 3,100.0,Station_488,New York,2024-01-15 22:00:00,2024-01-15 23:29:00,28.86406095922916,2.113671385265924,38.34408586043845,37.44951918013764,Night,Monday,27.678537866654462,92.57272070890085,107.0000963359066,13.194479356064214,2.0,Level 2,Casual Driver,0,0,64.89418284224638,13.655888592917545,1.2974445707080353,0.2886406095922916,22,1,3.707035419826945,2
User_360,Hyundai Kona,75.0,Station_71,Los Angeles,2024-01-15 23:00:00,2024-01-16 01:34:00,33.370542026215475,2.4863752525971208,41.92916859260739,7.409254803081209,Evening,Sunday,58.60908208265877,71.21956042362135,279.5193618635699,15.418433423035204,8.018665733261262,Level 1,Commuter,0,1,12.610478340962572,13.421361876634903,0.22202980093222918,0.44494056034953966,23,1,8.376230797928994,1
User_361,Bmw I3,77.60847805142836,Station_480,Houston,2024-01-16 00:00:00,2024-01-16 01:18:00,73.09045077014305,1.7540479473185384,30.388803808157416,9.59516379366146,Morning,Tuesday,29.666501463197683,99.8568507681671,227.7259802260517,2.5942497264893376,7.0,Dc Fast Charger,Casual Driver,0,0,70.19034930496943,41.66958541918905,0.1312779397658472,0.9417843591998882,0,1,3.1156734953271927,3
User_362,Bmw I3,75.0,Station_48,Houston,2024-01-16 01:00:00,2024-01-16 02:20:00,26.992344080966543,3.548983525567543,46.58137118308024,36.50047332152248,Morning,Monday,23.69485787229742,56.10531021153972,237.51102046374248,25.10961224820208,1.0,Level 2,Commuter,0,0,32.4104523392423,7.605654939367465,1.3522528170223098,0.35989792107955393,1,1,8.799199497135252,2
User_363,Bmw I3,85.0,Station_19,Chicago,2024-01-16 02:00:00,2024-01-16 05:37:00,6.9381938340043,3.2909626809163703,13.2879240552999,16.886330089677223,Night,Monday,81.44337976475231,88.60942030171464,230.3190328881203,1.2019821663508825,3.0,Level 1,Commuter,1,0,7.166040536962328,2.108256612643312,2.433822186822859,0.0816258098118153,2,1,33.195819891816754,1
User_364,Hyundai Kona,50.0,Station_262,Los Angeles,2024-01-16 03:00:00,2024-01-16 04:39:00,42.29018026674148,2.012292994982237,37.806096359579605,7.806725650571654,Afternoon,Friday,81.1021620402358,92.83360459772088,242.4530430968343,36.82658398230539,10.547236543818036,Level 1,Casual Driver,0,0,11.731442557485082,21.01591585926819,0.18459901568949197,0.8458036053348296,3,1,5.733081333954684,1
User_365,Bmw I3,100.0,Station_84,Los Angeles,2024-01-16 04:00:00,2024-01-16 05:06:00,30.036118378192803,1.6434822524313395,13.372949045558247,35.95440543142086,Afternoon,Wednesday,14.364249190360638,80.38540836870507,217.91571614184764,34.95455887605409,6.0,Dc Fast Charger,Commuter,0,0,66.02115917834443,18.27590065773931,1.1970390107905862,0.30036118378192805,4,1,7.255122429536751,3
User_366,Hyundai Kona,62.0,Station_155,New York,2024-01-16 05:00:00,2024-01-16 06:00:00,10.386093782293678,1.2425644202586024,47.76649443710824,21.488920709528447,Morning,Friday,56.66366372880108,73.29028271679678,188.1506523593367,16.830516164835082,0.0,Level 2,Long-Distance Traveler,0,0,16.6266189879957,8.358595830493943,2.069008922889083,0.16751764164989802,5,1,18.115631950107932,2
User_367,Bmw I3,50.0,Station_53,New York,2024-01-16 06:00:00,2024-01-16 09:18:00,45.71947918248383,2.872161730269349,47.84255660041194,31.22627600541321,Night,Saturday,35.421950002135304,88.85354956614376,156.87665110401693,34.297789398053226,7.0,Level 2,Commuter,0,1,53.43159956400845,15.91814231791059,0.6829971942763667,0.9143895836496766,6,1,3.431286924285873,2
User_368,Chevy Bolt,50.0,Station_107,Chicago,2024-01-16 07:00:00,2024-01-16 08:31:00,24.59962969556764,2.0078608677549403,11.820175787578869,29.234418562911937,Afternoon,Sunday,51.18826307688968,63.46582475528865,263.83317339672374,14.205489919727103,1.0,Level 2,Commuter,0,1,12.277561678398968,12.251660506274694,1.1884088876418897,0.4919925939113528,7,1,10.725087192847509,2
User_369,Bmw I3,62.0,Station_357,San Francisco,2024-01-16 08:00:00,2024-01-16 10:02:00,23.1470476755872,3.2840921871772863,25.399493636182896,10.997752785342016,Morning,Tuesday,50.972793140727326,76.8199763212987,61.04731008834905,15.605058979984308,4.0,Level 2,Commuter,1,0,25.84718318057137,7.048233227424211,0.47512550799042763,0.3733394786385032,8,1,2.637369177440915,2
User_370,Hyundai Kona,85.0,Station_304,San Francisco,2024-01-16 09:00:00,2024-01-16 12:35:00,52.71641215020086,0.5628169402063448,6.422556538989332,34.40206563966865,Night,Tuesday,37.682102722139774,81.9072284186087,225.3042080811376,0.1669976050643421,7.0,Dc Fast Charger,Long-Distance Traveler,0,0,44.22512569646892,93.66529040663474,0.6525873866690598,0.6201930841200101,9,1,4.273891163897791,3
User_371,Nissan Leaf,100.0,Station_135,San Francisco,2024-01-16 10:00:00,2024-01-16 10:43:00,40.24838259933458,2.2737418355380994,46.48898767165858,36.94161943713523,Evening,Thursday,15.265841435051517,60.94892254921191,264.8997690093633,36.56806342886591,4.0,Dc Fast Charger,Casual Driver,0,0,45.68308111416039,17.70138630967727,0.9178410920230613,0.4024838259933458,10,1,6.58162519588409,3
User_372,Bmw I3,48.63693124756141,Station_443,Los Angeles,2024-01-16 11:00:00,2024-01-16 14:13:00,68.25299905062542,1.6319957436277532,29.208426798948363,9.459763978515529,Afternoon,Saturday,85.9024619599349,91.27822446726908,50.413024895600245,37.52882264494277,0.0,Level 2,Long-Distance Traveler,0,1,5.375762507334187,41.82179966897846,0.13859851010354754,1.403316313342601,11,1,0.7386199228873049,2
User_373,Nissan Leaf,85.0,Station_69,Los Angeles,2024-01-16 12:00:00,2024-01-16 15:13:00,56.42022999086558,0.8288732839363397,25.40285241085352,29.84842868304404,Afternoon,Sunday,32.61238657309413,65.16007356921413,12.807514731098356,17.596802362332962,4.0,Level 1,Long-Distance Traveler,0,1,32.54768699612001,68.0685830805458,0.5290376995605387,0.6637674116572421,12,1,0.22700217161773162,1
User_374,Chevy Bolt,75.0,Station_11,Houston,2024-01-16 13:00:00,2024-01-16 14:48:00,52.90446366869147,1.5469560347093554,15.572055588337298,18.542883936181408,Night,Saturday,89.8386106965979,97.49538046654772,36.74369480038644,32.57385369012299,3.0,Level 2,Long-Distance Traveler,0,1,7.656769769949818,34.19907384674397,0.3504975317830312,0.7053928489158863,13,1,0.694529199473411,2
User_375,Tesla Model 3,50.0,Station_143,Los Angeles,2024-01-16 14:00:00,2024-01-16 14:37:00,28.1635456086215,2.2913223910351843,23.389205345851654,29.76359554553287,Morning,Friday,18.700349486531323,72.89998625989823,23.47388206048818,15.44621676643309,3.0,Level 2,Casual Driver,1,0,54.199636773366905,12.291393702960168,1.0568128018803697,0.56327091217243,14,1,0.833484618261356,2
User_376,Chevy Bolt,100.0,Station_192,Los Angeles,2024-01-16 15:00:00,2024-01-16 18:03:00,1.356731546885289,1.5712045852380068,16.26758640521298,23.87462359696047,Night,Friday,40.92338001382405,83.06868681876806,161.19607009381224,-6.550323205012361,3.0,Level 1,Commuter,0,0,42.145306804944006,0.863497700829183,17.597161097765095,0.01356731546885289,15,1,118.81206010420962,1
User_377,Bmw I3,85.0,Station_387,Los Angeles,2024-01-16 16:00:00,2024-01-16 17:05:00,8.93042648458991,3.779533948292503,25.857794702299618,0.2343169936142865,Morning,Saturday,71.80303060461523,86.75148899550561,275.0786019144124,1.4197169042826,2.0,Level 2,Long-Distance Traveler,1,1,14.94845839089038,2.3628380130371496,0.026238051902517448,0.10506384099517542,16,1,30.802403713762182,2
User_378,Nissan Leaf,75.0,Station_378,Chicago,2024-01-16 17:00:00,2024-01-16 18:17:00,55.78297746472087,1.37679715607362,46.33334189802024,30.47364422787583,Night,Friday,29.614363227382576,88.37842811530948,10.879984091847628,14.240494893531343,4.0,Level 1,Commuter,0,0,58.7640648879269,40.51648219829563,0.5462893092637165,0.7437730328629449,17,1,0.19504129371237874,1
User_379,Nissan Leaf,85.0,Station_69,Los Angeles,2024-01-16 18:00:00,2024-01-16 19:54:00,16.67359945711931,1.809282615508712,32.99482958919536,28.15617085673184,Evening,Thursday,77.48514337130472,88.66543213628108,281.8878021909634,33.7293207659469,6.0,Dc Fast Charger,Long-Distance Traveler,0,0,11.180288764976368,9.215585953348272,1.6886678205952521,0.19615999361316833,18,1,16.90623568809569,3
User_380,Hyundai Kona,100.0,Station_23,New York,2024-01-16 19:00:00,2024-01-16 19:57:00,13.280712325754468,1.7614413222294734,59.14854488775761,13.607430808605434,Afternoon,Sunday,76.55821189990698,81.58200949625066,257.6075888403542,4.206090638748936,5.0,Level 1,Long-Distance Traveler,0,1,5.023797596343684,7.539684778681666,1.0246009758239685,0.13280712325754468,19,1,19.39712136831634,1
User_381,Nissan Leaf,50.0,Station_181,New York,2024-01-16 20:00:00,2024-01-16 23:45:00,7.668660934509698,0.7499042038041743,25.457146678252645,17.361623335996903,Morning,Sunday,81.61986322060685,86.16194217356585,53.30743848250727,27.25894496066993,2.537158510000429,Dc Fast Charger,Long-Distance Traveler,1,1,4.542078952959002,10.22618741914967,2.2639706572327327,0.15337321869019396,20,1,6.951335955227694,3
User_382,Hyundai Kona,75.0,Station_293,Houston,2024-01-16 21:00:00,2024-01-17 00:39:00,46.09404918662695,3.617078160426682,23.2230159227094,17.85819103265846,Evening,Friday,70.60042407643812,89.35441575561919,71.32019242761334,33.10903959748327,4.0,Level 2,Long-Distance Traveler,0,0,18.75399167918107,12.743448480303105,0.38742942630953703,0.6145873224883593,21,1,1.5472754875331094,2
User_383,Tesla Model 3,62.0,Station_9,Chicago,2024-01-16 22:00:00,2024-01-17 01:57:00,64.94285706525936,3.6367947005783794,49.319128854525374,15.321613858374892,Night,Friday,49.301060486496944,73.24351852996135,41.762292021485166,12.254928644869278,4.0,Level 1,Long-Distance Traveler,0,0,23.942458043464406,17.857168856666874,0.23592454275577385,1.0474654365364413,22,1,0.6430621304436813,1
User_384,Bmw I3,100.0,Station_271,New York,2024-01-16 23:00:00,2024-01-17 02:53:00,70.06077676219795,3.399748992504942,42.945683367847664,15.242748758849396,Morning,Sunday,66.37502517544502,95.79218803476924,164.02863705100555,38.87241151330905,1.0,Level 1,Long-Distance Traveler,1,1,29.417162859324222,20.60763218598001,0.21756465547886686,0.7006077676219795,23,1,2.3412334922827887,1
User_385,Hyundai Kona,85.0,Station_387,Chicago,2024-01-17 00:00:00,2024-01-17 03:57:00,46.09404918662695,1.325136130016742,27.85442042671165,24.654217548100743,Morning,Saturday,10.008818544145797,58.15490030758101,284.5828419798684,22.16544013648148,7.0,Level 2,Casual Driver,0,1,48.14608176343521,34.784387914956774,0.5348676886311293,0.5422829316073758,0,1,6.173960565443947,2
User_386,Tesla Model 3,100.0,Station_93,Chicago,2024-01-17 01:00:00,2024-01-17 02:20:00,46.55965371578422,1.6657565361852955,35.776000248726106,23.555734536550013,Evening,Sunday,77.27588158438571,95.74723144237556,197.5286464172002,1.6535023008047476,1.5028687879357574,Dc Fast Charger,Commuter,0,1,18.47134985798985,27.951055694134773,0.5059258962779692,0.4655965371578422,1,1,4.242485299031249,3
User_387,Nissan Leaf,50.0,Station_454,Houston,2024-01-17 02:00:00,2024-01-17 04:13:00,54.88401335852117,1.8867705056862327,6.98513680525674,6.555981504933964,Night,Saturday,64.28041814613954,82.38389625223746,127.07132090658584,30.593877927821687,2.8179017172438234,Level 1,Commuter,0,1,18.103478106097924,29.08886544130042,0.11945156893152196,1.0976802671704236,2,1,2.315270205852339,1
User_388,Nissan Leaf,50.0,Station_17,Chicago,2024-01-17 03:00:00,2024-01-17 06:19:00,13.726133739305284,6.176416559677362,12.48400854700609,21.092385464487474,Evening,Friday,82.91258265105539,90.83107621463682,166.7223837788621,6.7863533910958935,2.0,Level 1,Casual Driver,0,0,7.9184935635814355,2.2223458548628554,1.5366588920876283,0.2745226747861057,3,1,12.14634703007785,1
User_389,Tesla Model 3,75.0,Station_154,Los Angeles,2024-01-17 04:00:00,2024-01-17 06:10:00,74.2197558575455,2.8291553779805483,3.5666530370869136,29.16504149708574,Night,Friday,55.29384158305011,90.0971146794724,157.31824017266305,3.2051027160505488,4.0,Level 2,Long-Distance Traveler,0,0,34.80327309642229,26.23389172443529,0.39295523355080797,0.9895967447672732,4,1,2.1196275621630116,2
User_390,Nissan Leaf,50.0,Station_405,Chicago,2024-01-17 05:00:00,2024-01-17 05:58:00,20.581387676280656,1.536944425840643,37.02662574504806,31.683786704966867,Evening,Saturday,22.542508411280863,84.67236204491557,205.50752200060109,6.7417676444803085,2.0,Dc Fast Charger,Casual Driver,0,1,62.12985363363471,13.391107271184197,1.5394387979718853,0.4116277535256131,5,1,9.985114960807111,3
User_391,Tesla Model 3,75.0,Station_328,Houston,2024-01-17 06:00:00,2024-01-17 08:36:00,36.047577386304056,1.645779959820823,49.85189638729916,7.461577393955386,Evening,Tuesday,46.32842585884544,52.15170916533472,57.6589438038869,6.876897281568692,4.0,Level 2,Casual Driver,0,0,5.82328330648928,21.903035804512154,0.20699247868985346,0.4806343651507207,6,1,1.5995234072455,2
User_392,Hyundai Kona,62.0,Station_149,Houston,2024-01-17 07:00:00,2024-01-17 08:51:00,31.73575031358406,1.96195761837512,11.129872762551232,11.73930093741448,Evening,Wednesday,58.968752752506965,81.66823961304,87.27410521974205,-9.56906362005498,3.0,Level 1,Casual Driver,0,0,22.699486860533035,16.175553445373296,0.3699077797568136,0.5118669405416784,7,1,2.750024951588605,1
User_393,Hyundai Kona,85.0,Station_377,Houston,2024-01-17 08:00:00,2024-01-17 08:39:00,64.5382469650896,3.970999800756029,17.56016007058113,32.97335649279925,Evening,Tuesday,17.189637655147195,57.13538346069592,258.3785312145929,12.326389479259715,7.0,Level 2,Commuter,0,0,39.945745805548725,16.252392395688943,0.5109118707645621,0.7592734937069364,8,1,4.003494723901572,2
User_394,Tesla Model 3,85.0,Station_267,New York,2024-01-17 09:00:00,2024-01-17 11:15:00,41.5686202547537,2.534327206990629,27.876882761572915,37.1092260429216,Night,Friday,25.52830137336865,73.36154763754071,240.38511602501632,-2.134070301936488,0.0,Level 2,Casual Driver,0,0,47.83324626417206,16.40223099057288,0.8927221018041336,0.4890425912323964,9,1,5.7828504903894755,2
User_395,Hyundai Kona,75.0,Station_422,Los Angeles,2024-01-17 10:00:00,2024-01-17 13:16:00,34.375669740166174,3.14574570749033,3.806546848260664,35.35074338161869,Afternoon,Monday,41.11182645121117,63.0261598722875,150.83472799252905,18.00012703193646,6.0,Dc Fast Charger,Long-Distance Traveler,0,0,21.91433342107633,10.927669600983425,1.0283652260108025,0.45834226320221566,10,1,4.387833870078364,3
User_396,Hyundai Kona,60.78928024814476,Station_328,New York,2024-01-17 11:00:00,2024-01-17 14:59:00,12.118093232455848,2.8544938427036954,7.997038341783679,37.31386508142151,Evening,Monday,30.06718877773716,90.2070511207323,256.2264580975269,20.98749334177654,2.0,Dc Fast Charger,Casual Driver,0,0,60.139862342995144,4.245268653646117,3.079186169444869,0.1993458909694145,11,1,21.14412335195412,3
User_397,Hyundai Kona,85.0,Station_106,San Francisco,2024-01-17 12:00:00,2024-01-17 12:30:00,48.27254828512783,3.649578321999032,43.142319817212005,10.329938311713152,Night,Thursday,60.60395556948446,71.95417880149918,161.19607009381224,33.54745431599779,4.0,Level 2,Commuter,0,0,11.35022323201472,13.226883772886636,0.2139919825797901,0.5679123327662098,12,1,3.3392906697547335,2
User_398,Chevy Bolt,50.0,Station_472,Los Angeles,2024-01-17 13:00:00,2024-01-17 14:08:00,26.4021039498391,0.9580223408018254,47.75905348319621,10.570566114746608,Afternoon,Tuesday,29.476011117716563,87.34323555672688,247.340301484012,22.88374125643228,7.0,Level 2,Commuter,0,0,57.867224439010315,27.558964781282263,0.4003683242376988,0.528042078996782,13,1,9.368204214100874,2
User_399,Bmw I3,62.0,Station_381,Chicago,2024-01-17 14:00:00,2024-01-17 14:50:00,54.62699762686274,2.231225791454563,27.773067432070523,37.76303575694542,Morning,Saturday,55.80982585519321,60.03055717875766,246.2943567109018,-4.373660484360055,2.0,Level 2,Long-Distance Traveler,0,1,4.220731323564451,24.48295364641278,0.691288875418178,0.8810806068848829,14,1,4.508656294699728,2
User_400,Nissan Leaf,75.0,Station_35,Houston,2024-01-17 15:00:00,2024-01-17 16:34:00,69.44996147928137,1.0662067473464614,49.4167326886436,15.3072450251239,Morning,Thursday,27.56248158524955,63.29227669048761,150.11184678792918,37.899071590588136,7.0,Level 1,Casual Driver,0,0,35.72979510523806,65.13742447431143,0.22040681807563603,0.9259994863904183,15,1,2.161438877582549,1
User_401,Chevy Bolt,85.0,Station_119,San Francisco,2024-01-17 16:00:00,2024-01-17 16:44:00,66.18914418092677,2.5014630992521187,2.535237861846668,13.993197905329668,Evening,Thursday,88.31726131615515,100.0,69.74003079536826,21.85316588635689,1.0,Dc Fast Charger,Long-Distance Traveler,0,0,11.682738683844846,26.460172129149473,0.21141228034433449,0.7786958138932562,16,1,1.0536475680171238,3
User_402,Hyundai Kona,75.0,Station_14,Los Angeles,2024-01-17 17:00:00,2024-01-17 19:41:00,13.66384250802366,0.7991338052061846,14.33045702276969,8.275923214432899,Morning,Monday,62.24698007651001,82.888930350227,209.0906430300939,36.088928883769846,3.0,Level 1,Casual Driver,0,0,20.641950273716986,17.09831622565166,0.6056805184612691,0.1821845667736488,17,1,15.302477535679442,1
User_403,Tesla Model 3,71.64548706847206,Station_14,New York,2024-01-17 18:00:00,2024-01-17 21:37:00,31.810223412630616,3.674137370718397,32.83733503507112,32.94225606046225,Evening,Tuesday,55.81019314986585,78.60513123193002,188.7036355239657,14.48313566125389,3.0,Dc Fast Charger,Long-Distance Traveler,1,0,22.794938082064164,8.657875360389921,1.0355870700166836,0.44399479596292474,18,1,5.932169449933468,3
User_404,Hyundai Kona,62.0,Station_266,Houston,2024-01-17 19:00:00,2024-01-17 20:30:00,79.46231190835228,2.895348986072257,25.4125201652172,18.27246951475344,Evening,Wednesday,28.461230838653726,49.09641537645538,48.23161874464395,32.538820532000145,3.0,Dc Fast Charger,Long-Distance Traveler,0,0,20.635184537801656,27.44481314363021,0.2299513955222944,1.281650192070198,19,1,0.6069747731512243,3
User_405,Bmw I3,50.0,Station_140,New York,2024-01-17 20:00:00,2024-01-17 22:57:00,26.615202038752912,1.3179175040508335,22.743966622605768,29.94315027097961,Afternoon,Sunday,59.93105266224815,69.52130643027168,193.00361520889265,28.89803169777884,5.0,Level 1,Long-Distance Traveler,0,1,9.59025376802353,20.19489228798219,1.1250393751428622,0.5323040407750582,20,1,7.251630663102645,1
User_406,Hyundai Kona,62.0,Station_294,Los Angeles,2024-01-17 21:00:00,2024-01-17 23:47:00,42.2855347814151,0.8139778300387087,19.9347997838052,22.615527145706995,Morning,Saturday,45.146440223456025,83.95513809182872,284.7546994724396,28.97260609479132,4.0,Level 1,Commuter,0,1,38.80869786837269,51.949246307364675,0.5348289258398297,0.6820247545389533,21,1,6.734092425327255,1
User_407,Tesla Model 3,100.0,Station_364,Los Angeles,2024-01-17 22:00:00,2024-01-17 23:56:00,64.40334432867209,1.4631090941590412,35.92852161296851,14.246600039268449,Evening,Tuesday,57.32059939540834,96.11613713747894,139.54941601046136,5.967630772540458,7.0,Level 2,Commuter,1,0,38.79553774207061,44.01814231473254,0.22120900999431367,0.644033443286721,22,1,2.166803874318908,2
User_408,Bmw I3,75.0,Station_119,San Francisco,2024-01-17 23:00:00,2024-01-18 01:14:00,41.58671280364108,3.3058021698282234,39.75364156728047,35.66015447126628,Morning,Thursday,55.041266802686565,76.76630833937877,53.087758941570144,-3.176426468742463,5.0,Dc Fast Charger,Casual Driver,1,0,21.725041536692203,12.579915756363006,0.8574891369664615,0.5544895040485477,23,1,1.2765557881968999,3
User_409,Hyundai Kona,75.0,Station_238,Chicago,2024-01-18 00:00:00,2024-01-18 01:03:00,76.4481598100646,2.515123737213468,19.766106813954536,35.76342889522083,Afternoon,Friday,66.48345027491834,81.36186445688712,131.78846154559577,18.50519212950868,6.0,Dc Fast Charger,Commuter,1,0,14.878414181968779,30.395387184712554,0.4678128156920329,1.019308797467528,0,1,1.7238931829493884,3
User_410,Bmw I3,100.0,Station_34,New York,2024-01-18 01:00:00,2024-01-18 03:33:00,19.89879895108544,1.8496720908513216,33.63605071304322,30.708297411251525,Morning,Thursday,14.367222164095724,93.02253678331718,10.028295172958789,22.189261165233205,7.0,Dc Fast Charger,Long-Distance Traveler,0,0,78.65531461922146,10.75801437968765,1.543223663234029,0.1989879895108544,1,1,0.5039648472056031,3
User_411,Nissan Leaf,46.876796546450585,Station_169,San Francisco,2024-01-18 02:00:00,2024-01-18 04:19:00,25.1008625389698,3.775303416191173,24.43460764935305,30.54739627500601,Afternoon,Tuesday,19.64174718336392,65.46861812315663,289.5420314364516,-8.675996097347834,6.0,Level 2,Commuter,0,0,45.82687093979271,6.648700719343387,1.2169859194113475,0.5354645451102266,2,1,11.535142706228896,2
User_412,Nissan Leaf,50.0,Station_10,Houston,2024-01-18 03:00:00,2024-01-18 06:25:00,27.04710323077237,1.109637723285248,4.5216315423165945,33.45756611305026,Afternoon,Monday,52.03296567632051,100.0,58.72601728426816,20.56538826962948,3.0,Dc Fast Charger,Commuter,0,0,47.96703432367949,24.374714975168104,1.2370110701904853,0.5409420646154475,3,1,2.171249792748735,3
User_413,Hyundai Kona,50.0,Station_122,Chicago,2024-01-18 04:00:00,2024-01-18 05:02:00,30.184684241437047,2.9714279747215,40.18246010654073,7.260888622439543,Afternoon,Sunday,64.15663500524101,65.40054488526368,104.53585323424738,26.17562590446412,0.0,Dc Fast Charger,Casual Driver,0,1,1.2439098800226702,10.158309236577116,0.24054876851989435,0.603693684828741,4,1,3.463208440350098,3
User_414,Bmw I3,85.0,Station_401,San Francisco,2024-01-18 05:00:00,2024-01-18 07:07:00,15.342120681093242,3.3924522509710866,43.49684995974235,30.945514989681904,Evening,Tuesday,41.89272736540871,95.37829796681748,172.29357704315214,36.03515006018003,0.0,Level 1,Long-Distance Traveler,0,0,53.485570601408774,4.52242789171213,2.017029824815379,0.18049553742462637,5,1,11.230101797822316,1
User_415,Tesla Model 3,62.0,Station_145,New York,2024-01-18 06:00:00,2024-01-18 07:30:00,45.34396447469323,3.0235736375596303,11.27466652026834,11.656528441856748,Night,Wednesday,74.80767196420969,78.22201633321833,277.64368661968854,37.9722579089503,0.0,Level 1,Commuter,1,0,3.4143443690086457,14.996811690450839,0.2570690184878372,0.7313542657208586,6,1,6.1230571661779445,1
User_416,Hyundai Kona,50.0,Station_451,Los Angeles,2024-01-18 07:00:00,2024-01-18 07:39:00,60.26038300407493,3.030396835550412,31.22297313743316,11.46758402759491,Evening,Saturday,51.19126735473256,66.23084709485897,175.9741268815444,6.872874117919974,7.0,Level 2,Commuter,0,1,15.039579740126413,19.88531082699927,0.19030054997857296,1.2052076600814987,7,1,2.9202291473926523,2
User_417,Nissan Leaf,100.0,Station_446,Houston,2024-01-18 08:00:00,2024-01-18 11:31:00,5.650181738384828,0.6399514507924429,11.667438213057288,25.630101905021245,Morning,Saturday,58.40045758268339,65.01799108616504,83.26552535518786,23.05944662777797,6.0,Dc Fast Charger,Casual Driver,0,1,6.617533503481653,8.829078723688005,4.536155311766647,0.056501817383848275,8,1,14.736787100053583,3
User_418,Nissan Leaf,85.0,Station_223,New York,2024-01-18 09:00:00,2024-01-18 10:53:00,32.491515817951985,0.7759716069971889,47.25775934357723,7.587563676535479,Evening,Friday,76.1749192144271,84.13308475155758,143.61035312523487,17.163043466294006,0.0,Level 2,Casual Driver,1,0,7.958165537130469,41.87204212752812,0.23352445970967137,0.38225312727002336,9,1,4.419933927671305,2
User_419,Hyundai Kona,62.0,Station_371,Chicago,2024-01-18 10:00:00,2024-01-18 11:34:00,61.46067458832575,2.469784373228879,31.65043077258852,10.99170878566838,Evening,Friday,15.973834415845005,62.9312696243236,57.16364358717763,-9.469038376152003,0.4616615532392187,Level 1,Long-Distance Traveler,0,0,46.95743520847859,24.885036626891836,0.1788413299934104,0.9913012030375121,10,1,0.9300848708555449,1
User_420,Bmw I3,85.0,Station_257,Chicago,2024-01-18 11:00:00,2024-01-18 12:46:00,41.57891512365271,1.0769985933129254,35.41810599547556,7.26985449231802,Night,Thursday,45.88552782646099,90.42239600795594,149.93485696789244,21.27698236167988,0.0,Dc Fast Charger,Casual Driver,0,0,44.53686818149495,38.60628545089643,0.17484473730731054,0.48916370733709075,11,1,3.6060310020595034,3
User_421,Nissan Leaf,100.0,Station_268,Los Angeles,2024-01-18 12:00:00,2024-01-18 12:30:00,41.60286682113125,1.49511890442402,4.90972210158473,13.571098531694306,Morning,Tuesday,61.69216277980648,61.83041388098421,32.04873121482466,18.099397255919133,2.0,Dc Fast Charger,Long-Distance Traveler,1,0,0.13825110117772965,27.825791445770225,0.3262058499488109,0.4160286682113125,12,1,0.7703491048493375,3
User_422,Bmw I3,85.0,Station_359,Los Angeles,2024-01-18 13:00:00,2024-01-18 15:42:00,29.697898464844947,3.9196356376575454,32.30310225795641,21.480065597115363,Afternoon,Saturday,42.99230053892738,50.440450369675816,180.4529064607688,8.199106994886627,4.0,Level 2,Long-Distance Traveler,0,1,7.448149830748434,7.57669875728373,0.7232857106890075,0.34938704076288174,13,1,6.076285386805431,2
User_423,Nissan Leaf,69.44504561307087,Station_4,Houston,2024-01-18 14:00:00,2024-01-18 15:49:00,72.71574852972469,0.6821324319309614,32.25343212250283,28.119461561042414,Afternoon,Monday,28.898519624791028,57.73534409312983,151.6213286334007,4.485795959215874,2.0,Dc Fast Charger,Commuter,0,0,28.836824468338804,106.60063226122087,0.38670387267687634,1.047097714282993,14,1,2.0851236726446,3
User_424,Nissan Leaf,85.0,Station_426,Houston,2024-01-18 15:00:00,2024-01-18 15:44:00,61.92710360384021,0.7984037862290121,25.27459825729891,27.12255886984625,Morning,Wednesday,73.65740811728803,93.02610697458002,161.19607009381224,7.685197904873899,3.0,Dc Fast Charger,Commuter,0,0,19.36869885729199,77.56363969205576,0.4379755759829261,0.7285541600451789,15,1,2.602997083878087,3
User_425,Chevy Bolt,50.0,Station_397,Los Angeles,2024-01-18 16:00:00,2024-01-18 16:57:00,12.666812834895836,2.3173563103421726,36.15762510493737,30.66760989395416,Evening,Thursday,65.45118030280928,75.29528502074453,199.25939347720364,25.33417038793361,3.0,Level 1,Commuter,1,0,9.844104717935252,5.466061812922287,2.4210991583824373,0.2533362566979167,16,1,15.730823220839216,1
User_426,Nissan Leaf,100.0,Station_354,Los Angeles,2024-01-18 17:00:00,2024-01-18 17:52:00,78.95506101572013,3.796562675515384,41.30756664038859,26.94412074408073,Night,Tuesday,50.08944938648692,74.78962116495197,91.25991153552684,37.20721923843083,6.0,Level 2,Commuter,0,0,24.700171778465048,20.796459261666733,0.34125894397974177,0.7895506101572013,17,1,1.1558462543313948,2
User_427,Tesla Model 3,100.0,Station_106,Chicago,2024-01-18 18:00:00,2024-01-18 20:18:00,64.98220570964298,3.7347586678524105,38.49923631058793,24.817782068372697,Night,Monday,66.71032209156328,67.10984362193446,133.72424414712458,1.1741854019925757,2.0,Level 1,Commuter,1,0,0.39952153037117455,17.39930514627055,0.38191658466111256,0.6498220570964298,18,1,2.057859419925487,1
User_428,Hyundai Kona,85.0,Station_85,Los Angeles,2024-01-18 19:00:00,2024-01-18 21:16:00,37.28701875736325,1.9047180148348133,29.148826227508486,10.420681132797322,Morning,Tuesday,29.08564191565545,78.12984431226614,46.646749394879045,6.233313953621948,2.0,Level 2,Long-Distance Traveler,0,0,49.04420239661069,19.57613592508441,0.27947209189899364,0.43867080891015586,19,1,1.2510184763877772,2
User_429,Hyundai Kona,100.0,Station_214,San Francisco,2024-01-18 20:00:00,2024-01-18 22:54:00,72.09484050132289,2.022818243448336,7.424169715513885,7.964528513846047,Morning,Monday,32.50685926451319,89.84464823529999,255.1174516175313,-3.311599169989914,3.0,Level 1,Commuter,0,0,57.3377889707868,35.64079013763563,0.11047293340915157,0.7209484050132289,20,1,3.5386367435385346,1
User_430,Bmw I3,62.0,Station_121,New York,2024-01-18 21:00:00,2024-01-18 23:22:00,65.75133335346975,0.8762452298830018,42.51413254693079,20.24363545415362,Evening,Sunday,18.32067912471357,81.15356977414737,80.82729730659933,18.95955581826692,1.0,Level 2,Commuter,0,1,62.8328906494338,75.03759348538652,0.30788174812101127,1.0605053766688668,21,1,1.2292875776690848,2
User_431,Nissan Leaf,3.976596498856954,Station_132,Los Angeles,2024-01-18 22:00:00,2024-01-19 00:07:00,42.86561113214803,2.1935147260171712,33.884619968872244,6.190579209611132,Night,Tuesday,67.7784177480529,87.89447635185651,65.34041015754734,-5.560344629154537,2.0,Dc Fast Charger,Commuter,1,0,20.11605860380361,19.541975544417873,0.1444183121646519,10.779472130116662,22,1,1.5243083775503161,3
User_432,Tesla Model 3,62.0,Station_338,Houston,2024-01-18 23:00:00,2024-01-19 01:50:00,33.39817875530706,2.4550069759789315,14.420929224434923,15.413120726098814,Morning,Tuesday,23.344139229666805,68.13930114934985,23.106882718779463,27.28334185780242,2.0,Dc Fast Charger,Long-Distance Traveler,0,0,44.79516191968304,13.60410747590221,0.46149584499872254,0.5386803025049526,23,1,0.6918605618609583,3
User_433,Bmw I3,62.0,Station_197,San Francisco,2024-01-19 00:00:00,2024-01-19 02:51:00,46.5117702649118,2.8093466210082094,10.481223831096187,15.911977559564214,Evening,Sunday,70.98136180299576,94.37776504731777,223.2601756243401,38.45202722070744,5.0,Level 2,Casual Driver,0,1,23.396403244322002,16.55608101794851,0.3421064704468605,0.7501898429824484,0,1,4.800079084342361,2
User_434,Chevy Bolt,50.0,Station_19,Houston,2024-01-19 01:00:00,2024-01-19 03:48:00,74.54048485931233,3.5910798729146616,16.935868935365697,28.374687430584363,Evening,Saturday,51.814911293300895,76.07639192771855,31.43841720184454,10.74680104545826,2.0,Level 2,Casual Driver,0,1,24.26148063441765,20.757122508336842,0.3806614282713445,1.4908096971862466,1,1,0.4217629823736912,2
User_435,Bmw I3,100.0,Station_130,San Francisco,2024-01-19 02:00:00,2024-01-19 02:57:00,53.83827205577136,0.9481929847390816,25.60597779167056,39.90750720326488,Morning,Thursday,65.22042875296964,88.65894891293276,207.67198392828075,4.719933351279762,5.0,Level 2,Commuter,0,0,23.43852015996312,56.77986751883244,0.7412479204742023,0.5383827205577136,2,1,3.8573300367655223,2
User_436,Bmw I3,1.5328065298450655,Station_12,Los Angeles,2024-01-19 03:00:00,2024-01-19 04:11:00,42.46618717006869,1.3835663186345084,25.857794702299618,5.161757926190234,Night,Tuesday,31.21107229664343,95.21101275635284,51.91851109371213,32.47350300761811,4.0,Level 2,Casual Driver,0,0,63.999940459709414,30.693279099176184,0.12154983223519487,27.704857947311282,3,1,1.2225847092367568,2
User_437,Nissan Leaf,75.0,Station_81,New York,2024-01-19 04:00:00,2024-01-19 06:08:00,40.24838259933458,2.662353479156112,30.7235039038709,23.560260371263578,Afternoon,Tuesday,44.91146075438736,51.96882652189177,249.8080269482205,39.07310557395579,6.0,Dc Fast Charger,Long-Distance Traveler,0,0,7.0573657675044075,15.117595358559278,0.585371606253144,0.5366451013244611,4,1,6.20666001501264,3
User_438,Chevy Bolt,100.0,Station_330,Houston,2024-01-19 05:00:00,2024-01-19 06:30:00,76.49931986653537,3.007714521664014,37.44551097801787,31.94888426577516,Evening,Thursday,24.87475155858137,58.71010168215999,59.59145482959687,45.75334767132824,2.0,Level 2,Commuter,0,0,33.83535012357862,25.434368626252542,0.4176361871127066,0.7649931986653538,5,1,0.7789801913737687,2
User_439,Bmw I3,62.0,Station_354,San Francisco,2024-01-19 06:00:00,2024-01-19 08:32:00,5.614874084822165,2.4596015464435803,18.561165291353888,54.892982525794544,Afternoon,Thursday,42.52683279726473,64.39746848163185,127.33484113475907,5.264035651558466,7.0,Dc Fast Charger,Long-Distance Traveler,0,0,21.870635684367116,2.2828388984146226,9.776351472275824,0.09056248523906717,6,1,22.678129413260393,3
User_440,Tesla Model 3,50.0,Station_262,Chicago,2024-01-19 07:00:00,2024-01-19 08:33:00,26.46822315749027,1.3772959301454932,15.863349570407047,18.34323149799863,Evening,Friday,14.989946320580836,25.363981311683013,79.43076812948085,14.938962399475924,5.0,Dc Fast Charger,Long-Distance Traveler,1,0,10.374034991102176,19.21752804039307,0.6930284435359862,0.5293644631498055,7,1,3.0009860373646826,3
User_441,Tesla Model 3,50.0,Station_392,Los Angeles,2024-01-19 08:00:00,2024-01-19 09:00:00,6.8738855284034415,1.4944755247188948,42.83582803315509,23.71095350298633,Night,Friday,55.02332896521806,60.64343387805784,122.6429155562319,38.70574588692664,5.0,Level 2,Commuter,1,0,5.620104912839778,4.59953034673913,3.449425132992219,0.13747771056806882,8,1,17.841861789734732,2
User_442,Hyundai Kona,67.54202075470891,Station_125,New York,2024-01-19 09:00:00,2024-01-19 10:50:00,21.580915527008145,1.2655236873891065,32.631930630337024,29.87794437802515,Afternoon,Saturday,14.542459140504551,87.11111918933997,124.11936816817752,-5.861573323905558,4.690347029293445,Dc Fast Charger,Long-Distance Traveler,0,1,72.56866004883543,17.052952656723154,1.384461393245037,0.3195183573998052,9,1,5.751348593753785,3
User_443,Chevy Bolt,75.0,Station_307,Los Angeles,2024-01-19 10:00:00,2024-01-19 13:50:00,7.569584209512826,3.27187747187611,40.84040127692055,36.54436531954519,Morning,Thursday,53.49480287054351,55.749780360748325,299.5639341927111,26.733927457809,0.7394107549834095,Level 2,Commuter,1,0,2.2549774902048156,2.3135292426376806,4.827790312923564,0.100927789460171,10,1,39.57468810720726,2
User_444,Chevy Bolt,100.0,Station_267,Chicago,2024-01-19 11:00:00,2024-01-19 11:39:00,49.5455465707554,0.6749395027714313,27.007663464458027,5.384944037466093,Evening,Sunday,48.444748344060486,92.49696553778732,60.587195895566325,36.81082491098743,7.0,Dc Fast Charger,Long-Distance Traveler,0,1,44.05221719372683,73.4073889101347,0.10868674200164327,0.495455465707554,11,1,1.2228585632624414,3
User_445,Hyundai Kona,85.0,Station_447,New York,2024-01-19 12:00:00,2024-01-19 12:37:00,72.83010773877143,1.6078485256928945,45.37916919866272,5.708701644822321,Morning,Wednesday,52.321356120303,81.62522040570914,132.9596225238148,31.78229688789351,0.91050431727977,Level 2,Casual Driver,1,0,29.303864285406142,45.296622520697746,0.0783838143601052,0.8568247969267228,12,1,1.825613426259332,2
User_446,Bmw I3,100.0,Station_441,Chicago,2024-01-19 13:00:00,2024-01-19 15:58:00,71.12558827151543,0.8234738515861253,14.167129141388296,11.348579546094816,Morning,Saturday,78.36258956686292,91.25000145077829,50.619867125485854,-1.7144756464186806,5.0,Level 2,Casual Driver,0,1,12.887411883915362,86.372612967027,0.1595569164612411,0.7112558827151543,13,1,0.7116969905717917,2
User_447,Chevy Bolt,100.0,Station_383,Los Angeles,2024-01-19 14:00:00,2024-01-19 17:54:00,36.2444170838149,0.6973236695169336,12.830881426012573,9.742134927960404,Night,Monday,52.58836904710326,83.70724478439372,125.23368798781787,-7.501413577858543,6.0,Level 1,Casual Driver,1,0,31.118875737290466,51.976461818545445,0.2687899464745646,0.362444170838149,14,1,3.4552545761245392,1
User_448,Tesla Model 3,127.2802740366814,Station_140,San Francisco,2024-01-19 15:00:00,2024-01-19 16:28:00,53.39924325525044,3.4305145067046974,49.76976563845879,15.319970944508244,Morning,Thursday,50.98469610894102,51.05548437559695,215.46406232176173,31.619341677485203,6.0,Level 1,Long-Distance Traveler,1,0,0.0707882666559243,15.56595757017946,0.2868949073169107,0.4195406056390254,15,1,4.034964714609067,1
User_449,Tesla Model 3,107.43195454576464,Station_329,Los Angeles,2024-01-19 16:00:00,2024-01-19 19:27:00,5.746444809429853,0.5810295603537152,7.007637736562545,20.652585896274296,Evening,Friday,60.71131119139218,67.30386447899235,140.00446081941055,16.976171076313854,3.0,Level 2,Commuter,0,0,6.592553287600175,9.890107494585253,3.593976202883499,0.05348915817204034,16,1,24.363665790309994,2
User_450,Nissan Leaf,62.0,Station_2,Los Angeles,2024-01-19 17:00:00,2024-01-19 20:46:00,9.737039612310449,3.070307175368709,3.645282258602781,39.66248652039684,Morning,Tuesday,75.78098420909689,97.16335944186612,157.8770594586192,13.520221296228211,4.0,Level 1,Casual Driver,0,0,21.382375232769235,3.171356823976787,4.073361935413298,0.15704902600500723,17,1,16.21407180669335,1
User_451,Chevy Bolt,85.0,Station_8,Los Angeles,2024-01-19 18:00:00,2024-01-19 21:47:00,39.46218311483076,1.645409808093363,40.998375341873775,21.672757303621,Morning,Thursday,64.45040221704758,72.99405914705466,53.93574968705855,-1.2608528767847478,2.0,Dc Fast Charger,Commuter,1,0,8.543656930007074,23.983194290398696,0.5492032014690009,0.4642609778215383,18,1,1.3667705491637716,3
User_452,Bmw I3,85.0,Station_250,Houston,2024-01-19 19:00:00,2024-01-19 19:59:00,63.83060874636528,2.4586525201777665,38.13906947158999,6.759900462406749,Evening,Thursday,11.083545913952166,74.4052795934412,295.9873020763941,13.919159881889572,2.044744282084336,Level 2,Casual Driver,0,0,63.32173367948903,25.961622564603058,0.10590374422508825,0.7509483381925327,19,1,4.637074718377154,2
User_453,Hyundai Kona,85.0,Station_139,Chicago,2024-01-19 20:00:00,2024-01-19 22:54:00,72.94802476319454,3.757952843891181,14.790119300536766,10.521720299391488,Morning,Friday,38.584757552644014,78.14300037423867,14.891723325678914,34.422203587940146,2.0,Level 2,Casual Driver,0,0,39.55824282159465,19.41163920717545,0.14423584920287183,0.8582120560375828,20,1,0.20414155659485983,2
User_454,Hyundai Kona,62.0,Station_124,Chicago,2024-01-19 21:00:00,2024-01-20 00:52:00,21.097847217832147,3.468062457867462,37.26275518553577,25.5517095163491,Night,Friday,66.19996585752617,78.69730898608768,197.84868477952736,-3.5252079868623687,1.0,Level 2,Long-Distance Traveler,0,0,12.49734312856151,6.083468067298123,1.2111050597974042,0.3402878583521314,21,1,9.377671699712725,2
User_455,Bmw I3,62.0,Station_309,Chicago,2024-01-19 22:00:00,2024-01-19 22:49:00,58.7914423257815,2.4717227683053737,34.24176571321428,19.215941808503217,Evening,Wednesday,63.04816280361352,97.7190613489558,29.975992923414776,-4.119519404011887,7.0,Level 1,Casual Driver,0,0,34.67089854534228,23.785613451337518,0.32684930065198536,0.9482490697706694,22,1,0.509870003823151,1
User_456,Nissan Leaf,62.0,Station_228,Houston,2024-01-19 23:00:00,2024-01-20 00:17:00,65.18392768549774,2.408337111546665,38.57770532755983,33.18646283163397,Night,Saturday,17.729717562967462,82.79136169634214,254.2166123575022,17.14920107046611,1.0,Level 1,Commuter,0,1,65.06164413337467,27.065948273178325,0.509120330885145,1.0513536723467376,23,1,3.8999891750012003,1
User_457,Hyundai Kona,85.0,Station_10,San Francisco,2024-01-20 00:00:00,2024-01-20 03:50:00,72.54995630814713,0.3599172409276058,35.112702584459015,32.06992948545012,Morning,Friday,61.84883271010332,64.36786853814274,44.41734515331864,9.6879735645313,0.0,Dc Fast Charger,Commuter,0,0,2.5190358280394207,201.57399551398518,0.4420392666983421,0.8535288977429074,0,1,0.6122311771582792,3
User_458,Chevy Bolt,100.0,Station_469,Los Angeles,2024-01-20 01:00:00,2024-01-20 03:39:00,57.55690005797869,3.3415037801842224,13.036283136136436,14.258109348839728,Afternoon,Friday,55.28433248688425,93.58373877917836,249.41857849199,24.24837181931027,2.0,Level 1,Casual Driver,0,0,38.29940629229411,17.22484960193745,0.2477219818036957,0.5755690005797869,1,1,4.333426196350804,1
User_459,Nissan Leaf,52.33224825582724,Station_212,San Francisco,2024-01-20 02:00:00,2024-01-20 03:06:00,67.41433642306683,3.043865243332828,48.63021491124283,11.126090103631013,Night,Friday,69.22633585132662,93.24635424330658,206.548213479252,32.355743365128006,6.238923430705063,Level 1,Commuter,1,0,24.02001839197996,22.14760872569137,0.1650404156440536,1.2881987430295465,2,1,3.063861849548347,1
User_460,Chevy Bolt,75.0,Station_112,Houston,2024-01-20 03:00:00,2024-01-20 05:38:00,21.030519654584147,2.84441668585701,8.332992518212054,8.848458661676297,Night,Saturday,16.00498510621164,70.4098916045716,157.67642915027503,35.80057735935224,2.081759465331221,Dc Fast Charger,Commuter,0,1,54.404906498359956,7.393614219446805,0.4207437004414461,0.2804069287277886,3,1,7.497505137297231,3
User_461,Tesla Model 3,62.0,Station_8,Chicago,2024-01-20 04:00:00,2024-01-20 06:41:00,16.47214029543078,1.7717153171269555,22.11445681424676,24.10975592868188,Morning,Tuesday,90.69939969167524,91.81780236135606,141.28878854232272,39.911736178054056,0.0,Level 2,Commuter,0,0,1.118402669680819,9.297283901198242,1.4636686852023537,0.26567968218436744,4,1,8.577439604585868,2
User_462,Nissan Leaf,50.0,Station_292,Los Angeles,2024-01-20 05:00:00,2024-01-20 07:09:00,78.30687812670662,2.400157460171667,11.811002501678058,29.763142987146274,Afternoon,Thursday,18.93648977863772,51.58666808369004,20.622474485480154,4.6909699785736425,1.0,Level 2,Commuter,0,0,32.65017830505232,32.62572536432916,0.38008338091306865,1.5661375625341325,5,1,0.2633545734272714,2
User_463,Hyundai Kona,85.0,Station_477,New York,2024-01-20 06:00:00,2024-01-20 07:23:00,38.59965910016511,3.9114147215836215,31.47135995232412,22.309866858834983,Evening,Thursday,52.90034739238265,72.17599402379142,116.30253762518768,2.03733962078266,6.0,Dc Fast Charger,Commuter,0,0,19.27564663140877,9.86846495391243,0.5779809298559208,0.4541136364725307,6,1,3.0130457194812426,3
User_464,Nissan Leaf,85.0,Station_362,New York,2024-01-20 07:00:00,2024-01-20 09:31:00,26.566509231569366,1.0655562561532388,43.375916432063285,32.626966338713174,Afternoon,Friday,13.354201357160642,65.43262383674566,32.84066205433538,37.665443163360855,7.0,Level 1,Casual Driver,0,0,52.07842247958502,24.93205692159045,1.2281239531440615,0.3125471674302278,7,1,1.2361677542230634,1
User_465,Nissan Leaf,100.0,Station_460,San Francisco,2024-01-20 08:00:00,2024-01-20 08:54:00,23.02231536206597,2.64563739765335,6.999032822023879,5.056096912147736,Evening,Sunday,62.42090098406074,91.38325835262438,230.79684098303363,4.619965681193786,6.0,Dc Fast Charger,Commuter,0,1,28.962357368563644,8.701991959475059,0.21961722062406905,0.2302231536206597,8,1,10.024918751800229,3
User_466,Nissan Leaf,85.0,Station_253,Chicago,2024-01-20 09:00:00,2024-01-20 11:40:00,62.04960065177048,1.1777169888307482,31.374967924079545,35.344789431535474,Morning,Sunday,58.35691808891281,88.13204445267742,205.229616253925,11.034156205320189,5.0,Dc Fast Charger,Commuter,1,1,29.775126363764606,52.686342508631114,0.5696215456710916,0.7299953017855351,9,1,3.307509058852728,3
User_467,Nissan Leaf,85.0,Station_14,New York,2024-01-20 10:00:00,2024-01-20 10:38:00,58.09105214274015,2.6494030406185662,7.069653277241604,30.93345702718296,Afternoon,Saturday,42.03630469453958,99.21085072823868,39.4042422018901,-6.2488619963562,4.0,Level 2,Casual Driver,0,1,57.1745460336991,21.926090991870158,0.5324995138868186,0.6834241428557665,10,1,0.678318617901201,2
User_468,Chevy Bolt,75.0,Station_240,San Francisco,2024-01-20 11:00:00,2024-01-20 14:53:00,63.29716818793051,0.8335445839843811,30.686694797486908,5.541127114661352,Morning,Wednesday,37.26698194802374,70.74768658360593,157.31824017266305,7.957659565172058,4.0,Level 1,Long-Distance Traveler,0,0,33.480704635582185,75.93735164754735,0.08754146944156552,0.8439622425057401,11,1,2.485391442877542,1
User_469,Tesla Model 3,39.297422534529126,Station_438,Houston,2024-01-20 12:00:00,2024-01-20 15:51:00,21.002230102472843,1.8634359746913327,26.2327228750375,33.58178281533068,Night,Friday,32.27555920443467,58.86833854431998,216.6864603163302,37.19955857157731,7.0,Level 2,Commuter,0,0,26.59277933988531,11.270701214165268,1.5989627126014918,0.534442941748126,12,1,10.317307222094339,2
User_470,Bmw I3,62.0,Station_242,San Francisco,2024-01-20 13:00:00,2024-01-20 14:03:00,36.3229254401527,2.005413957626917,19.413529706676293,32.6201960806905,Afternoon,Saturday,22.320229882583984,89.40895162500289,254.269483754404,-1.5247863712947982,1.087110727705426,Level 2,Long-Distance Traveler,0,1,67.0887217424189,18.11243274836633,0.8980608165616234,0.5858536361314952,13,1,7.000247933590865,2
User_471,Nissan Leaf,129.52415942251062,Station_469,San Francisco,2024-01-20 14:00:00,2024-01-20 15:12:00,65.45087828663634,3.919259958790604,47.4435191653886,11.05758726245597,Evening,Saturday,17.565958896665308,99.9408172627621,117.8599335482961,10.837702741330595,0.0,Dc Fast Charger,Long-Distance Traveler,0,1,82.37485836609679,16.699805313968767,0.16894482628682603,0.5053179158116298,14,1,1.8007387621620436,3
User_472,Hyundai Kona,85.0,Station_342,San Francisco,2024-01-20 15:00:00,2024-01-20 16:43:00,46.92333914698138,2.219335715828513,38.70199053243804,16.961006220787354,Night,Wednesday,48.0560017004394,81.16068391004717,129.32515921274717,11.796331097082197,6.0,Level 2,Casual Driver,0,0,33.104682209607766,21.14296580383025,0.36146204701372947,0.5520392840821339,15,1,2.7560945483366517,2
User_473,Nissan Leaf,62.0,Station_149,Los Angeles,2024-01-20 16:00:00,2024-01-20 18:03:00,45.355066305111706,1.4642780697619835,25.857794702299618,34.75363397380163,Evening,Saturday,85.20753539975907,86.24033241677763,191.27847464502588,29.73598766323549,6.0,Level 2,Long-Distance Traveler,1,1,1.0327970170185665,30.97435332927175,0.7662569323569647,0.7315333275018017,16,1,4.217356300578663,2
User_474,Hyundai Kona,75.0,Station_236,San Francisco,2024-01-20 17:00:00,2024-01-20 17:51:00,44.72944867558798,1.3547156561578209,36.47363187753644,23.684786375233543,Night,Thursday,62.84957818789046,84.84170283715224,174.43146191095198,12.80764367381328,0.0,Level 2,Long-Distance Traveler,1,0,21.992124649261783,33.01759190002091,0.5295121463940602,0.5963926490078397,17,1,3.899700691060642,2
User_475,Chevy Bolt,100.0,Station_306,San Francisco,2024-01-20 18:00:00,2024-01-20 19:39:00,57.859669994397166,3.1047758548325763,40.17499281083346,36.943770351915546,Evening,Wednesday,43.72609898965084,96.35537303727936,129.61277558790152,-7.46238544382611,5.0,Level 1,Long-Distance Traveler,0,0,52.62927404762852,18.635699547952463,0.6385064131111186,0.5785966999439717,18,1,2.2401229664886193,1
User_476,Hyundai Kona,85.0,Station_478,Los Angeles,2024-01-20 19:00:00,2024-01-20 21:39:00,25.892596490424456,2.5747030476463624,23.43530217692562,36.64684726237189,Evening,Wednesday,36.57910927172929,44.08637268371391,75.87400701763998,-6.698703624027615,6.0,Level 1,Casual Driver,0,0,7.507263411984624,10.056537010780291,1.415340762596928,0.3046187822402877,19,1,2.930335976374542,1
User_477,Bmw I3,50.0,Station_167,Los Angeles,2024-01-20 20:00:00,2024-01-20 22:03:00,65.89861180142826,2.155199155869485,39.459358758943125,10.077642639295354,Morning,Monday,73.79002998161442,95.2886288860187,161.19607009381224,26.153668674740423,3.0,Level 2,Commuter,0,0,21.498598904404275,30.576576471812132,0.15292647847669735,1.3179722360285653,20,1,2.4461223944981274,2
User_478,Tesla Model 3,75.0,Station_20,Houston,2024-01-20 21:00:00,2024-01-21 00:43:00,34.80201788379793,0.8520497980881836,16.59673017522612,28.327978747958777,Night,Wednesday,57.798200960914784,64.52432585147629,132.9596225238148,14.224294146774383,2.0,Dc Fast Charger,Casual Driver,1,0,6.726124890561508,40.84505150037729,0.8139751793285199,0.4640269051173057,21,1,3.8204572783037998,3
User_479,Hyundai Kona,3.8385180739985976,Station_216,Chicago,2024-01-20 22:00:00,2024-01-20 23:01:00,18.869451407961307,3.9854596060069554,44.01084818756358,13.00840517247886,Morning,Wednesday,58.04787058173361,66.32789090836553,185.6466636485599,-9.97026209786713,5.0,Dc Fast Charger,Casual Driver,0,0,8.28002032663192,4.734573492984582,0.6893896855417013,4.91581674078323,22,1,9.838476998342028,3
User_480,Hyundai Kona,78.84320420925265,Station_343,New York,2024-01-20 23:00:00,2024-01-21 01:15:00,77.34671417127635,1.8165242448030536,7.85189464136765,37.60901008780434,Morning,Tuesday,63.6212275771028,82.11490616846856,132.9596225238148,-5.390181107833149,7.0,Level 2,Casual Driver,0,0,18.493678591365764,42.57951105940908,0.48623927326147376,0.9810194162834306,23,1,1.7190080270170156,2
User_481,Tesla Model 3,100.0,Station_135,New York,2024-01-21 00:00:00,2024-01-21 02:53:00,31.73110320047439,2.64898293412186,68.54260187297076,16.74899045179705,Morning,Thursday,39.60719965721378,85.42662634465816,107.6823950190376,-9.30311606449408,1.0,Level 1,Commuter,0,0,45.81942668744438,11.978598575227618,0.5278414162274272,0.3173110320047439,0,1,3.3935912766319363,1
User_482,Bmw I3,100.0,Station_393,San Francisco,2024-01-21 01:00:00,2024-01-21 04:53:00,41.27067550637497,3.4909127560735143,6.792363387650859,27.60932373685189,Morning,Friday,10.86844432855906,72.77003285819575,244.03178287529252,-8.037420442484514,1.0,Dc Fast Charger,Long-Distance Traveler,0,0,61.90158852963669,11.82231650864719,0.6689816291615376,0.4127067550637497,1,1,5.9129582901447195,3
User_483,Nissan Leaf,75.0,Station_129,Houston,2024-01-21 02:00:00,2024-01-21 02:30:00,41.95057477332522,1.020998813824791,39.25700470430688,21.597698150736534,Evening,Monday,89.07810182357422,96.16384199258748,44.225821881158815,11.050774885480116,7.0,Dc Fast Charger,Commuter,0,0,7.085740169013263,41.08778012794457,0.5148367636781389,0.5593409969776696,2,1,1.0542363750706065,3
User_484,Hyundai Kona,85.0,Station_410,San Francisco,2024-01-21 03:00:00,2024-01-21 04:41:00,46.412062022825936,0.851404001814604,28.155322376505964,32.592705472440954,Morning,Wednesday,19.46391120325772,67.77212935880982,87.22398823104606,-6.860000383855454,5.0,Level 1,Long-Distance Traveler,0,0,48.3082181555521,54.51238416064236,0.7022464430994582,0.5460242590920699,3,1,1.8793387845631249,1
User_485,Tesla Model 3,75.0,Station_422,New York,2024-01-21 04:00:00,2024-01-21 07:25:00,21.4095763682542,2.688747405717744,24.625701062345183,14.897692184378757,Morning,Tuesday,33.347001876837226,84.36688507744745,86.90488109479675,29.29869211911572,7.0,Level 1,Commuter,0,0,51.019883200610224,7.962658122040679,0.6958424551766859,0.2854610182433893,4,1,4.05915930329467,1
User_486,Chevy Bolt,100.0,Station_294,Los Angeles,2024-01-21 05:00:00,2024-01-21 06:19:00,54.99600399457137,1.2462496848105056,23.09310458017072,36.96799540053725,Morning,Tuesday,57.08432709765952,88.92940041903762,11.215519610305956,3.2442471291325976,7.0,Dc Fast Charger,Casual Driver,0,0,31.845073321378102,44.12920192869185,0.6721942089499147,0.5499600399457136,5,1,0.20393335507454385,3
User_487,Tesla Model 3,100.0,Station_246,Chicago,2024-01-21 06:00:00,2024-01-21 08:50:00,7.739028453603041,2.1044905591572047,36.45383942466944,15.488292335673664,Evening,Saturday,77.5878565014895,99.5840325558417,100.993065560466,-9.7331719540477,6.0,Level 2,Casual Driver,0,1,21.996176054352205,3.677388059513237,2.0013225727917847,0.0773902845360304,6,1,13.049837736860484,2
User_488,Chevy Bolt,62.0,Station_189,Houston,2024-01-21 07:00:00,2024-01-21 07:44:00,11.48343148800489,3.621537943128784,21.47990189129317,13.026780016677543,Night,Friday,35.53501680990728,91.07521077036716,267.40126313418483,-9.30581701543396,0.0,Dc Fast Charger,Long-Distance Traveler,0,0,55.54019396045988,3.170871510484277,1.134397852269574,0.18521663690330467,7,1,23.285832585277404,3
User_489,Bmw I3,75.0,Station_44,Los Angeles,2024-01-21 08:00:00,2024-01-21 09:22:00,39.469966222866766,2.399707257559314,21.76519335517244,7.401232278898721,Evening,Friday,18.83987638782527,43.73232054574708,73.21338218607342,-2.094621088055161,3.0,Level 1,Casual Driver,1,0,24.89244415792181,16.44782549976981,0.18751554630444164,0.5262662163048902,8,1,1.8549137278880552,1
User_490,Nissan Leaf,100.0,Station_86,Chicago,2024-01-21 09:00:00,2024-01-21 12:21:00,27.61163115157696,2.1747180096332643,41.06408281007833,5.519114485910332,Evening,Sunday,27.5521263709905,68.84943482879109,95.48346782769497,34.20946138998912,6.0,Level 1,Casual Driver,0,1,41.29730845780059,12.696648958286447,0.19988368146787744,0.2761163115157696,9,1,3.4580886331389986,1
User_491,Tesla Model 3,85.0,Station_44,Houston,2024-01-21 10:00:00,2024-01-21 10:37:00,15.254170728009932,3.308464005125461,6.762530033811055,1.6408028431791564,Evening,Thursday,42.74181829169473,88.23131388421965,263.8277791210288,-2.2583171498135663,5.166465086368807,Level 1,Commuter,0,0,45.48949559252492,4.610650351455607,0.10756421128592,0.1794608320942345,10,1,17.295452098001263,1
User_492,Hyundai Kona,85.0,Station_330,Houston,2024-01-21 11:00:00,2024-01-21 12:43:00,45.06853330402873,1.7125795757007114,41.03311513860815,7.398448665378677,Night,Sunday,51.66193909108173,92.05776182737962,76.48391316423336,37.01416735411192,6.0,Level 1,Long-Distance Traveler,0,1,40.395822736297895,26.31616886216145,0.1641599609081869,0.5302180388709262,11,1,1.6970579594476478,1
User_493,Bmw I3,100.0,Station_375,New York,2024-01-21 12:00:00,2024-01-21 13:15:00,10.155212817693824,1.5201044618026391,41.18046160227635,6.571259003104723,Morning,Saturday,28.835198378086417,76.29684375070215,156.08425441646537,7.541240675992974,1.0,Level 2,Commuter,0,1,47.461645372615735,6.6806019407713,0.6470823527849029,0.10155212817693825,12,1,15.369865429556894,2
User_494,Tesla Model 3,75.0,Station_446,Los Angeles,2024-01-21 13:00:00,2024-01-21 14:38:00,54.99770543084315,3.4786292848725786,34.58457236976521,36.061237324988205,Morning,Wednesday,42.69807426210118,60.69092056799536,2.90836929516522,22.32525036030907,1.0,Dc Fast Charger,Commuter,0,0,17.992846305894183,15.810165708088007,0.6556862153155353,0.7333027390779087,13,1,0.05288164792297286,3
User_495,Hyundai Kona,75.0,Station_378,Houston,2024-01-21 14:00:00,2024-01-21 16:23:00,64.87047474097292,3.233908961731549,38.98816936527054,5.197590769591839,Night,Tuesday,26.65071179350475,56.36477070018802,90.13480940146296,27.33409428258677,4.0,Level 1,Casual Driver,0,0,29.714058906683267,20.059462250984016,0.08012259491464739,0.8649396632129723,14,1,1.3894581434985676,1
User_496,Tesla Model 3,50.0,Station_390,Houston,2024-01-21 15:00:00,2024-01-21 17:56:00,25.13233553126914,1.899860256838659,16.20549350507357,32.61585546839829,Night,Monday,25.684348116376185,94.52863671218913,127.43001739522587,40.25549685924228,4.0,Level 1,Commuter,0,0,68.84428859581294,13.228517961152045,1.2977646040026127,0.5026467106253828,15,1,5.07036113840992,1
User_497,Chevy Bolt,100.0,Station_145,Chicago,2024-01-21 16:00:00,2024-01-21 19:15:00,14.462719261155256,3.400121467770743,44.04035430259583,18.413272054319847,Afternoon,Thursday,14.151779294810476,64.60719261026487,55.74477858323473,1.7816978525239922,2.0,Level 1,Long-Distance Traveler,0,0,50.4554133154544,4.253588996230067,1.2731542196062118,0.14462719261155255,16,1,3.8543774221599554,1
User_498,Tesla Model 3,100.0,Station_51,New York,2024-01-21 17:00:00,2024-01-21 19:32:00,79.41814361458415,2.448882988088648,40.53974347421139,21.02559182603512,Morning,Wednesday,41.24381173795679,60.46037412094381,54.66136458981261,-0.3803868203410356,6.0,Dc Fast Charger,Casual Driver,0,0,19.21656238298702,32.43035457425835,0.2647454456763962,0.7941814361458416,17,1,0.6882730079298244,3
User_499,Tesla Model 3,75.0,Station_242,San Francisco,2024-01-21 18:00:00,2024-01-21 20:48:00,44.41845305466813,2.3443707303892207,19.66302252368397,6.18554310775622,Evening,Saturday,22.97712852618256,94.85638958345972,116.420531077901,36.38826993443427,2.0,Level 1,Long-Distance Traveler,0,1,71.87926105727715,18.946855324069677,0.1392561577987272,0.5922460407289084,18,1,2.620994723400568,1
User_500,Tesla Model 3,104.91720077254024,Station_294,New York,2024-01-21 19:00:00,2024-01-21 21:26:00,74.02042766018057,2.686048358029112,31.703436019536827,16.62835456572774,Evening,Friday,37.01027816622928,80.97290503288538,171.66196515906168,17.890667690753563,5.0,Dc Fast Charger,Long-Distance Traveler,0,0,43.9626268666561,27.55736970964032,0.22464548086734434,0.7055127959490298,19,1,2.319116095183108,3
User_501,Bmw I3,85.0,Station_408,San Francisco,2024-01-21 20:00:00,2024-01-21 21:12:00,36.50542214391232,2.2555252746725967,11.40879036693086,18.47198201698827,Morning,Saturday,70.62591952243636,79.48964999225626,272.2977116361246,11.102328786021516,5.0,Level 2,Long-Distance Traveler,0,1,8.863730469819899,16.184887198486972,0.5060065308700635,0.42947555463426257,20,1,7.459103213836776,2
User_502,Tesla Model 3,50.0,Station_51,Los Angeles,2024-01-21 21:00:00,2024-01-21 21:49:00,39.0670867855152,3.869592051198957,16.674739845440627,18.39949875525578,Night,Wednesday,76.15030562077015,88.85898881746061,110.6957634034999,18.6174591219132,5.0,Level 1,Long-Distance Traveler,0,0,12.708683196690458,10.095918708901273,0.4709718658130842,0.7813417357103041,21,1,2.8334788312022865,1
User_503,Hyundai Kona,50.0,Station_266,Los Angeles,2024-01-21 22:00:00,2024-01-22 00:57:00,63.79396886506549,0.780726977348041,25.33774294986998,18.773004704565743,Afternoon,Saturday,35.17374581690467,92.8971265887208,208.1049927875725,22.736710448285702,2.0,Level 2,Commuter,0,1,57.723380771816124,81.71098311699139,0.29427554106680004,1.2758793773013097,22,1,3.262142119229924,2
User_504,Chevy Bolt,85.0,Station_120,Houston,2024-01-21 23:00:00,2024-01-21 23:50:00,67.45124177150385,0.8496021129916236,45.01922284159334,28.342279046305563,Evening,Friday,36.06774243125904,61.52733401108259,277.48917187603246,20.70521874101495,0.0,Dc Fast Charger,Casual Driver,0,0,25.459591579823545,79.39156546350169,0.42018913665544017,0.7935440208412217,23,1,4.113922362112293,3
User_505,Chevy Bolt,62.0,Station_200,Los Angeles,2024-01-22 00:00:00,2024-01-22 01:51:00,56.888515995947614,3.002854685668635,4.866182245217335,28.253769518315583,Afternoon,Wednesday,24.393135728855853,64.47087617102001,153.07364355191757,29.95583091727802,4.0,Level 2,Commuter,0,0,40.077740442164156,18.9448115046834,0.4966515477452111,0.9175567096120583,0,1,2.690765277878256,2
User_506,Tesla Model 3,75.0,Station_405,Houston,2024-01-22 01:00:00,2024-01-22 02:26:00,21.819378736342376,1.9892515706143985,24.845842089870604,34.257801575049726,Evening,Monday,77.2186383638102,96.7728077802988,199.5727451903281,38.08420737879896,7.0,Level 1,Casual Driver,0,0,19.554169416488605,10.968637179259968,1.5700631071584958,0.29092504981789835,1,1,9.146582384489232,1
User_507,Bmw I3,62.0,Station_248,New York,2024-01-22 02:00:00,2024-01-22 05:27:00,47.01289216755188,1.666889947193717,32.3517607544628,5.890131947667906,Evening,Sunday,27.334576091679416,82.10819943528537,18.72980948047723,15.723862443784828,6.0,Level 2,Commuter,0,1,54.773623343605955,28.20395686391904,0.1252875897674139,0.758272454315353,2,1,0.39839730373798343,2
User_508,Bmw I3,75.0,Station_70,Los Angeles,2024-01-22 03:00:00,2024-01-22 04:43:00,73.61974524719619,3.512410977008963,25.276272098020304,24.753246131106707,Morning,Thursday,36.21438191699346,85.98415765413446,253.8460155808637,36.1588452222002,2.0,Level 2,Casual Driver,0,0,49.769775737141,20.959889298002363,0.33623107561689686,0.9815966032959492,3,1,3.448069736298516,2
User_509,Hyundai Kona,85.0,Station_341,New York,2024-01-22 04:00:00,2024-01-22 06:07:00,46.09404918662695,1.4921370266885217,35.50260396126264,23.10830642087077,Evening,Saturday,44.34311602407615,55.36454732459735,157.31824017266305,5.844455953107511,3.0,Level 2,Long-Distance Traveler,0,1,11.0214313005212,30.891297757634774,0.5013294954259535,0.5422829316073758,4,1,3.412983735399516,2
User_510,Tesla Model 3,51.40198311559624,Station_57,New York,2024-01-22 05:00:00,2024-01-22 08:03:00,41.943586371262185,2.5369563233262555,11.336239337835234,23.05307355829177,Afternoon,Friday,18.607075567989952,79.10217892402866,192.7822601884345,-0.3092942770735867,3.0,Level 2,Long-Distance Traveler,0,0,60.49510335603871,16.533034481361938,0.5496209445286414,0.815991598552465,5,1,4.596227382227859,2
User_511,Chevy Bolt,50.0,Station_382,Los Angeles,2024-01-22 06:00:00,2024-01-22 09:07:00,37.1629261473043,2.5098001501468183,16.71357046527665,34.2572380165505,Afternoon,Monday,43.85212940109913,85.03959004546304,177.96993909111302,26.515870835747123,7.0,Level 2,Commuter,0,0,41.18746064436392,14.80712563712706,0.9218121813326433,0.743258522946086,6,1,4.788910818962045,2
User_512,Bmw I3,75.0,Station_39,New York,2024-01-22 07:00:00,2024-01-22 10:50:00,34.66100210237426,3.1763189433023564,20.939420194012936,8.04523685587209,Morning,Tuesday,27.06295343591448,96.5732929286612,207.7363874429275,5.413055945134586,2.0,Dc Fast Charger,Commuter,0,0,69.51033949274672,10.912317912992043,0.232112067392333,0.4621466946983235,7,1,5.993375114468997,3
User_513,Tesla Model 3,99.53686936635634,Station_472,Los Angeles,2024-01-22 08:00:00,2024-01-22 10:19:00,40.24838259933458,1.815589987827488,24.30463262434528,28.013446214398726,Evening,Monday,61.02753439101815,94.5402686850617,33.45416754010873,37.88852119458997,5.0,Dc Fast Charger,Long-Distance Traveler,0,0,33.512734294043554,22.16821136334602,0.6960142098942844,0.40435652492943097,8,1,0.8311928425333002,3
User_514,Bmw I3,174.40966768940154,Station_289,Los Angeles,2024-01-22 09:00:00,2024-01-22 11:24:00,8.891155819549416,2.8843947056540618,48.73579805836498,8.58645932139544,Afternoon,Monday,45.45218187639201,52.39898306058275,161.19607009381224,25.21467243463633,4.0,Level 1,Commuter,0,0,6.94680118419074,3.0825031685576016,0.965730383727611,0.05097857210176721,9,1,18.129934213882812,1
User_515,Bmw I3,62.0,Station_443,Los Angeles,2024-01-22 10:00:00,2024-01-22 13:08:00,29.379323254386147,3.713389685661965,9.761640088024611,38.970252931918765,Night,Monday,53.30640620365728,57.5164175290219,269.37707955527657,26.351977889667808,7.0,Dc Fast Charger,Commuter,0,0,4.2100113253646185,7.911726412077019,1.3264516883009125,0.47386005249009916,10,1,9.16893412495675,3
User_516,Chevy Bolt,85.0,Station_18,San Francisco,2024-01-22 11:00:00,2024-01-22 12:11:00,6.538370226754212,0.4764888584944907,26.13523981227178,38.99101191600969,Morning,Friday,60.7172780031837,67.80966999908321,91.92419965660582,30.05477882154072,2.0,Dc Fast Charger,Casual Driver,1,0,7.092391995899511,13.72197924504002,5.96341451520491,0.07692200266769661,11,1,14.059191582707143,3
User_517,Nissan Leaf,50.0,Station_440,New York,2024-01-22 12:00:00,2024-01-22 13:37:00,70.38996843882086,1.6374716334225594,24.845842089870604,32.261405415372,Night,Tuesday,70.28357264398718,100.0,188.31022611001245,-7.643437415464851,4.0,Level 1,Casual Driver,1,0,29.716427356012815,42.9869849358522,0.4583239079502055,1.4077993687764172,12,1,2.6752423716979146,1
User_518,Hyundai Kona,62.0,Station_220,Chicago,2024-01-22 13:00:00,2024-01-22 16:38:00,16.080974332847084,3.2688994137050384,36.72813141128639,69.40774319393012,Afternoon,Thursday,12.688739217031737,82.08507354680322,208.89953672695228,38.07846357748428,0.0,Dc Fast Charger,Casual Driver,0,0,69.39633432977148,4.919384874746138,4.316140412720981,0.25937055375559814,13,1,12.990477591911391,3
User_519,Hyundai Kona,75.0,Station_313,Los Angeles,2024-01-22 14:00:00,2024-01-22 17:38:00,7.557567403210105,1.5006720163824252,43.23390652289862,28.52468580224395,Night,Monday,17.754276035274597,99.07140402400482,22.22200644715266,39.70275936848749,3.0,Level 1,Commuter,0,0,81.31712798873022,5.036122031134194,3.774321058668691,0.10076756537613474,14,1,2.9403649695156906,1
User_520,Chevy Bolt,54.37091028458795,Station_244,New York,2024-01-22 15:00:00,2024-01-22 16:39:00,15.807797227472452,0.7272326804294439,7.184034011462772,30.31309028341493,Morning,Friday,67.42246670007289,74.0910966639012,53.311228992071456,22.803971948451284,7.0,Level 1,Long-Distance Traveler,1,0,6.668629963828309,21.736918118335478,1.9176036893194488,0.29073997740209534,15,1,3.3724641216564692,1
User_521,Bmw I3,85.0,Station_352,Houston,2024-01-22 16:00:00,2024-01-22 17:47:00,60.12372287224216,2.96901443494091,30.659343811920305,19.62727719701224,Night,Friday,30.09851054515697,86.75793989597003,205.5531188351665,34.63224698985543,6.0,Dc Fast Charger,Long-Distance Traveler,0,0,56.659429350813056,20.250397628477263,0.3264481349353324,0.7073379161440254,16,1,3.4188355114328086,3
User_522,Tesla Model 3,85.0,Station_460,Los Angeles,2024-01-22 17:00:00,2024-01-22 20:45:00,67.93942571536539,1.2230618926040728,17.89966430419242,0.3070854525009296,Afternoon,Thursday,46.180880806019246,57.46766554454359,109.00880040885484,5.543129286631091,3.0,Level 2,Long-Distance Traveler,0,0,11.286784738524346,55.54864077296422,0.004519988935253514,0.7992873613572399,17,1,1.6044998800188721,2
User_523,Bmw I3,50.0,Station_304,Los Angeles,2024-01-22 18:00:00,2024-01-22 19:59:00,70.04034616527528,2.9342655260543493,32.410287611863005,16.576540052015517,Night,Sunday,19.340322880931105,87.55060863775552,149.70578317047477,-1.336590181200517,7.0,Level 1,Long-Distance Traveler,0,1,68.21028575682442,23.869805081838383,0.23667130389246793,1.4008069233055056,18,1,2.1374220912217043,1
User_524,Chevy Bolt,85.0,Station_298,Chicago,2024-01-22 19:00:00,2024-01-22 21:20:00,68.55546011969274,0.6207460883241752,6.326355675537149,13.365617634727815,Night,Wednesday,19.1958641680648,69.22304946268947,40.61263817128683,-7.031217903445266,0.9177196405838852,Level 2,Casual Driver,0,0,50.02718529462467,110.440422274382,0.19496065829610712,0.8065348249375617,19,1,0.5924055954169104,2
User_525,Hyundai Kona,75.0,Station_283,San Francisco,2024-01-22 20:00:00,2024-01-22 22:21:00,36.56579373074047,1.591615524315486,46.26542306507794,23.289947298874967,Night,Tuesday,58.62796231923209,66.00498834158871,132.9596225238148,6.774915909691412,1.8060796366764589,Level 1,Casual Driver,0,0,7.377026022356624,22.974011733434494,0.6369326335529635,0.4875439164098729,20,1,3.6361749317651784,1
User_526,Bmw I3,100.0,Station_74,San Francisco,2024-01-22 21:00:00,2024-01-22 23:12:00,20.45364201596675,0.9197906435013752,26.50464266178465,9.318802731363286,Evening,Tuesday,57.96078635375154,73.66118680530789,200.1795138076923,7.501798525313916,1.0,Dc Fast Charger,Commuter,0,0,15.700400451556355,22.23727992938229,0.4556060345677674,0.2045364201596675,21,1,9.786986281045984,3
User_527,Hyundai Kona,100.0,Station_110,Los Angeles,2024-01-22 22:00:00,2024-01-23 00:54:00,9.716946683936513,2.368096932721828,43.55543394226943,25.71904075066204,Afternoon,Saturday,17.34015102606766,75.07974999789877,100.95890850691092,5.937826145838496,4.0,Level 2,Long-Distance Traveler,0,1,57.739598971831114,4.103272357507811,2.6468232858763394,0.09716946683936513,22,1,10.389982758041707,2
User_528,Tesla Model 3,62.0,Station_180,New York,2024-01-22 23:00:00,2024-01-22 23:48:00,61.68434321639767,0.6743009901303187,13.412801608882669,29.840734726488986,Night,Monday,86.66804504011142,87.83956713726477,277.8175211737991,37.44001253981505,6.0,Level 1,Commuter,0,0,1.1715220971533427,91.47894503977557,0.4837651366701488,0.9949087615548011,23,1,4.503857975745558,1
User_529,Hyundai Kona,62.0,Station_426,Houston,2024-01-23 00:00:00,2024-01-23 03:28:00,28.578878080059383,0.9772797884793448,18.89050926115035,36.55775619079015,Afternoon,Wednesday,25.487878220389383,91.46611949979288,268.4562979471927,17.67509365493429,3.0,Dc Fast Charger,Long-Distance Traveler,0,0,65.9782412794035,29.243291856601626,1.2791879404215643,0.4609496464525707,0,1,9.393521229040314,3
User_530,Hyundai Kona,62.0,Station_32,Houston,2024-01-23 01:00:00,2024-01-23 02:39:00,21.13404477845307,3.8985181427387454,32.29204570108007,10.727151242021655,Night,Sunday,44.7142151570006,79.20117923596027,72.353761687005,-1.2121201955981975,5.0,Level 2,Long-Distance Traveler,0,1,34.486964078959666,5.4210456395635,0.5075768199828165,0.3408716899750495,1,1,3.423564322186556,2
User_531,Nissan Leaf,85.0,Station_234,New York,2024-01-23 02:00:00,2024-01-23 03:32:00,46.76604426109744,0.8976082931589286,1.4725491393748178,36.69891780197888,Morning,Tuesday,18.361941725144952,58.12952778906229,122.10471099931809,6.270019136181286,7.0,Dc Fast Charger,Commuter,0,0,39.767586063917335,52.10072658365818,0.784734274232962,0.5501887560129111,2,1,2.610969410147257,3
User_532,Nissan Leaf,87.48862386841733,Station_282,Los Angeles,2024-01-23 03:00:00,2024-01-23 04:44:00,17.759774553770676,2.715262624903961,42.822405097963895,29.865253288430424,Morning,Sunday,17.018773150471347,77.27513131934126,175.12476057983207,28.11987387730742,0.0,Dc Fast Charger,Casual Driver,0,1,60.25635816886991,6.540720735770021,1.681623446176549,0.20299524405003022,3,1,9.860753583870824,3
User_533,Nissan Leaf,50.0,Station_25,Houston,2024-01-23 04:00:00,2024-01-23 07:57:00,79.39006382394219,2.714307815753389,19.137789169043728,21.852678261217125,Morning,Saturday,63.91237041956912,87.44451136593865,161.19607009381224,14.461304343531758,4.0,Level 2,Commuter,0,1,23.53214094636953,29.24873272042895,0.27525709400710757,1.5878012764788436,4,1,2.0304312949197967,2
User_534,Hyundai Kona,100.0,Station_331,San Francisco,2024-01-23 05:00:00,2024-01-23 08:07:00,21.069157575738828,3.724054728769408,28.509014979393807,37.40768483305845,Night,Monday,37.96677199116324,66.651863202737,222.2882898379178,5.922050897982931,7.0,Level 1,Commuter,0,0,28.685091211573763,5.657585376759758,1.7754713114934155,0.21069157575738828,5,1,10.550411853859936,1
User_535,Chevy Bolt,50.0,Station_279,New York,2024-01-23 06:00:00,2024-01-23 09:02:00,19.402523927112213,2.052873698794108,5.010837899876794,12.0964044320606,Afternoon,Wednesday,22.70527169388543,51.00979703867647,111.92290341716226,-9.275049108842106,6.0,Level 1,Long-Distance Traveler,0,0,28.30452534479104,9.45139680951126,0.6234448918863401,0.3880504785422443,6,1,5.768471351336216,1
User_536,Hyundai Kona,62.0,Station_226,Chicago,2024-01-23 07:00:00,2024-01-23 09:13:00,40.24838259933458,1.74437377830643,27.831499239229885,36.42301293938108,Morning,Friday,42.44107977794253,57.45873572271278,63.4562488581285,8.413402193357907,6.0,Dc Fast Charger,Casual Driver,0,0,15.017655944770254,23.073255915604715,0.9049559407632757,0.64916746127959,7,1,1.5766161211948329,3
User_537,Chevy Bolt,85.0,Station_57,Los Angeles,2024-01-23 08:00:00,2024-01-23 09:44:00,44.87005617634201,1.587339770691813,41.419459031249644,34.23881023394986,Evening,Monday,39.4955529396218,81.20907646730309,63.19030760009094,7.066994360010764,3.0,Level 1,Commuter,0,0,41.71352352768129,28.26745540230887,0.7630659096879506,0.5278830138393178,8,1,1.4082957095428907,1
User_538,Chevy Bolt,62.0,Station_180,New York,2024-01-23 09:00:00,2024-01-23 11:37:00,46.21171801338653,3.413165992217541,48.97288766046728,28.83486129002836,Morning,Wednesday,28.23204060333597,72.28374893287089,36.73723678897388,15.69308559250257,4.0,Level 2,Casual Driver,0,0,44.05170832953492,13.539253033328944,0.6239729343469881,0.7453502905384924,9,1,0.7949766502585319,2
User_539,Nissan Leaf,85.0,Station_232,Houston,2024-01-23 10:00:00,2024-01-23 13:48:00,46.09404918662695,4.141746358801111,34.692069171764906,32.20611679850356,Morning,Thursday,49.716870276033006,75.84852337134393,132.9596225238148,-8.771230052957904,2.0,Level 2,Casual Driver,0,0,26.131653095310924,11.129133750230311,0.6987044394409023,0.5422829316073758,10,1,2.8845290199063216,2
User_540,Bmw I3,62.0,Station_382,Los Angeles,2024-01-23 11:00:00,2024-01-23 14:03:00,57.03840397041998,2.1878805730584854,43.967390638822295,8.95809011257898,Evening,Tuesday,65.23313127161703,89.08926956209135,181.04511627258617,8.223442942415684,5.0,Dc Fast Charger,Casual Driver,0,0,23.85613829047432,26.070163368508165,0.15705366014842614,0.919974257587419,11,1,3.1740915535868757,3
User_541,Tesla Model 3,62.0,Station_343,San Francisco,2024-01-23 12:00:00,2024-01-23 13:25:00,32.93955896020962,3.26383961973176,38.70625781494024,29.962687056178257,Morning,Sunday,57.60771498741192,73.13541480508145,29.20698665500389,-3.485828978930491,2.0,Dc Fast Charger,Casual Driver,0,1,15.527699817669536,10.092272537250702,0.9096262367195819,0.531283209035639,12,1,0.8866842051615019,3
User_542,Nissan Leaf,75.0,Station_477,Los Angeles,2024-01-23 13:00:00,2024-01-23 13:51:00,63.023554629150055,1.328228592217343,8.5590068567144,17.57057592595676,Night,Monday,42.4281627217739,74.74473036868736,190.2375003773272,-2.815440130297377,9.076121183934156,Level 2,Long-Distance Traveler,0,0,32.316567646913455,47.44932837497394,0.2787937943098802,0.8403140617220007,13,1,3.0185142919459724,2
User_543,Nissan Leaf,51.11291392372298,Station_287,Los Angeles,2024-01-23 14:00:00,2024-01-23 15:58:00,33.013974817380586,2.661667835438844,31.903997531199416,31.923291755496468,Night,Saturday,51.939978507349934,68.814308755249,20.47193247483592,18.7966227017896,0.0,Level 2,Long-Distance Traveler,0,1,16.874330247899067,12.403491667072496,0.96696298861566,0.6459028116974143,14,1,0.6200989910508515,2
User_544,Bmw I3,62.0,Station_64,San Francisco,2024-01-23 15:00:00,2024-01-23 15:48:00,56.61749580017371,1.2554286884558712,26.13523981227178,37.14195812217847,Morning,Friday,57.71564716062911,88.56810415273128,107.00758847163593,28.93987779235648,4.0,Dc Fast Charger,Long-Distance Traveler,0,0,30.85245699210217,45.098137648750914,0.6560155583932505,0.913185416131834,15,1,1.890009209331855,3
User_545,Tesla Model 3,50.0,Station_455,San Francisco,2024-01-23 16:00:00,2024-01-23 19:08:00,53.17397382318082,0.6265343118945121,19.14919319503228,26.687765755891057,Afternoon,Saturday,40.51960080375618,70.54702336187589,105.45068675777992,37.89126924639746,2.0,Dc Fast Charger,Long-Distance Traveler,0,1,30.02742255811971,84.87001080977282,0.5018952663691407,1.0634794764636164,16,1,1.9831259387992068,3
User_546,Hyundai Kona,50.0,Station_232,Los Angeles,2024-01-23 17:00:00,2024-01-23 17:55:00,51.87067063305462,3.860721725152656,28.74682186959425,20.190399395872006,Afternoon,Sunday,72.4190119951639,85.33986897849638,261.22513034672306,-0.2275496187781902,4.0,Level 2,Long-Distance Traveler,1,1,12.920856983332484,13.4354854676825,0.38924500395808764,1.0374134126610925,17,1,5.036085463299508,2
User_547,Hyundai Kona,100.0,Station_289,San Francisco,2024-01-23 18:00:00,2024-01-23 21:19:00,64.30797977990255,2.4726580495940502,33.308467799457084,14.195130618911412,Morning,Monday,42.86107519126045,96.5701974188098,232.1110226457514,-7.676627701888041,6.0,Dc Fast Charger,Commuter,0,0,53.70912222754935,26.007631661992384,0.22073669033757543,0.6430797977990256,18,1,3.6093657962847474,3
User_548,Nissan Leaf,75.0,Station_213,New York,2024-01-23 19:00:00,2024-01-23 22:18:00,4.288320356345183,2.459856158969858,38.84166727900306,41.86809852834974,Evening,Tuesday,16.673947376892286,66.46589651251593,107.39690671379375,-8.963939146552088,5.0,Level 1,Casual Driver,0,0,49.79194913562364,1.743321592487364,9.763286100209351,0.05717760475126911,19,1,25.044049368859458,1
User_549,Tesla Model 3,85.0,Station_258,San Francisco,2024-01-23 20:00:00,2024-01-23 20:52:00,56.72762317734674,2.014009927511727,11.926340207761143,19.14476388897923,Night,Tuesday,37.882243061092254,62.637588623060246,288.1981960891153,10.570690120918144,6.0,Level 2,Long-Distance Traveler,0,0,24.755345561967992,28.166506233379245,0.3374857400446205,0.6673838020864322,20,1,5.080385532602441,2
User_550,Nissan Leaf,75.0,Station_18,San Francisco,2024-01-23 21:00:00,2024-01-23 22:16:00,44.90995546867643,0.8939407757793052,16.749235956917815,32.16053904074153,Night,Wednesday,32.675379156299975,97.14443980282022,14.12651758215478,27.186087399037447,6.0,Level 2,Casual Driver,0,0,64.46906064652023,50.23817761252199,0.7161115771573789,0.5987994062490191,21,1,0.3145520282692703,2
User_551,Chevy Bolt,85.0,Station_175,Los Angeles,2024-01-23 22:00:00,2024-01-23 22:42:00,13.876557599494063,2.1645209340146323,46.7592714538903,9.886443112353827,Night,Saturday,68.86492830529428,76.92841522505879,192.98821300367177,37.25231990107531,7.0,Dc Fast Charger,Long-Distance Traveler,0,1,8.0634869197645,6.410914018630719,0.7124564605788315,0.16325361881757722,22,1,13.90749914883127,3
User_552,Nissan Leaf,62.0,Station_417,New York,2024-01-23 23:00:00,2024-01-24 00:35:00,39.37124122897048,1.4113755476385768,26.037607462215725,27.08246762744613,Morning,Saturday,85.47480341845245,86.87267358090577,79.7557017327573,27.347052433166567,5.0,Dc Fast Charger,Long-Distance Traveler,0,1,1.3978701624533159,27.89565207845915,0.6878743667222276,0.6350200198221045,23,1,2.025735009697149,3
User_553,Nissan Leaf,46.66953088747199,Station_229,Chicago,2024-01-24 00:00:00,2024-01-24 03:43:00,11.75852247006084,3.0422495619992893,34.72004456356924,13.288627008242782,Night,Friday,14.287268227331143,70.94854751913894,272.88033984390114,-5.123045320963795,3.0,Level 2,Commuter,0,0,56.6612792918078,3.865074915922886,1.1301272793480512,0.2519528747441793,0,1,23.207026268708507,2
User_554,Hyundai Kona,100.0,Station_226,Chicago,2024-01-24 01:00:00,2024-01-24 03:53:00,49.8977884122396,2.4015061649972056,44.04748117928701,37.87326034672791,Morning,Sunday,56.776136362878844,72.15227538457333,233.24300716478712,18.00827452726469,2.0,Dc Fast Charger,Casual Driver,0,1,15.376139021694485,20.77770573297598,0.7590168132068524,0.49897788412239596,1,1,4.6744157323729025,3
User_555,Hyundai Kona,85.0,Station_84,Houston,2024-01-24 02:00:00,2024-01-24 03:42:00,64.60983161155823,1.2268943338915914,3.991359551432321,37.08082728686741,Morning,Wednesday,21.98287036518241,72.93984362354989,116.17711903418054,17.109240531180074,4.0,Level 1,Long-Distance Traveler,0,0,50.95697325836748,52.66128453509279,0.5739192683522475,0.7601156660183321,2,1,1.7981337535849153,1
User_556,Hyundai Kona,50.0,Station_291,San Francisco,2024-01-24 03:00:00,2024-01-24 06:05:00,12.594888574055725,3.4204799604552063,13.286811651784502,25.13861353191121,Afternoon,Friday,70.24667677385645,87.17180458888146,67.62131034729012,34.24765263754184,2.0,Dc Fast Charger,Long-Distance Traveler,0,0,16.925127815025007,3.682199200015066,1.9959377476109132,0.2518977714811145,3,1,5.368948677051705,3
User_557,Chevy Bolt,75.0,Station_435,San Francisco,2024-01-24 04:00:00,2024-01-24 05:46:00,65.5974266945568,1.0268928464258762,5.587311138334597,2.3480751234581474,Evening,Monday,17.66957397665747,86.32257217342182,161.19607009381224,-9.26753257022055,1.0,Level 2,Commuter,0,0,68.65299819676434,63.87952445366635,0.035795232248843505,0.874632355927424,4,1,2.4573535612059016,2
User_558,Hyundai Kona,50.0,Station_370,New York,2024-01-24 05:00:00,2024-01-24 08:12:00,8.11244782892836,1.6524584369903064,37.29155391458031,32.128759997708954,Evening,Monday,28.36900452157717,94.75699375152328,286.3428182030144,-8.483436369308658,1.9578939066077323,Dc Fast Charger,Casual Driver,0,0,66.38798922994611,4.909320347992479,3.960427318021114,0.1622489565785672,5,1,35.29672230149057,3
User_559,Tesla Model 3,85.0,Station_246,Chicago,2024-01-24 06:00:00,2024-01-24 09:18:00,48.9611152601949,2.967570122040841,28.59951519129401,12.3264901469482,Evening,Saturday,68.68646311087505,85.61471937832445,122.7506886568816,6.6590121495565455,4.0,Level 2,Casual Driver,0,1,16.9282562674494,16.498722269963967,0.25176081225767266,0.5760131207081753,6,1,2.5071056491369834,2
User_560,Bmw I3,62.0,Station_402,Houston,2024-01-24 07:00:00,2024-01-24 10:54:00,34.38288065090023,2.52093306902836,6.558201297307768,22.876376599421903,Night,Sunday,51.16789790994329,88.32990473257357,108.5921418798638,-9.825102181584937,7.0,Level 1,Long-Distance Traveler,0,1,37.162006822630275,13.63895022574018,0.6653420587906133,0.5545625911435521,7,1,3.158320065803462,1
User_561,Tesla Model 3,50.0,Station_110,New York,2024-01-24 08:00:00,2024-01-24 09:00:00,52.55689588098792,1.0389579659710988,37.50238773927163,26.92281538480217,Afternoon,Wednesday,71.54644710597078,74.06468014896535,49.571173995345305,31.52877610316707,1.0,Level 2,Commuter,0,0,2.5182330429945665,50.58616190681378,0.5122603786526385,1.0511379176197584,8,1,0.9431906729727034,2
User_562,Tesla Model 3,62.0,Station_254,San Francisco,2024-01-24 09:00:00,2024-01-24 10:54:00,37.23027566973339,1.3158292480171974,4.302635825621664,24.62547643674416,Afternoon,Sunday,66.89443080638873,90.57226050462458,207.1659351930572,9.714810900062302,6.0,Level 1,Commuter,0,1,23.677829698235854,28.294154219352635,0.6614368546500883,0.6004883172537643,9,1,5.564448059176586,1
User_563,Hyundai Kona,62.0,Station_88,Chicago,2024-01-24 10:00:00,2024-01-24 13:09:00,54.78487940320012,1.835515716682636,24.845842089870604,30.79227217990333,Morning,Thursday,61.686776590427314,64.23263517878756,204.7097989049075,26.548942168481005,4.0,Level 1,Long-Distance Traveler,1,0,2.5458585883602467,29.84713173811114,0.5620578618651605,0.8836270871483891,10,1,3.73661129010261,1
User_564,Bmw I3,75.0,Station_72,Houston,2024-01-24 11:00:00,2024-01-24 14:31:00,37.42669941100735,2.3535244577998764,16.98014038038876,5.466831569207942,Afternoon,Tuesday,90.53708519645944,94.43594757344395,136.9591350117216,15.356177546750448,6.0,Level 1,Casual Driver,1,0,3.8988623769845105,15.902405129876835,0.1460676911199956,0.49902265881343133,11,1,3.659396558261329,1
User_565,Bmw I3,85.0,Station_381,Los Angeles,2024-01-24 12:00:00,2024-01-24 15:49:00,28.079314202327826,0.851949340305673,25.576110372241647,11.336121483160047,Morning,Sunday,25.38819781858849,91.34610764842,145.7988862804015,27.956887340129533,5.0,Level 1,Long-Distance Traveler,0,1,65.95790982983151,32.958901279568074,0.40371789002668246,0.33034487296856263,12,1,5.1923948437570635,1
User_566,Bmw I3,62.0,Station_30,Chicago,2024-01-24 13:00:00,2024-01-24 14:28:00,79.78776885692933,1.446464436407853,24.845842089870604,15.676626990703951,Afternoon,Wednesday,74.12982191395835,79.81742730365542,286.57276713345254,1.1453232141019924,4.0,Level 1,Casual Driver,1,0,5.687605389697069,55.160546535851324,0.19647907461624028,1.2868994976924086,13,1,3.5916879396304178,1
User_567,Chevy Bolt,85.0,Station_172,Houston,2024-01-24 14:00:00,2024-01-24 15:10:00,75.62248861139022,1.7472795766236338,16.791473726872688,30.054618552317088,Morning,Sunday,68.33086515542429,72.63725302405064,214.7186173410384,38.10561785008211,2.0,Dc Fast Charger,Commuter,1,1,4.306387868626345,43.28013079482094,0.3974296416871723,0.8896763366045909,14,1,2.839348734533679,3
User_568,Hyundai Kona,85.0,Station_309,New York,2024-01-24 15:00:00,2024-01-24 17:21:00,48.57848684629363,3.589270673368264,1.722296153828387,22.019481879682715,Night,Wednesday,91.724539793526,100.0,41.579117385750905,28.4532827029553,1.0,Level 1,Long-Distance Traveler,1,0,8.275460206473994,13.534361508798199,0.4532764050340676,0.5715116099563956,15,1,0.8559162725119597,1
User_569,Bmw I3,50.0,Station_394,Los Angeles,2024-01-24 16:00:00,2024-01-24 19:43:00,60.63745352964948,1.7538457751294445,7.703067645420777,14.5889271231461,Afternoon,Monday,56.16768065895357,71.58529275501547,135.99532137096764,12.168906712780108,0.0,Dc Fast Charger,Long-Distance Traveler,1,0,15.417612096061902,34.57399412737649,0.24059267455901084,1.2127490705929895,16,1,2.242761089966797,3
User_570,Chevy Bolt,75.0,Station_343,Houston,2024-01-24 17:00:00,2024-01-24 19:05:00,66.85109294209524,2.5875618711459563,20.271139390382576,38.77129432172354,Evening,Tuesday,24.351228207169505,61.21435182464796,297.8937853253713,35.225496991923336,4.0,Dc Fast Charger,Long-Distance Traveler,0,0,36.86312361747846,25.835553417120348,0.5799650030449954,0.8913479058946031,17,1,4.456079507681341,3
User_571,Nissan Leaf,62.0,Station_436,Houston,2024-01-24 18:00:00,2024-01-24 21:31:00,32.34799932603372,3.9146817966881247,15.17023591981323,16.523471173362076,Morning,Sunday,71.05173681313087,83.00801293723802,254.04364446976447,11.657679772471806,1.0,Dc Fast Charger,Casual Driver,0,1,11.956276124107148,8.263251269464757,0.5108034968970696,0.5217419246134471,18,1,7.8534577025698695,3
User_572,Nissan Leaf,47.00766203532009,Station_177,San Francisco,2024-01-24 19:00:00,2024-01-24 22:17:00,46.09404918662695,0.9480619802458295,3.581987960763606,19.074290704237576,Afternoon,Sunday,22.4626438351493,51.02067253425647,27.575222465699976,8.72067919857059,4.0,Level 2,Casual Driver,0,1,28.55802869910717,48.61923602787542,0.41381243437757065,0.9805645971499991,19,1,0.5982382314483287,2
User_573,Chevy Bolt,15.421681476063268,Station_139,Chicago,2024-01-24 20:00:00,2024-01-24 22:31:00,67.70594563751288,3.920861301228842,13.86051817161326,33.839919385545514,Afternoon,Sunday,57.56582309080228,79.21151851502425,259.63121909317914,-2.733592900512196,0.0,Level 2,Commuter,1,1,21.64569542422197,17.26813075899754,0.4998072040337371,4.390308912980892,20,1,3.8346886177944306,2
User_574,Chevy Bolt,91.28885270753447,Station_194,San Francisco,2024-01-24 21:00:00,2024-01-25 00:05:00,8.383690895109462,2.0002674427255034,40.17788477379544,11.676242695172816,Morning,Wednesday,75.61769581932225,76.10522265059508,283.73065488496775,18.406878991218072,3.0,Level 1,Casual Driver,0,0,0.4875268312728309,4.191284983215095,1.3927329670496356,0.09183696197791648,21,1,33.84316745867611,1
User_575,Hyundai Kona,50.0,Station_186,Los Angeles,2024-01-24 22:00:00,2024-01-25 01:14:00,60.939817877399975,1.812472507313064,18.879370175817385,30.0556045926098,Afternoon,Sunday,66.37170348590195,81.441194681009,88.25561781096748,1.8954900233499377,3.898678748629223,Dc Fast Charger,Casual Driver,1,1,15.069491195107048,33.62247848257926,0.493201418046183,1.2187963575479994,22,1,1.4482422311881866,3
User_576,Hyundai Kona,100.0,Station_218,Houston,2024-01-24 23:00:00,2024-01-25 01:14:00,46.09404918662695,0.5636985725286845,21.45769290155509,15.089082188488137,Evening,Monday,30.14072124145576,85.00767893682871,61.68334147225403,16.339936826956954,2.0,Level 2,Long-Distance Traveler,0,0,54.866957695372946,81.77073959909912,0.3273542345432708,0.46094049186626945,23,1,1.3382061797718985,2
User_577,Nissan Leaf,85.0,Station_164,San Francisco,2024-01-25 00:00:00,2024-01-25 03:42:00,40.24838259933458,0.4218407426975067,13.140039305787475,19.95380604887038,Morning,Monday,49.35268117318938,81.13196763513056,55.83574755188287,23.17422825544807,5.0,Dc Fast Charger,Commuter,0,0,31.779286461941183,95.41132120610708,0.49576665595502145,0.4735103835215833,0,1,1.3872792879087268,3
User_578,Bmw I3,85.0,Station_161,Chicago,2024-01-25 01:00:00,2024-01-25 02:43:00,7.603711413792093,0.8071934731868609,25.857794702299618,5.584713216904807,Morning,Saturday,38.779269560201854,94.04383182424516,87.85555332964243,0.210771382575384,3.0,Level 2,Commuter,0,1,55.264562264043306,9.419936689740645,0.734472011493611,0.08945542839755403,1,1,11.554298756037015,2
User_579,Nissan Leaf,85.0,Station_431,Los Angeles,2024-01-25 02:00:00,2024-01-25 05:32:00,70.536636587169,2.4841473226113617,42.09577517242755,19.807062464081817,Morning,Saturday,66.96786044167332,87.14823173121326,173.21217147947226,30.27475489833003,6.0,Dc Fast Charger,Long-Distance Traveler,1,1,20.180371289539934,28.394707489819947,0.28080531511598655,0.8298427833784588,2,1,2.4556341195176934,3
User_580,Bmw I3,100.0,Station_13,New York,2024-01-25 03:00:00,2024-01-25 05:41:00,73.31591786048328,2.896990677126205,23.97348713940437,18.38799785653042,Morning,Wednesday,18.39015106792008,80.42568669204886,86.38453002432225,17.738683088849037,1.0,Level 2,Casual Driver,0,0,62.03553562412878,25.30761263381495,0.25080498741790164,0.7331591786048328,3,1,1.178250679323253,2
User_581,Bmw I3,50.0,Station_296,San Francisco,2024-01-25 04:00:00,2024-01-25 06:08:00,62.86785794966232,2.923176577184032,15.490027606541537,10.010929748462123,Morning,Wednesday,33.809680164077925,61.33586728999249,112.92221694075552,1.901738829206813,4.0,Level 1,Casual Driver,0,0,27.526187125914568,21.506691877719025,0.15923764662823053,1.2573571589932464,4,1,1.7961836242483595,1
User_582,Hyundai Kona,100.0,Station_89,Los Angeles,2024-01-25 05:00:00,2024-01-25 07:35:00,14.355208491625932,1.7662988795206973,47.80486645935545,35.246592689419245,Evening,Monday,13.134702560900068,53.73066045094701,274.7990199525856,21.976294160897577,2.0,Level 1,Long-Distance Traveler,0,0,40.59595789004695,8.127281661142966,2.4553173651208366,0.14355208491625931,5,1,19.142809393042864,1
User_583,Tesla Model 3,85.0,Station_324,New York,2024-01-25 06:00:00,2024-01-25 08:47:00,74.7896950755514,1.8798623119420803,21.10837172285618,10.342252696579552,Morning,Saturday,16.30623976881609,69.88709284489468,260.0043740481551,32.745897574028064,3.0,Level 1,Long-Distance Traveler,0,1,53.58085307607859,39.7846664622402,0.1382844613302938,0.8798787655947224,6,1,3.4764732465549253,1
User_584,Tesla Model 3,75.0,Station_42,San Francisco,2024-01-25 07:00:00,2024-01-25 10:24:00,41.98075323406805,1.7321354425638893,14.090858743837904,37.620635296365485,Evening,Sunday,14.258182790042476,60.36416529245368,156.73213771865275,15.617520571994522,4.814970203016184,Dc Fast Charger,Casual Driver,0,1,46.1059825024112,24.23641489139473,0.896140073681092,0.5597433764542407,7,1,3.7334284319477655,3
User_585,Chevy Bolt,91.77553027947226,Station_403,Los Angeles,2024-01-25 08:00:00,2024-01-25 09:44:00,66.82312116249,2.985954969992374,11.89627327539795,22.68582477738005,Evening,Sunday,76.65817666174327,84.90230211496663,108.85225690019809,36.04195930468979,5.0,Level 1,Commuter,0,1,8.244125453223361,22.37914564487242,0.3394906490856094,0.7281147922436635,8,1,1.6289609794715847,1
User_586,Hyundai Kona,50.0,Station_210,Los Angeles,2024-01-25 09:00:00,2024-01-25 09:43:00,47.18840893514874,3.3301281116830976,5.340049724227951,29.79361388382792,Evening,Wednesday,17.56487802139744,54.49094700636411,156.46392580325875,5.107230642442021,3.0,Level 1,Long-Distance Traveler,0,0,36.92606898496667,14.170148220303453,0.6313756822098712,0.9437681787029749,9,1,3.315727936881446,1
User_587,Bmw I3,100.0,Station_229,San Francisco,2024-01-25 10:00:00,2024-01-25 11:07:00,46.29599734888577,2.153857223588153,10.600401685765078,13.904868183459348,Morning,Tuesday,72.22602916274909,84.03560603066902,89.60070046131247,9.89320650990976,6.817970665440446,Level 2,Casual Driver,0,0,11.80957686791993,21.494459726425305,0.300347092183208,0.4629599734888577,10,1,1.9353876272733315,2
User_588,Tesla Model 3,75.0,Station_350,Los Angeles,2024-01-25 11:00:00,2024-01-25 13:49:00,37.10851773104313,2.9383941173028547,20.080307716207404,20.3548115522384,Evening,Monday,33.299940358533576,58.815738709345766,32.17691631628233,15.648673640514597,1.8964453073205336,Level 2,Long-Distance Traveler,0,0,25.51579835081219,12.628842915430607,0.5485212775074166,0.4947802364139084,11,1,0.8671032497039011,2
User_589,Bmw I3,62.0,Station_275,Houston,2024-01-25 12:00:00,2024-01-25 13:14:00,71.97510217973728,1.057536323648838,23.65002521190977,32.02073544910948,Morning,Monday,63.10375471060478,63.99918589403212,103.9155587984807,21.52620216393159,5.0,Level 2,Commuter,0,0,0.8954311834273341,68.05922460554375,0.44488627982975043,1.1608887448344722,12,1,1.4437709103764973,2
User_590,Tesla Model 3,85.0,Station_442,San Francisco,2024-01-25 13:00:00,2024-01-25 15:54:00,42.2855347814151,3.735995768903568,22.12840795657648,31.004562598908453,Evening,Wednesday,45.02676544775325,62.31925639462983,254.5440878406694,-4.040964038381835,4.0,Level 1,Commuter,0,0,17.292490946876583,11.318410779095975,0.7332191199467875,0.49747687978135413,13,1,6.01964925255111,1
User_591,Tesla Model 3,50.0,Station_279,Los Angeles,2024-01-25 14:00:00,2024-01-25 17:57:00,45.134038075505366,2.0188481899147668,25.857794702299618,10.676358867519522,Morning,Wednesday,51.051321059781294,75.88273060916863,193.9071204532113,2.872382522475686,3.0,Level 2,Casual Driver,0,0,24.831409549387338,22.35633085289631,0.23654783225154574,0.9026807615101073,14,1,4.296250207633125,2
User_592,Tesla Model 3,85.0,Station_251,New York,2024-01-25 15:00:00,2024-01-25 18:12:00,23.92092196826273,2.1458063544955026,25.79660289623908,6.984975882158874,Afternoon,Wednesday,86.84411862438084,89.24746094399288,11.97092257648914,22.17022646695312,4.415774008975135,Level 2,Commuter,0,0,2.4033423196120367,11.147754278081976,0.2920027869923344,0.28142261139132624,15,1,0.5004373406832586,2
User_593,Hyundai Kona,85.0,Station_310,New York,2024-01-25 16:00:00,2024-01-25 19:43:00,40.63092350376829,2.7497394121507943,25.76719413816637,9.165930228007497,Afternoon,Sunday,31.27843131147145,70.89589429940227,250.2821966735628,17.414579084848018,4.0,Level 1,Long-Distance Traveler,0,1,39.61746298793082,14.776281462972356,0.22559000479419103,0.47801086475021515,16,1,6.159894363472948,1
User_594,Nissan Leaf,62.0,Station_208,Houston,2024-01-25 17:00:00,2024-01-25 18:44:00,75.40700953728192,3.1544865399763964,17.72970871647675,9.081870690631083,Evening,Sunday,32.02965792973367,100.0,93.79222804570132,12.45705780248593,0.0,Level 2,Commuter,0,1,67.97034207026633,23.90468578060446,0.12043801692123757,1.2162420893109986,17,1,1.2438131232260254,2
User_595,Bmw I3,62.0,Station_321,San Francisco,2024-01-25 18:00:00,2024-01-25 21:18:00,40.24838259933458,3.3149838274676062,18.86581793926711,31.583421759595048,Night,Tuesday,47.88191719759692,66.77787000210006,55.86446952920233,10.71632154134566,7.0,Dc Fast Charger,Casual Driver,0,0,18.89595280450314,12.14135111786692,0.7847128187485777,0.64916746127959,18,1,1.3879929060832852,3
User_596,Hyundai Kona,75.0,Station_140,Los Angeles,2024-01-25 19:00:00,2024-01-25 22:44:00,36.490277883670345,0.7047543150612254,5.949301763553466,23.36364120539393,Night,Monday,64.22809474454678,76.17290419324496,241.98464368309692,36.04862346055762,2.0,Level 2,Long-Distance Traveler,0,0,11.94480944869818,51.77730324432318,0.6402703010340549,0.4865370384489379,19,1,6.631482622701175,2
User_597,Hyundai Kona,85.0,Station_280,Los Angeles,2024-01-25 20:00:00,2024-01-25 20:58:00,67.56014288077881,2.8112366498993966,8.97054959336193,37.67046404159672,Afternoon,Thursday,69.3146975661584,96.93664540216876,145.6653928623303,35.8188602256871,7.0,Dc Fast Charger,Commuter,0,0,27.621947836010364,24.032179177514823,0.557584138151877,0.7948252103621036,20,1,2.1560847365195968,3
User_598,Hyundai Kona,75.0,Station_34,New York,2024-01-25 21:00:00,2024-01-25 21:47:00,52.57470179430345,3.265989573804946,4.71158320497076,12.328853901074694,Evening,Tuesday,82.21819366749506,89.10032843307252,165.45403485947003,16.54458122590386,5.0,Level 2,Commuter,1,0,6.882134765577462,16.0976330775768,0.23450164205040808,0.700996023924046,21,1,3.1470275477130185,2
User_599,Hyundai Kona,85.0,Station_309,Houston,2024-01-25 22:00:00,2024-01-25 22:49:00,28.279857147188363,2.6937194091618064,13.226974760476542,24.9637246919867,Evening,Tuesday,62.57412042187828,88.35855052582593,190.6843550232037,12.38716532742395,0.0,Level 2,Commuter,0,0,25.784430103947656,10.4984420615613,0.8827387126482936,0.3327042017316278,22,1,6.742762314206453,2
User_600,Hyundai Kona,62.0,Station_392,New York,2024-01-25 23:00:00,2024-01-25 23:43:00,28.86912479595657,1.1539207497704678,32.83003788863654,46.05917303279747,Evening,Sunday,81.27280773777099,95.97179380144212,210.2772503573809,30.89722993782202,4.0,Dc Fast Charger,Casual Driver,0,1,14.698986063671128,25.0182907289769,1.5954475017285092,0.4656310450960737,23,1,7.283811055707254,3
User_601,Chevy Bolt,85.0,Station_18,New York,2024-01-26 00:00:00,2024-01-26 03:11:00,13.116998507416143,3.537873194776532,24.845842089870604,25.79954837097733,Night,Saturday,5.065719156270278,77.77587129654894,213.7233639633144,32.05495299019442,0.52409502806589,Level 1,Casual Driver,0,1,72.71015214027867,3.707594304618561,1.9668789591148215,0.15431762949901345,0,1,16.293618074476306,1
User_602,Bmw I3,50.0,Station_57,Houston,2024-01-26 01:00:00,2024-01-26 04:26:00,21.4227595329351,0.7348796153422308,9.18907742881566,28.072895576530428,Afternoon,Monday,52.98111185901106,86.49476539812044,74.38130924687583,12.043850042390211,7.0,Dc Fast Charger,Commuter,1,0,33.51365353910938,29.151386275639986,1.3104238757556648,0.42845519065870197,1,1,3.472069465771806,3
User_603,Hyundai Kona,100.0,Station_112,San Francisco,2024-01-26 02:00:00,2024-01-26 03:23:00,45.11780647869832,3.952704737753913,4.273735085390689,7.070463343804775,Evening,Sunday,13.581959675481777,76.36656023654798,162.80604119894906,-3.858987596285049,0.0,Level 1,Long-Distance Traveler,0,1,62.784600561066206,11.414413540115847,0.15671115011194053,0.4511780647869832,2,1,3.608465346732125,1
User_604,Bmw I3,62.0,Station_5,Los Angeles,2024-01-26 03:00:00,2024-01-26 04:00:00,26.29222408241131,1.778820810872269,3.593327631512293,33.69455231040068,Afternoon,Thursday,40.476013818815545,69.66797732415742,177.81252667841642,32.06059184530071,2.0,Level 2,Commuter,0,0,29.191963505341874,14.780704116857368,1.2815405879999822,0.42406813036147273,3,1,6.762932117156553,2
User_605,Chevy Bolt,75.0,Station_410,San Francisco,2024-01-26 04:00:00,2024-01-26 05:27:00,51.63684234428119,0.7835521249094246,14.606984402944972,13.479666789464092,Afternoon,Monday,32.40961572811105,78.63615922559178,277.732606764294,31.302787524423408,0.0,Level 1,Long-Distance Traveler,0,0,46.22654349748073,65.90096651227918,0.26104746490093955,0.6884912312570826,4,1,5.3785745633428155,1
User_606,Chevy Bolt,85.0,Station_414,Chicago,2024-01-26 05:00:00,2024-01-26 07:13:00,44.81719081526413,1.0358587667958,12.546861495301147,32.94204561906906,Morning,Tuesday,66.40059792966022,88.70306595249613,174.92688876199773,-6.159650195104213,1.658013067443325,Level 1,Long-Distance Traveler,0,0,22.30246802283591,43.26573491663945,0.7350314693943166,0.5272610684148721,5,1,3.903120333513184,1
User_607,Bmw I3,50.0,Station_182,Chicago,2024-01-26 06:00:00,2024-01-26 09:19:00,19.362005744810176,2.536249341680839,29.626242800392035,35.25777162955957,Night,Wednesday,47.22523795880807,83.91200043508005,107.74848344345337,0.3746593402422871,7.0,Dc Fast Charger,Casual Driver,0,0,36.68676247627197,7.6341097172955665,1.8209772321243176,0.3872401148962035,6,1,5.564944296761943,3
User_608,Tesla Model 3,75.0,Station_13,Chicago,2024-01-26 07:00:00,2024-01-26 10:35:00,55.39579143864877,2.253027295813109,31.554096556735363,12.864307212312454,Afternoon,Monday,12.98057685502397,61.21899271402144,163.25017153036194,29.71628091352946,6.0,Level 1,Commuter,0,0,48.23841585899747,24.587270443457562,0.23222535283316179,0.7386105525153169,7,1,2.946977871255123,1
User_609,Nissan Leaf,50.0,Station_339,Houston,2024-01-26 08:00:00,2024-01-26 10:37:00,22.016443610220865,1.2691575992195072,41.19625063945213,35.94010097989639,Morning,Monday,23.665610919342743,74.89872941823225,236.5735610243411,11.544380927607264,0.0,Level 1,Casual Driver,0,0,51.23311849888951,17.34728896061474,1.6324208221899945,0.4403288722044173,8,1,10.745312240825069,1
User_610,Tesla Model 3,75.0,Station_285,New York,2024-01-26 09:00:00,2024-01-26 12:59:00,67.38186056016852,0.7992102307305,2.63696678953564,25.81518235674937,Night,Wednesday,12.054790024376816,86.4902469957745,233.8834989699705,5.890056032833771,2.0,Dc Fast Charger,Commuter,0,0,74.43545697139768,84.3105580600234,0.38311768393064405,0.8984248074689136,9,1,3.471015745567379,3
User_611,Tesla Model 3,75.0,Station_259,San Francisco,2024-01-26 10:00:00,2024-01-26 13:07:00,68.23834404896303,2.710437199046852,8.991499198950546,39.68502240326799,Evening,Thursday,30.228181598609112,80.04374460476306,245.314668877854,11.712169604952358,7.0,Level 1,Long-Distance Traveler,0,0,49.81556300615395,25.176139138349935,0.581564851204373,0.909844587319507,10,1,3.5949680827810457,1
User_612,Tesla Model 3,62.0,Station_90,Los Angeles,2024-01-26 11:00:00,2024-01-26 11:54:00,67.13334039157891,1.2341548025396727,27.95671520137067,32.69770059193057,Evening,Thursday,23.50594715611516,76.14600844871192,7.619894391103201,8.087592836673355,4.0,Level 1,Casual Driver,0,0,52.64006129259677,54.39620722897188,0.4870560648585291,1.0827958127674018,11,1,0.11350387671248706,1
User_613,Hyundai Kona,75.0,Station_104,Chicago,2024-01-26 12:00:00,2024-01-26 15:40:00,42.91893733882982,3.1653954182663813,13.104480594253658,22.071556691970493,Morning,Monday,34.83463935826441,97.25178675418088,129.4031901986671,6.362088419350972,5.0,Dc Fast Charger,Casual Driver,0,0,62.41714739591647,13.558791767739272,0.5142614906264655,0.5722524978510642,12,1,3.0150604423654457,3
User_614,Chevy Bolt,50.0,Station_379,San Francisco,2024-01-26 13:00:00,2024-01-26 13:48:00,40.24838259933458,0.8945285041654976,15.335022668945852,22.67342939573053,Evening,Sunday,63.51311417874221,89.38804186609424,96.0300780971366,28.42298641328152,0.0,Dc Fast Charger,Casual Driver,0,1,25.874927687352034,44.99396320174521,0.5633376531285852,0.8049676519866916,13,1,2.3859363257673922,3
User_615,Tesla Model 3,62.0,Station_186,Chicago,2024-01-26 14:00:00,2024-01-26 17:49:00,35.327332248586075,1.4716437603646677,44.67299945575187,25.36250422932223,Morning,Wednesday,51.41733330420172,73.33529424607988,128.32099334561258,29.212784494288904,3.0,Dc Fast Charger,Long-Distance Traveler,0,0,21.917960941878164,24.005355915640955,0.7179286579256866,0.5697956814288077,14,1,3.632343151264937,3
User_616,Chevy Bolt,62.0,Station_250,Chicago,2024-01-26 15:00:00,2024-01-26 17:45:00,74.51050318325304,1.589218757649078,7.994911673203704,29.59671412822717,Morning,Saturday,70.43050310785254,95.65922813290568,298.29967593868054,36.383385462428805,1.0,Level 1,Casual Driver,0,1,25.228725025053137,46.884988504336555,0.39721533023923156,1.201782309407307,15,1,4.003458078991021,1
User_617,Bmw I3,50.0,Station_255,Los Angeles,2024-01-26 16:00:00,2024-01-26 16:32:00,46.09404918662695,1.0098888456527892,37.57241996661435,17.342541089785524,Evening,Monday,43.70577587099555,73.82277116126612,73.80774219139828,35.308299865666505,6.0,Level 2,Commuter,0,0,30.116995290270566,45.64269561451774,0.3762425171103656,0.9218809837325389,16,1,1.6012423185596758,2
User_618,Nissan Leaf,85.0,Station_76,Houston,2024-01-26 17:00:00,2024-01-26 20:44:00,49.73870005239731,2.0155172553936804,32.868369584228795,19.584955491591103,Night,Wednesday,52.82854414772641,85.7276473198578,272.1851200948879,7.812917020555137,6.0,Dc Fast Charger,Commuter,1,0,32.89910317213138,24.677883515654703,0.39375688288916477,0.5851611770870272,17,1,5.472300639304084,3
User_619,Bmw I3,1.5365397434796702,Station_386,New York,2024-01-26 18:00:00,2024-01-26 19:55:00,23.52224181213657,1.8443738513652728,42.38027139821144,0.6713465052444556,Morning,Tuesday,74.93082559717652,96.89694699240272,162.18850148381796,13.67513571087282,5.0,Dc Fast Charger,Long-Distance Traveler,0,0,21.966121395226196,12.753510788891607,0.028540923548284698,15.308580147017715,18,1,6.895112412292902,3
User_620,Bmw I3,100.0,Station_459,Houston,2024-01-26 19:00:00,2024-01-26 22:58:00,44.95337165292389,1.5923756223747267,34.04003943718871,26.378650513303967,Night,Saturday,61.31395762559154,66.85003619045646,232.2448941320328,22.59449152426216,5.0,Level 1,Casual Driver,1,1,5.536078564864923,28.230381714764288,0.586800267552083,0.4495337165292389,19,1,5.166350945267238,1
User_621,Hyundai Kona,121.2118923533745,Station_108,San Francisco,2024-01-26 20:00:00,2024-01-26 22:54:00,66.70523645325736,1.8952201719593704,6.513656892904606,32.285230726225045,Night,Wednesday,56.71797218306136,83.6461815329856,166.62444388661453,32.84721980697499,7.0,Level 2,Commuter,0,0,26.92820934992423,35.19656314352873,0.48399844514228524,0.5503192397886881,20,1,2.497921493815167,2
User_622,Nissan Leaf,62.0,Station_156,Houston,2024-01-26 21:00:00,2024-01-26 23:51:00,44.06215479055562,2.714331888364399,12.637728429568222,5.449246048885791,Morning,Sunday,73.06427881282285,74.68318533575786,10.898430607673127,3.802174549018837,3.0,Level 2,Casual Driver,1,1,1.6189065229350064,16.233149298889376,0.12367180122688405,0.7106799159767035,21,1,0.24734220692286982,2
User_623,Bmw I3,100.0,Station_82,San Francisco,2024-01-26 22:00:00,2024-01-26 22:38:00,14.0255330182289,2.276768301061686,30.77497307475196,10.79498940368394,Night,Monday,85.38816818984216,87.71511040292735,274.27158785342897,9.344345738493068,7.0,Level 1,Commuter,1,0,2.3269422130851893,6.1602812247906895,0.7696669630775357,0.140255330182289,22,1,19.55516325097662,1
User_624,Bmw I3,85.0,Station_77,San Francisco,2024-01-26 23:00:00,2024-01-27 02:39:00,21.76458667261335,2.0100101346312087,20.317417967928414,23.20977594440839,Morning,Friday,59.01954509147424,64.87936303535116,204.08251867131,20.678423517606525,7.0,Dc Fast Charger,Long-Distance Traveler,1,0,5.859817943876919,10.828097977031673,1.0664009518551316,0.25605396085427473,23,1,9.376815730119496,3
User_625,Nissan Leaf,50.0,Station_485,New York,2024-01-27 00:00:00,2024-01-27 02:03:00,16.554623964548597,6.49400704276254,36.74898063246032,30.01767024532325,Evening,Thursday,52.06275801814783,69.43228823059195,299.26170846893746,-1.6386571488364885,0.0,Level 1,Commuter,1,0,17.36953021244412,2.5492155853139153,1.8132498998228834,0.33109247929097196,0,1,18.077227795074087,1
User_626,Nissan Leaf,65.23649825134287,Station_470,Los Angeles,2024-01-27 01:00:00,2024-01-27 03:58:00,15.474096088332848,0.7877986428506285,8.613364508124336,15.063206952124467,Evening,Monday,46.07069571420915,58.59052044642799,161.19607009381224,12.602687128795887,5.0,Level 2,Commuter,0,0,12.519824732218837,19.64219693542533,0.9734466469729252,0.23719998012024382,1,1,10.4171558179318,2
User_627,Bmw I3,50.0,Station_460,New York,2024-01-27 02:00:00,2024-01-27 05:53:00,43.51234710063929,1.1812191146524962,26.13523981227178,6.619677868033717,Evening,Wednesday,17.369808651685883,95.17216451077678,141.16813211268564,21.078461325587387,3.0,Dc Fast Charger,Commuter,0,0,77.8023558590909,36.83681254467358,0.1521333209795171,0.8702469420127857,2,1,3.244323543066505,3
User_628,Nissan Leaf,75.0,Station_258,Houston,2024-01-27 03:00:00,2024-01-27 06:14:00,38.5981394103895,1.369419618363992,26.562952201212457,45.044269358732905,Evening,Saturday,37.92749853459692,75.10094365242409,298.319221457481,6.161191380180163,6.0,Level 2,Long-Distance Traveler,0,1,37.17344511782717,28.185764898345504,1.1670062351919557,0.5146418588051933,3,1,7.728849784328777,2
User_629,Bmw I3,62.0,Station_127,San Francisco,2024-01-27 04:00:00,2024-01-27 06:48:00,45.07891731764474,2.400914068190405,25.857794702299618,6.5566109443781215,Evening,Saturday,40.17000798850017,94.603668586739,250.41634858297155,7.33503583628978,5.0,Level 2,Commuter,0,1,54.43366059823884,18.77573125789596,0.1454473916970437,0.7270793115749151,4,1,5.555065726588643,2
User_630,Bmw I3,85.0,Station_485,Chicago,2024-01-27 05:00:00,2024-01-27 05:49:00,58.77314551651613,2.746555880784028,12.802289341306434,22.03951080420965,Night,Wednesday,70.8802102208019,72.25262595365619,87.25015523286773,4.700463191367502,6.0,Level 2,Long-Distance Traveler,0,0,1.372415732854293,21.398852988106267,0.3749928749009396,0.6914487707825427,5,1,1.4845241728358598,2
User_631,Hyundai Kona,62.0,Station_391,Chicago,2024-01-27 06:00:00,2024-01-27 07:04:00,65.539397780162,1.9651245325256728,5.210684627425631,32.84723522607135,Night,Thursday,45.97265795541939,51.33001152315027,166.1593670762652,8.90452585554962,6.0,Level 2,Long-Distance Traveler,0,0,5.3573535677308755,33.35126944648521,0.5011830492591711,1.0570870609703549,6,1,2.5352592898947823,2
User_632,Tesla Model 3,62.0,Station_282,San Francisco,2024-01-27 07:00:00,2024-01-27 08:22:00,79.21399696256503,2.604326202856168,20.613804158936112,22.48456535541764,Night,Monday,37.49932663104295,96.679708595604,161.19607009381224,-1.2045317001237752,4.0,Dc Fast Charger,Commuter,0,0,59.18038196456105,30.416311472691458,0.28384586332694967,1.2776451122994361,7,1,2.034944280996076,3
User_633,Bmw I3,62.0,Station_474,New York,2024-01-27 08:00:00,2024-01-27 11:24:00,62.91943734898983,1.110562981668299,37.24345801158542,38.96704817229725,Afternoon,Saturday,39.36013937047071,50.60418727572144,268.54743343794433,21.519498317087468,4.0,Dc Fast Charger,Casual Driver,0,1,11.244047905250731,56.65544267869583,0.6193165389601638,1.0148296346611263,8,1,4.26811562138446,3
User_634,Chevy Bolt,35.044354421165465,Station_88,Los Angeles,2024-01-27 09:00:00,2024-01-27 11:19:00,18.39971040043272,2.065520389554198,5.904189492591163,28.021511275917074,Afternoon,Saturday,36.50968370288002,85.7697373307883,160.4171358204794,15.833470808710103,0.0,Dc Fast Charger,Commuter,0,1,49.260053627908285,8.908026516457644,1.5229321911098161,0.5250406436170498,9,1,8.718459819710354,3
User_635,Tesla Model 3,62.0,Station_204,New York,2024-01-27 10:00:00,2024-01-27 13:52:00,47.49230024226053,3.410300606205229,44.87220045649857,6.153396129012328,Morning,Friday,62.16113017351604,63.07947980040336,46.772157427623455,-5.253638201447788,7.0,Level 1,Long-Distance Traveler,0,0,0.9183496268873199,13.926133126166556,0.1295661843630137,0.7660048426171052,10,1,0.9848366406561992,1
User_636,Tesla Model 3,85.0,Station_16,San Francisco,2024-01-27 11:00:00,2024-01-27 14:29:00,21.47142841095029,3.1162253455849,47.18975870041258,26.87453275967183,Afternoon,Tuesday,53.35164134135862,86.03135032630132,281.2570146793227,16.60261301916026,4.0,Dc Fast Charger,Casual Driver,0,0,32.6797089849427,6.890204022430929,1.251641588314916,0.2526050401288269,11,1,13.099129191418092,3
User_637,Tesla Model 3,75.0,Station_151,San Francisco,2024-01-27 12:00:00,2024-01-27 14:45:00,21.86794779138668,3.3833368265812283,29.88406599854634,40.433053782268175,Evening,Friday,43.8356488045344,61.372029465728886,229.7015932435815,35.01191454749671,2.0,Level 2,Commuter,0,0,17.536380661194485,6.46342617134093,1.8489642543500995,0.2915726372184891,12,1,10.504030622117,2
User_638,Hyundai Kona,75.0,Station_424,Los Angeles,2024-01-27 13:00:00,2024-01-27 13:33:00,78.23764802345093,2.7832118665409835,10.32712933232258,10.553717581788453,Evening,Tuesday,59.3125092229608,76.09869924748591,66.63692341792364,30.18670377207448,2.0,Level 2,Commuter,1,0,16.786190024525112,28.110561385571348,0.1348930834248121,1.043168640312679,13,1,0.8517245226741722,2
User_639,Bmw I3,62.0,Station_254,Houston,2024-01-27 14:00:00,2024-01-27 17:04:00,79.75044564145941,3.433463839618764,26.13523981227178,12.674896170841464,Evening,Saturday,19.733751440310023,69.3314433824692,187.4594569554162,29.394453538783672,3.0,Dc Fast Charger,Commuter,0,1,49.59769194215918,23.227402228973098,0.1589319792371447,1.2862975103461194,14,1,2.350575666977373,3
User_640,Hyundai Kona,85.0,Station_188,Houston,2024-01-27 15:00:00,2024-01-27 18:21:00,66.89909636313753,2.7694854642977385,39.324141107074205,17.09197469429383,Morning,Tuesday,22.593136047374216,75.40468288713939,227.4271614039156,-4.073387952520587,6.0,Dc Fast Charger,Commuter,0,0,52.81154683976517,24.155785334696173,0.25548887239845863,0.7870481925075004,15,1,3.3995550578054083,3
User_641,Bmw I3,62.0,Station_329,Los Angeles,2024-01-27 16:00:00,2024-01-27 19:17:00,68.06928828300951,1.3211779345219874,34.39817877514721,29.472256292394487,Morning,Monday,62.06441940214671,82.6938659048567,135.72503239178508,-4.9925236650444536,1.0,Level 1,Commuter,0,0,20.629446502709982,51.52166601059495,0.4329743565094823,1.0978917465001534,16,1,1.9939246584669055,1
User_642,Hyundai Kona,50.0,Station_32,Houston,2024-01-27 17:00:00,2024-01-27 19:11:00,40.05179662487088,1.0397449093656566,26.32801687036438,36.04711966045228,Morning,Saturday,21.78035695349116,92.3319815886202,114.7560838987734,30.28535775941765,2.0,Dc Fast Charger,Casual Driver,0,1,70.55162463512903,38.52079126726025,0.9000125511989686,0.8010359324974177,17,1,2.8651919156983223,3
User_643,Hyundai Kona,85.0,Station_271,Chicago,2024-01-27 18:00:00,2024-01-27 19:16:00,77.6778219726915,2.875962347601015,36.88376940480415,31.18668658595777,Morning,Saturday,18.74774586385513,92.78183120974892,169.2012300844277,16.71941917567966,5.0,Level 1,Commuter,0,1,74.03408534589379,27.009332037148013,0.4014876549566721,0.9138567290904883,18,1,2.1782437481822323,1
User_644,Chevy Bolt,62.0,Station_485,Houston,2024-01-27 19:00:00,2024-01-27 21:03:00,38.36041212940863,1.2969834264391895,38.34376389041496,10.22554197002394,Night,Tuesday,72.50501027428835,86.30071771574521,281.0252124025229,5.501271668564232,4.0,Dc Fast Charger,Long-Distance Traveler,0,0,13.795707441456855,29.576640184775098,0.26656496639108396,0.6187163246678812,19,1,7.325917444642826,3
User_645,Hyundai Kona,75.0,Station_397,Houston,2024-01-27 20:00:00,2024-01-27 23:21:00,6.337534264521747,0.9414062476062164,4.315961671253241,12.547932563551504,Morning,Wednesday,44.29225742818147,55.5236463027372,170.92055240618774,26.70894079525074,4.0,Level 1,Long-Distance Traveler,0,0,11.231388874555726,6.731986621755131,1.9799392066085206,0.08450045686028997,20,1,26.969566596747388,1
User_646,Nissan Leaf,100.0,Station_5,Houston,2024-01-27 21:00:00,2024-01-27 22:17:00,6.978771350415376,2.891860216001961,35.788923541786666,23.11595887064034,Morning,Tuesday,23.831531591573373,78.77996734336779,76.9515940823401,27.35537042917752,6.0,Dc Fast Charger,Casual Driver,0,0,54.94843575179441,2.413246432797374,3.312325008221466,0.06978771350415376,21,1,11.026524615648848,3
User_647,Chevy Bolt,62.0,Station_459,Chicago,2024-01-27 22:00:00,2024-01-28 00:00:00,30.549130796547445,3.7469924581485192,31.23151272273644,28.45569021387488,Afternoon,Tuesday,59.65792096193613,75.65430435209912,121.4615969598033,29.50261342460304,7.0,Dc Fast Charger,Long-Distance Traveler,0,0,15.99638339016299,8.152973654940986,0.9314729902917841,0.4927279160733459,22,1,3.9759428105735326,3
User_648,Hyundai Kona,50.0,Station_330,Houston,2024-01-27 23:00:00,2024-01-28 02:29:00,62.42036136933443,2.500035280187061,29.90830340221348,8.075374255374006,Night,Thursday,50.38374047794385,100.0,263.5031195019603,23.667158357363988,0.0,Dc Fast Charger,Casual Driver,1,0,49.61625952205615,24.96779220038204,0.1293708347440173,1.2484072273866886,23,1,4.22142893314637,3
User_649,Tesla Model 3,25.57336024448351,Station_308,Chicago,2024-01-28 00:00:00,2024-01-28 01:53:00,34.79315986001264,3.4129161973536832,11.915550358678772,19.58754470487846,Evening,Thursday,12.13162329310939,76.19400124506882,157.31824017266305,33.37442726826608,1.0,Level 1,Long-Distance Traveler,0,0,64.06237795195943,10.194554406870777,0.5629711352371357,1.3605235888982543,0,1,4.52152781769807,1
User_650,Nissan Leaf,41.65658284822922,Station_333,Los Angeles,2024-01-28 01:00:00,2024-01-28 02:37:00,58.45788451376784,1.0203811604697437,25.857794702299618,37.03351585096888,Afternoon,Monday,30.09804154498584,76.8615954584726,73.79130119150985,20.69280347103373,7.0,Level 2,Casual Driver,0,0,46.76355391348677,57.29024288027438,0.6335076296208915,1.403328850250443,1,1,1.262298521495945,2
User_651,Nissan Leaf,100.0,Station_169,New York,2024-01-28 02:00:00,2024-01-28 04:48:00,50.16265770416625,3.627355006363455,41.56617601285262,14.254269991958276,Morning,Monday,50.36291188518033,54.06032117164506,246.83536207622268,6.783882177943273,7.0,Level 1,Commuter,1,0,3.697409286464726,13.828990439636067,0.2841609803855028,0.5016265770416625,2,1,4.9206994480223045,1
User_652,Nissan Leaf,100.0,Station_181,Los Angeles,2024-01-28 03:00:00,2024-01-28 06:54:00,76.06503880500838,3.7243685191469313,5.490322577166959,8.832716318205737,Evening,Wednesday,15.221759885479162,83.98306136985278,233.27340676216312,10.675410149056148,1.0,Dc Fast Charger,Long-Distance Traveler,0,0,68.76130148437362,20.423606958860002,0.1161205786123146,0.7606503880500839,3,1,3.0667624762560903,3
User_653,Chevy Bolt,75.0,Station_366,New York,2024-01-28 04:00:00,2024-01-28 06:34:00,51.21630472206044,1.84505065646182,18.27526175148793,35.13982235875972,Evening,Thursday,56.59526966277224,89.52818265685809,54.83784076575183,14.461325524500763,5.0,Level 2,Long-Distance Traveler,1,0,32.932912994085854,27.75875260805896,0.6861061638370001,0.682884062960806,4,1,1.0707106079469157,2
User_654,Hyundai Kona,85.0,Station_178,Los Angeles,2024-01-28 05:00:00,2024-01-28 06:42:00,39.67713381108,3.94461419790277,5.847147396013394,23.86068056443489,Evening,Friday,83.81584017151073,89.27457303572433,106.70587653759428,-1.3562252342415224,1.0,Level 1,Casual Driver,1,0,5.4587328642136015,10.058558789393171,0.6013710737788146,0.46678980954211763,5,1,2.6893544540204726,1
User_655,Hyundai Kona,50.0,Station_143,New York,2024-01-28 06:00:00,2024-01-28 06:33:00,68.2690209195155,1.5334868966903243,15.060556534510896,8.01047724502125,Afternoon,Monday,63.80347684060182,72.327300301089,205.70804023988825,11.872445971241746,3.0,Level 1,Casual Driver,1,0,8.52382346048718,44.518815952622965,0.11733692877278926,1.36538041839031,6,1,3.013197457195174,1
User_656,Tesla Model 3,62.0,Station_362,New York,2024-01-28 07:00:00,2024-01-28 08:45:00,30.550011561630846,2.8343933534187222,8.831573588393466,38.44179324308953,Night,Monday,44.70101950340489,95.1456417676959,135.03776920278438,29.81421521116753,7.0,Level 2,Casual Driver,0,0,50.44462226429101,10.778324583912374,1.2583233615325478,0.49274212196178785,7,1,4.420219905002735,2
User_657,Tesla Model 3,75.0,Station_248,San Francisco,2024-01-28 08:00:00,2024-01-28 09:42:00,44.75866737764865,3.489771200380064,19.40437242911404,5.782817803801804,Night,Thursday,28.44310337367307,98.27285715890731,293.2067592472771,3.858658638525674,5.0,Dc Fast Charger,Long-Distance Traveler,0,0,69.82975378523425,12.825673893111983,0.12919995483801194,0.596782231701982,8,1,6.5508375567431925,3
User_658,Nissan Leaf,75.0,Station_127,New York,2024-01-28 09:00:00,2024-01-28 10:46:00,59.15730847009105,2.866837148550388,19.101417092688408,20.11401485878327,Evening,Thursday,14.433598941002616,54.77336503970236,276.608931979815,34.32752406146333,3.0,Level 2,Casual Driver,0,0,40.33976609869975,20.635043221762306,0.3400089588077284,0.7887641129345474,9,1,4.675820099551417,2
User_659,Tesla Model 3,100.0,Station_263,New York,2024-01-28 10:00:00,2024-01-28 11:17:00,57.14555997083127,2.569753498142236,5.962444720986591,13.627218405167334,Morning,Wednesday,82.43318506688816,93.33593640782244,245.0546115322712,38.02009094304093,7.0,Dc Fast Charger,Commuter,0,0,10.902751340934287,22.237759385148724,0.2384650428156283,0.5714555997083127,10,1,4.288252869642962,3
User_660,Chevy Bolt,75.0,Station_40,San Francisco,2024-01-28 11:00:00,2024-01-28 14:03:00,46.09404918662695,2.0733713859091227,38.68805256034166,38.29948700250448,Night,Thursday,48.45476290779429,82.51481540453399,39.053767256416336,2.0551494453317414,3.0,Level 2,Casual Driver,0,0,34.0600524967397,22.231448499717686,0.8308987315789156,0.6145873224883593,11,1,0.8472626715499497,2
User_661,Hyundai Kona,75.0,Station_412,Houston,2024-01-28 12:00:00,2024-01-28 14:11:00,23.83688010187143,2.85364923342141,12.329512359502848,36.23594103516018,Night,Sunday,63.198836279094415,73.81270846074626,192.32269501445737,29.028763662192333,2.8254819703558147,Level 1,Commuter,0,1,10.61387218165185,8.353121968424961,1.5201629105948016,0.3178250680249524,12,1,8.068283021625726,1
User_662,Nissan Leaf,47.65326137555467,Station_416,Houston,2024-01-28 13:00:00,2024-01-28 15:15:00,29.34959503888956,2.5597015729885912,30.32389571922,13.507211702937916,Morning,Tuesday,22.27521584720757,72.6049992234139,95.2684455561382,36.69341868132973,1.0,Level 1,Commuter,1,0,50.32978337620633,11.466022191259706,0.4602179922769033,0.6158989792447955,13,1,3.24598841755408,1
User_663,Tesla Model 3,85.0,Station_355,San Francisco,2024-01-28 14:00:00,2024-01-28 15:46:00,47.060925633313786,2.4455488373877685,10.41398710364594,31.57940064104084,Afternoon,Saturday,63.14412802079429,92.6389090142761,152.05684023287293,-7.163620818557389,6.0,Level 1,Casual Driver,0,1,29.494780993481804,19.243502691028763,0.6710322888057734,0.5536579486272211,14,1,3.2310635242846555,1
User_664,Chevy Bolt,75.0,Station_255,Chicago,2024-01-28 15:00:00,2024-01-28 16:08:00,27.1701708128166,3.3209390614009493,23.824644086480745,9.887290856973978,Afternoon,Friday,46.8217530357587,79.21389611788328,163.1287884196002,4.162485470728397,4.0,Dc Fast Charger,Commuter,0,0,32.39214308212458,8.181472261449679,0.36390241802638895,0.362268944170888,15,1,6.003966244579138,3
User_665,Chevy Bolt,50.0,Station_143,New York,2024-01-28 16:00:00,2024-01-28 17:27:00,48.94232025145676,3.791622315899987,31.171170500929243,10.163701867084717,Morning,Saturday,75.81068442529316,89.15464228804454,112.72952000249526,31.508322982992222,4.0,Dc Fast Charger,Commuter,0,1,13.343957862751381,12.908015665542289,0.2076669396723625,0.9788464050291352,16,1,2.303313766558501,3
User_666,Tesla Model 3,50.0,Station_240,New York,2024-01-28 17:00:00,2024-01-28 17:48:00,19.146538928197334,2.8041515802310166,35.45357670634186,7.523935074061204,Afternoon,Tuesday,55.05492161735283,56.81778300064369,153.05420582204593,24.147802798156853,1.0,Level 2,Commuter,1,0,1.7628613832908613,6.827925802292032,0.3929658045392536,0.3829307785639467,17,1,7.9938314906952295,2
User_667,Hyundai Kona,75.0,Station_228,San Francisco,2024-01-28 18:00:00,2024-01-28 19:57:00,58.19728526882489,1.7620474180588634,6.50874515305308,38.29626240191442,Evening,Sunday,25.84005873762033,83.11743200557254,221.2100281938695,19.90110938909792,5.0,Dc Fast Charger,Casual Driver,0,1,57.277373267952214,33.02821744317027,0.6580420757603439,0.7759638035843319,18,1,3.8010368898146396,3
User_668,Tesla Model 3,62.0,Station_341,San Francisco,2024-01-28 19:00:00,2024-01-28 21:22:00,65.20093720294392,2.952728388415329,22.57264064944385,9.017936694331294,Night,Sunday,13.909596696565243,77.57887511792278,214.92325852951828,15.032552008091375,7.197041544075574,Dc Fast Charger,Casual Driver,0,1,63.66927842135753,22.081589847123045,0.13830992438440165,1.0516280194023213,19,1,3.2963216136073297,3
User_669,Nissan Leaf,5.189529951841088,Station_198,Chicago,2024-01-28 20:00:00,2024-01-28 21:46:00,51.14211521001526,1.7809541535098248,21.11803064913241,34.739707312861626,Afternoon,Tuesday,58.189363147862366,69.1577279417634,290.76580556137594,18.38760345641107,2.0,Level 2,Commuter,0,0,10.968364793901031,28.716132366027878,0.6792778744133461,9.854864637956583,20,1,5.685447392376033,2
User_670,Tesla Model 3,50.0,Station_65,Houston,2024-01-28 21:00:00,2024-01-28 22:46:00,69.71594630744188,3.783098445775636,10.063093768622078,37.11929536882584,Evening,Saturday,20.432310798427924,79.51998829798639,205.7699162392264,-4.47805197297919,4.0,Dc Fast Charger,Long-Distance Traveler,0,1,59.08767749955847,18.42826648756381,0.5324362263567741,1.3943189261488376,21,1,2.9515473451625707,3
User_671,Chevy Bolt,85.0,Station_388,Los Angeles,2024-01-28 22:00:00,2024-01-29 01:35:00,41.97718283907795,3.196445552138501,49.308369400939775,19.562816700909146,Evening,Tuesday,11.415452890941662,88.49863229758265,260.4855529228803,8.216271168307653,5.0,Level 2,Commuter,0,0,77.08317940664098,13.132456709920861,0.4660345306140333,0.49384920987150527,22,1,6.205408159986994,2
User_672,Tesla Model 3,50.0,Station_11,Houston,2024-01-28 23:00:00,2024-01-28 23:57:00,69.42235104080157,1.9373668689894512,9.88982074193077,10.834958906592462,Evening,Monday,29.13398078893268,99.88715307218884,74.04370796256828,37.268214954491775,5.0,Dc Fast Charger,Casual Driver,0,0,70.75317228325616,35.83335306906168,0.15607306212122427,1.3884470208160316,23,1,1.0665687181791148,3
User_673,Hyundai Kona,50.0,Station_108,New York,2024-01-29 00:00:00,2024-01-29 01:35:00,78.98357945200523,2.904071458775645,37.47917296186442,32.75725727806328,Evening,Sunday,30.855323852249104,89.88889814024591,222.761718007916,9.568914679552112,0.0,Dc Fast Charger,Commuter,0,1,59.033574287996814,27.19753304049366,0.41473503107020354,1.5796715890401045,0,1,2.820354807334077,3
User_674,Bmw I3,85.0,Station_26,San Francisco,2024-01-29 01:00:00,2024-01-29 01:39:00,8.527929006106092,2.9292312619958487,9.812104577010492,17.86108715956673,Evening,Saturday,40.40203633436858,66.02532263428573,99.2324060472996,39.93000319748301,1.0,Level 1,Commuter,0,1,25.623286299917147,2.911319811702248,2.0944225903824942,0.10032857654242461,1,1,11.636166996259949,1
User_675,Tesla Model 3,96.98923662331453,Station_445,Chicago,2024-01-29 02:00:00,2024-01-29 04:35:00,54.860003290031365,1.7409047219251486,38.70203714776589,18.791583931608667,Morning,Tuesday,16.504645864265477,100.0,225.6350477231055,-7.668417861130797,0.0,Dc Fast Charger,Casual Driver,0,0,83.49535413573452,31.51235251367772,0.3425370544048672,0.5656298080074174,2,1,4.112924429301041,3
User_676,Hyundai Kona,105.55496694435764,Station_421,Houston,2024-01-29 03:00:00,2024-01-29 06:54:00,48.50288659256919,3.2569565894463173,43.60970746385774,13.984073654590322,Night,Monday,28.208935069265067,64.31222001060793,94.94198697812332,23.88774269762121,4.0,Level 2,Casual Driver,0,0,36.103284941342864,14.892088752344925,0.28831425585158327,0.4595035932144913,3,1,1.9574502395218012,2
User_677,Hyundai Kona,62.0,Station_151,Chicago,2024-01-29 04:00:00,2024-01-29 05:27:00,52.53257448488719,0.7500343405308991,40.99044595574586,17.654317428764656,Night,Thursday,29.71940200562245,63.899161425123765,62.19603106163954,36.52061298064519,0.0,Level 2,Long-Distance Traveler,0,0,34.179759419501316,70.04022568847034,0.33606419639386853,0.8472995884659225,4,1,1.183951703709712,2
User_678,Chevy Bolt,75.0,Station_221,Houston,2024-01-29 05:00:00,2024-01-29 08:50:00,45.47118879513778,2.957746789429136,48.01145593400727,7.388725698983668,Morning,Sunday,56.83137688293154,89.62384238551863,289.7879843555108,26.50442557179917,6.0,Level 1,Commuter,0,1,32.792465502587085,15.373590787977495,0.16249246819282065,0.6062825172685037,5,1,6.37300215881969,1
User_679,Hyundai Kona,50.0,Station_341,New York,2024-01-29 06:00:00,2024-01-29 08:51:00,34.6802647525039,1.4975626824084889,41.81029740859989,36.02625218643517,Morning,Friday,53.99698887539003,79.03092865995887,218.29028012352515,37.34587349327117,6.0,Level 2,Commuter,1,0,25.033939784568844,23.15780511886727,1.0388113367512308,0.6936052950500781,6,1,6.294366022905424,2
User_680,Hyundai Kona,50.0,Station_496,Los Angeles,2024-01-29 07:00:00,2024-01-29 09:34:00,5.356309335174382,3.001369048238973,18.31744606413184,13.64725542763756,Evening,Friday,69.73910331351091,79.18647461637062,161.19607009381224,27.775403826264785,4.0,Level 1,Commuter,1,0,9.447371302859707,1.7846220338405732,2.547884107069267,0.10712618670348764,7,1,30.094615528504438,1
User_681,Hyundai Kona,100.0,Station_237,Chicago,2024-01-29 08:00:00,2024-01-29 10:21:00,27.28221643798108,0.9998347402393436,24.478005326798822,12.45233588300988,Afternoon,Tuesday,54.573853324395245,74.28770014952136,130.78815463221682,-3.339891179312307,0.0,Dc Fast Charger,Long-Distance Traveler,0,0,19.71384682512611,27.286725835761796,0.4564268416870374,0.2728221643798108,8,1,4.7938976999735035,3
User_682,Hyundai Kona,75.0,Station_237,Chicago,2024-01-29 09:00:00,2024-01-29 10:53:00,11.514718098963709,2.460808920693919,3.8023033275213214,31.186780425230648,Night,Friday,18.886157164062443,82.46833405689074,234.8791649205517,-4.093359075721323,3.0,Level 1,Long-Distance Traveler,0,0,63.5821768928283,4.679241042297869,2.7084276104021487,0.15352957465284944,9,1,20.398168926227566,1
User_683,Nissan Leaf,62.0,Station_497,Los Angeles,2024-01-29 10:00:00,2024-01-29 12:52:00,9.44816711008226,1.465804515944262,40.51570933543204,17.593331704402168,Afternoon,Monday,75.62404762261002,93.73758915768624,115.37806159223754,-4.807451278393612,2.8963606640999924,Dc Fast Charger,Commuter,0,0,18.113541535076223,6.445721108995089,1.8620893872239093,0.15238979209810097,10,1,12.211687224405265,3
User_684,Nissan Leaf,85.0,Station_219,Chicago,2024-01-29 11:00:00,2024-01-29 13:05:00,53.104493654248735,1.8580966641953,12.620547147036431,40.3175304739871,Night,Thursday,33.6601357810824,52.83378326682362,74.38140222321842,14.121318217820637,6.0,Level 2,Casual Driver,0,0,19.17364748574122,28.580048970297838,0.7592112776083576,0.6247587488735146,11,1,1.4006611701732585,2
User_685,Chevy Bolt,75.0,Station_487,Chicago,2024-01-29 12:00:00,2024-01-29 13:02:00,28.788056755331933,3.191827856187692,33.372714771158726,11.34356700419534,Evening,Tuesday,40.83054026198938,61.64756308118157,125.8286099263755,1.3097312422493097,0.0,Level 1,Commuter,0,0,20.817022819192196,9.019301181773722,0.3940372599861003,0.3838407567377591,12,1,4.370861534551837,1
User_686,Tesla Model 3,75.0,Station_424,Houston,2024-01-29 13:00:00,2024-01-29 15:54:00,51.20692408624951,1.2881060252543053,9.977877021843266,24.57716643900033,Afternoon,Wednesday,59.75759842874595,67.38758549248693,178.11509933838914,12.322504555568166,5.0,Level 2,Commuter,1,0,7.629987063740984,39.753656207096725,0.4799578744000362,0.6827589878166601,13,1,3.4783401369389817,2
User_687,Hyundai Kona,101.10298785881888,Station_461,Houston,2024-01-29 14:00:00,2024-01-29 17:01:00,7.275443511373867,2.6906032551566943,21.06032430839848,34.654040907546545,Night,Saturday,12.88478096498137,72.4517483132095,66.80027139939963,26.953658531337915,0.0,Level 2,Commuter,0,1,59.56696734822813,2.704019441524894,4.763151669499061,0.07196071714055931,14,1,9.181608144571426,2
User_688,Tesla Model 3,83.14159588676097,Station_151,Los Angeles,2024-01-29 15:00:00,2024-01-29 18:07:00,46.09404918662695,3.136575204406548,49.23385306128027,38.37508852670592,Night,Sunday,68.84864852016932,86.41348670667381,109.38827191780068,34.414664875502226,4.0,Level 2,Casual Driver,0,1,17.56483818650449,14.695662046256633,0.8325388895935727,0.5544041907664022,15,1,2.3731538853292364,2
User_689,Tesla Model 3,100.0,Station_123,New York,2024-01-29 16:00:00,2024-01-29 19:39:00,74.34970162186968,2.228619732721868,18.03449260881751,31.42153777484048,Evening,Friday,61.99533259610632,78.78459856129506,144.43722189921488,-8.059848673780747,1.0,Level 2,Long-Distance Traveler,1,0,16.789265965188733,33.36132249491687,0.42261820948045276,0.7434970162186968,16,1,1.9426738608017387,2
User_690,Chevy Bolt,50.0,Station_144,Chicago,2024-01-29 17:00:00,2024-01-29 19:50:00,79.96222628140413,2.967779748643271,9.807729926080174,13.149916300642058,Afternoon,Friday,20.760171808157708,98.43286888943882,278.47568363906424,4.753258010825176,2.0,Level 2,Long-Distance Traveler,0,0,77.67269708128111,26.94345034127249,0.16445160311525966,1.5992445256280825,17,1,3.4825904253722118,2
User_691,Hyundai Kona,100.0,Station_478,New York,2024-01-29 18:00:00,2024-01-29 21:39:00,57.23283445266599,1.389640351950641,30.94275330829091,5.66399012717631,Evening,Tuesday,22.44089942066365,63.15177111448933,36.00389596159371,0.8305829090527883,4.0,Level 1,Commuter,0,0,40.71087169382568,41.18535732812317,0.09896399822484193,0.5723283445266599,18,1,0.62907763185083,1
User_692,Hyundai Kona,62.0,Station_189,Los Angeles,2024-01-29 19:00:00,2024-01-29 20:16:00,39.223093374363,3.068545305244945,25.857794702299618,11.95063657727633,Afternoon,Saturday,14.127521086604636,66.70572559279873,252.9319825548704,36.20147299349721,3.0,Level 2,Commuter,0,1,52.57820450619409,12.782308707425793,0.30468368374758287,0.6326305382961774,19,1,6.448547546741731,2
User_693,Bmw I3,100.0,Station_255,Los Angeles,2024-01-29 20:00:00,2024-01-29 22:21:00,10.420110802780291,1.229348211397581,18.89970325569965,8.942145214401862,Afternoon,Saturday,54.97882573715829,59.780788575001054,143.56103568738638,21.293106505425005,2.0,Level 1,Commuter,0,1,4.8019628378427655,8.476126378330365,0.8581622003497238,0.10420110802780291,20,1,13.77730413855882,1
User_694,Tesla Model 3,85.0,Station_68,Houston,2024-01-29 21:00:00,2024-01-29 23:53:00,47.19744469005413,1.551271282498898,23.43002274979381,9.9884727910293,Night,Friday,74.87748787760317,94.07356949467206,278.9265238402248,28.41994109024357,7.0,Level 1,Casual Driver,0,0,19.196081617068884,30.425010262566797,0.21163164354815509,0.5552640551771074,21,1,5.909780194074844,1
User_695,Tesla Model 3,75.0,Station_104,Chicago,2024-01-29 22:00:00,2024-01-30 01:43:00,64.450811584597,3.998843750930618,21.47178993172093,31.667822130613803,Morning,Friday,46.22043610199324,89.43899158085306,231.1922316914764,18.966955539787385,1.0,Level 1,Commuter,0,0,43.21855547885981,16.117361817299788,0.4913486944853623,0.8593441544612934,22,1,3.587111255969485,1
User_696,Nissan Leaf,85.0,Station_336,San Francisco,2024-01-29 23:00:00,2024-01-30 02:58:00,37.84729729719263,2.262536220950611,2.8261462517994547,8.330983169593306,Afternoon,Wednesday,55.25180507003179,100.0,173.23290189326207,24.38193039875923,4.0,Level 2,Casual Driver,0,0,44.74819492996821,16.727819403170034,0.22012095353004946,0.4452623211434427,23,1,4.57715383301919,2
User_697,Bmw I3,61.38144492828766,Station_159,Los Angeles,2024-01-30 00:00:00,2024-01-30 01:12:00,46.09404918662695,2.50293726102557,41.12611693007159,8.818942546495213,Afternoon,Saturday,36.34699295575206,78.65787558587593,200.38808819473533,38.24330058005226,0.0,Level 2,Commuter,0,1,42.31088263012387,18.415982655410257,0.1913249693206344,0.7509443487438089,0,1,4.3473743732818555,2
User_698,Nissan Leaf,62.0,Station_309,Chicago,2024-01-30 01:00:00,2024-01-30 01:37:00,79.26318452230387,0.6201625989999864,27.64508954769722,27.606621088126865,Evening,Monday,80.47359963678021,81.06159952378948,108.9552568443528,17.199181245689548,7.0,Level 1,Commuter,0,0,0.5879998870092749,127.81032692090098,0.348290587294769,1.2784384600371592,1,1,1.3746010521908045,1
User_699,Nissan Leaf,100.0,Station_362,New York,2024-01-30 02:00:00,2024-01-30 02:32:00,38.61710108945668,2.5287380943690696,43.01294385875995,10.40128286283271,Afternoon,Sunday,55.495496987087286,70.98523133366572,283.1400362865993,34.31814298391609,2.0,Level 2,Commuter,1,1,15.489734346578437,15.271293288715139,0.2693439582307873,0.38617101089456685,2,1,7.331985786056395,2
User_700,Nissan Leaf,62.0,Station_409,Houston,2024-01-30 03:00:00,2024-01-30 05:34:00,24.401133035107133,1.478023096097471,31.115244479482783,24.13463552360136,Afternoon,Tuesday,51.25486777484991,65.98351536998533,32.039490764758696,23.590289730681064,0.0,Level 1,Long-Distance Traveler,1,0,14.728647595135413,16.5093042859311,0.9890784779902495,0.39356666185656664,3,1,1.3130329119824835,1
User_701,Chevy Bolt,75.0,Station_300,New York,2024-01-30 04:00:00,2024-01-30 04:41:00,26.179783257937025,3.805961295935017,25.857794702299618,26.5968547612086,Afternoon,Tuesday,66.53596712230103,81.32643859059355,243.87124463166649,-5.31850140094415,1.0,Level 2,Commuter,0,0,14.790471468292523,6.878625719578,1.0159310525668745,0.3490637767724937,4,1,9.31525071192983,2
User_702,Chevy Bolt,75.0,Station_396,Los Angeles,2024-01-30 05:00:00,2024-01-30 06:53:00,46.09404918662695,2.854360526745444,45.45609302548899,22.85367292287481,Afternoon,Wednesday,46.278037482878126,58.47829058329158,151.86656920456252,31.54957073687514,5.0,Level 2,Commuter,0,0,12.200253100413455,16.148643016438996,0.4958052791227819,0.6145873224883593,5,1,3.29471096344087,2
User_703,Nissan Leaf,62.0,Station_90,Los Angeles,2024-01-30 06:00:00,2024-01-30 06:45:00,28.68467333811884,3.246572899301348,16.487468098425715,30.52226562304346,Afternoon,Sunday,13.892462559930523,81.56870399845545,248.0224941305415,2.875158735218239,6.0,Level 1,Commuter,0,1,67.67624143852493,8.83537016658141,1.064061816680431,0.46265602158256197,6,1,8.64651624953129,1
User_704,Bmw I3,62.0,Station_357,New York,2024-01-30 07:00:00,2024-01-30 08:47:00,34.72671289756062,2.9597802593630083,24.021573950806896,25.478646503811067,Morning,Wednesday,80.99232289671558,94.75959997585818,264.7324232132674,-5.82983325167146,6.0,Level 2,Commuter,0,0,13.767277079142602,11.732868609994162,0.7336901301015686,0.5601082725413002,7,1,7.623307855085344,2
User_705,Tesla Model 3,100.0,Station_256,Los Angeles,2024-01-30 08:00:00,2024-01-30 11:57:00,56.65756369693637,0.6132085077161415,21.069771396509864,12.846529275978984,Night,Monday,84.61526142274654,88.99562892720596,151.96650872316795,17.367661723808453,0.0,Level 1,Casual Driver,0,0,4.380367504459414,92.39526683664923,0.22673988145158508,0.5665756369693637,8,1,2.6821927878163456,1
User_706,Bmw I3,50.0,Station_496,Chicago,2024-01-30 09:00:00,2024-01-30 10:28:00,5.583797770172537,2.8339269826645257,35.82084576495499,35.00912880039168,Afternoon,Thursday,68.59711303472281,95.58825531366833,125.25857779948792,16.510934643362084,3.0,Level 1,Casual Driver,0,0,26.991142278945517,1.9703393221947156,6.269770188921063,0.11167595540345074,9,1,22.432506146370965,1
User_707,Hyundai Kona,85.0,Station_353,Los Angeles,2024-01-30 10:00:00,2024-01-30 13:26:00,9.669665590124442,1.6215747563116645,37.51415163304576,16.716821965769462,Evening,Tuesday,48.38561451259521,71.20894956034991,145.13270890073923,-1.9450676176789048,3.6081348728532543,Level 2,Commuter,0,0,22.823335047754696,5.963132783417569,1.7287900817213606,0.11376077164852284,10,1,15.00907219055871,2
User_708,Chevy Bolt,193.0030738908944,Station_220,Houston,2024-01-30 11:00:00,2024-01-30 12:32:00,42.74479256756108,1.180162501458162,40.205987598054165,14.255748276568443,Evening,Saturday,19.56303215617694,67.79633548104113,119.4883558366469,-4.172668306472096,4.0,Level 2,Casual Driver,0,1,48.23330332486418,36.21941259339057,0.3335084210324861,0.22147208179557246,11,1,2.795389769356989,2
User_709,Tesla Model 3,75.0,Station_9,Chicago,2024-01-30 12:00:00,2024-01-30 15:39:00,58.281853729008496,2.280942968456774,32.976500057737226,31.95299773671692,Afternoon,Sunday,34.459615544112054,84.48778807694728,205.39547022079915,26.12620097339281,5.48970015202478,Level 1,Commuter,0,1,50.02817253283523,25.551648829010603,0.5482495097923255,0.7770913830534466,12,1,3.5241753149414348,1
User_710,Tesla Model 3,50.0,Station_12,San Francisco,2024-01-30 13:00:00,2024-01-30 14:18:00,47.88862466678341,4.2283057378742,26.4252189690936,13.426059143998266,Afternoon,Friday,82.18039755013481,83.00880488864827,235.8950309401682,36.40880980861047,5.0,Level 1,Commuter,0,0,0.8284073385134576,11.325724210960118,0.28036009046864263,0.9577724933356682,13,1,4.925909494823937,1
User_711,Hyundai Kona,62.0,Station_325,Los Angeles,2024-01-30 14:00:00,2024-01-30 15:20:00,10.55815619752912,3.990952264160988,17.23173869250797,29.843007313741943,Afternoon,Sunday,58.68570516038113,64.658324089453,37.99444109844923,32.26012676396088,0.0,Level 1,Casual Driver,1,1,5.972618929071871,2.645523047805421,2.826535879505739,0.170292841895631,14,1,3.598586759621998,1
User_712,Hyundai Kona,62.0,Station_438,Los Angeles,2024-01-30 15:00:00,2024-01-30 16:02:00,12.12848439962642,2.954305533429753,9.582158682023236,38.121241218258966,Morning,Monday,48.94788600827787,77.67619770811736,81.64473755406577,23.61939627308142,2.0,Dc Fast Charger,Casual Driver,0,0,28.728311699839487,4.105358860952358,3.1431166469104066,0.19562071612300677,15,1,6.731652106225291,3
User_713,Nissan Leaf,75.0,Station_244,Houston,2024-01-30 16:00:00,2024-01-30 16:59:00,45.9092521544369,0.7087385462007003,26.312150401609657,11.234497775213969,Night,Tuesday,40.71611726313112,97.28846478393484,194.2513955234278,28.40385151251196,5.0,Level 2,Commuter,0,0,56.572347520803724,64.77600576480616,0.24471097323523294,0.6121233620591586,16,1,4.231203655201654,2
User_714,Chevy Bolt,75.0,Station_182,Houston,2024-01-30 17:00:00,2024-01-30 20:36:00,8.115370261050328,1.978147576860484,26.13523981227178,26.846863527631847,Evening,Saturday,22.18992507323624,99.6280979332727,223.4058066531342,33.691150813162494,0.0,Dc Fast Charger,Long-Distance Traveler,0,1,77.43817286003646,4.102510023003554,3.3081501723320264,0.10820493681400438,17,1,27.528726289343695,3
User_715,Chevy Bolt,50.0,Station_284,New York,2024-01-30 18:00:00,2024-01-30 19:45:00,9.623141257761764,3.944488764646076,34.938865911318366,29.80554365122593,Morning,Monday,61.57800907196332,68.59374207434695,28.95833542942806,15.402427506836917,0.0,Level 1,Commuter,1,0,7.015733002383627,2.4396422025618856,3.097277994042287,0.19246282515523527,18,1,3.0092393589329323,1
User_716,Bmw I3,100.0,Station_312,New York,2024-01-30 19:00:00,2024-01-30 19:44:00,27.8542104539734,1.8664816416786207,37.68861950326764,37.96070854587784,Morning,Thursday,12.17065798944529,98.07896305795944,89.81454216199296,-1.6555380510473867,6.0,Dc Fast Charger,Commuter,0,0,85.90830506851415,14.923377670579557,1.3628355615609542,0.278542104539734,19,1,3.2244511942064733,3
User_717,Nissan Leaf,85.0,Station_99,New York,2024-01-30 20:00:00,2024-01-30 21:51:00,23.2226343840928,0.6564859609421378,5.406718024307384,30.83715062625512,Afternoon,Saturday,17.513436634097637,97.23831329500736,214.20091795488923,22.91019950470565,0.0,Level 1,Long-Distance Traveler,0,1,79.72487666090973,35.37415232881062,1.3278920089866362,0.27320746334226825,20,1,9.223799264635284,1
User_718,Nissan Leaf,50.0,Station_197,Houston,2024-01-30 21:00:00,2024-01-30 23:01:00,21.308572550577523,3.735302162259872,28.04359239194004,39.92534587197503,Night,Tuesday,78.29829103715065,91.71603560211943,198.7338105752665,-5.46532879033326,1.0,Dc Fast Charger,Casual Driver,0,0,13.417744564968785,5.704644932308704,1.8736752908816008,0.42617145101155046,21,1,9.326472249774433,3
User_719,Nissan Leaf,50.0,Station_482,New York,2024-01-30 22:00:00,2024-01-30 22:52:00,77.45749045486116,3.010517385146997,47.33304581130439,38.25663659490896,Afternoon,Sunday,63.57208978428879,68.75240394776228,273.6978210236848,-3.042041816395144,1.0,Dc Fast Charger,Long-Distance Traveler,0,1,5.180314163473483,25.728963013804048,0.4939049325023415,1.549149809097223,22,1,3.53352296099993,3
User_720,Nissan Leaf,62.0,Station_366,New York,2024-01-30 23:00:00,2024-01-31 02:55:00,32.25299063735733,3.6496256877146847,71.6210409570786,35.48158300718735,Evening,Friday,45.41422996353133,78.6383229213933,25.05757787305148,-1.9255447355113608,4.0,Level 2,Commuter,0,0,33.22409295786197,8.837342072072449,1.1001021085496014,0.5202095264089892,23,1,0.7769071139725041,2
User_721,Chevy Bolt,50.0,Station_226,San Francisco,2024-01-31 00:00:00,2024-01-31 02:03:00,17.929285125178676,2.9645416277610583,35.13960562879264,11.483340609236896,Night,Saturday,77.08652146669706,87.36946835959859,219.14057363218888,-7.5684818042716175,2.0,Level 2,Casual Driver,1,1,10.28294689290152,6.047911406364564,0.6404795578330376,0.3585857025035735,0,1,12.22249365226741,2
User_722,Chevy Bolt,100.0,Station_333,New York,2024-01-31 01:00:00,2024-01-31 02:14:00,77.29578007017075,0.6842951580787797,5.971664972824204,8.431094782973393,Afternoon,Tuesday,52.89673368546667,74.0491279791676,86.4568508507111,-8.892368362555017,5.0,Dc Fast Charger,Long-Distance Traveler,0,0,21.152394293700922,112.9567835715594,0.10907574482487227,0.7729578007017075,1,1,1.118519675617786,3
User_723,Nissan Leaf,75.0,Station_103,Los Angeles,2024-01-31 02:00:00,2024-01-31 03:31:00,26.493008140946493,2.11720414560859,7.148790446098545,27.96868973479901,Evening,Monday,55.39403574401752,56.75239993639017,261.41104964428166,19.67904953364568,5.0,Level 1,Long-Distance Traveler,0,0,1.3583641923726475,12.513204357688936,1.0557007941869676,0.3532401085459532,2,1,9.867171302463596,1
User_724,Bmw I3,50.0,Station_106,Houston,2024-01-31 03:00:00,2024-01-31 06:56:00,55.30273056094204,2.544566059466172,37.34746081473556,24.08202573037472,Morning,Thursday,71.91664638264722,88.37524193738372,106.93964742381894,30.18843916487025,1.0,Level 2,Commuter,0,0,16.458595554736505,21.73365881196422,0.4354581679079483,1.1060546112188407,3,1,1.9337136944074487,2
User_725,Tesla Model 3,100.0,Station_365,Chicago,2024-01-31 04:00:00,2024-01-31 07:48:00,10.192259430922377,2.1936622255764453,14.435352434618428,29.61595785137218,Evening,Saturday,14.184548280774854,71.74589400625973,298.9694610309599,-5.392329139958187,3.0,Dc Fast Charger,Long-Distance Traveler,0,1,57.56134572548488,4.646230085966895,2.905730378243718,0.10192259430922376,4,1,29.332991674438162,3
User_726,Tesla Model 3,42.22396426286603,Station_368,San Francisco,2024-01-31 05:00:00,2024-01-31 05:44:00,62.63400990213397,1.3061013638644594,37.57454771494434,18.48403980371912,Evening,Monday,69.88302901476676,89.70899824393155,38.61495714773572,1.1954220594389255,1.0,Level 1,Commuter,0,0,19.825969229164784,47.95493798185315,0.2951118702538852,1.483375874235892,5,1,0.616517403373532,1
User_727,Bmw I3,7.714516853958186,Station_58,Houston,2024-01-31 06:00:00,2024-01-31 07:15:00,36.22941276064402,1.8856890276693925,11.093063212886497,31.09005934380914,Evening,Monday,43.356673917181936,91.9403167511568,144.45037199616232,17.39682580808664,1.0,Level 2,Casual Driver,0,0,48.583642833974864,19.212824717669154,0.8581441700203942,4.696264645796364,6,1,3.9871022185896052,2
User_728,Nissan Leaf,62.0,Station_78,Houston,2024-01-31 07:00:00,2024-01-31 08:33:00,12.350406115320627,1.4995568792791971,44.0476453908667,24.30929723635528,Night,Wednesday,47.07173172848,68.83315695012828,157.31824017266305,15.009867293225184,4.0,Dc Fast Charger,Long-Distance Traveler,0,0,21.76142522164828,8.236037116016023,1.968299423465897,0.19920009863420365,7,1,12.737900171356344,3
User_729,Chevy Bolt,75.0,Station_75,Los Angeles,2024-01-31 08:00:00,2024-01-31 11:23:00,28.248510232660248,2.573551148931767,26.640176850452665,16.52212514810843,Morning,Monday,53.82003673204953,67.23316373441783,149.00427080858486,16.694086243987016,6.0,Level 1,Casual Driver,0,0,13.413127002368299,10.976471263990877,0.5848848315195733,0.37664680310213666,8,1,5.2747656276864365,1
User_730,Tesla Model 3,62.0,Station_42,New York,2024-01-31 09:00:00,2024-01-31 12:33:00,53.18988765045248,1.901457614097896,4.875602271353545,36.92869645022542,Night,Sunday,59.10391672336647,95.23017417720116,166.98175067619556,37.39510914830552,7.0,Level 1,Casual Driver,0,1,36.1262574538347,27.973217628459853,0.6942803995546938,0.8579014137169755,9,1,3.1393514454015787,1
User_731,Hyundai Kona,62.0,Station_422,Los Angeles,2024-01-31 10:00:00,2024-01-31 13:21:00,63.97196694472084,1.9815097094694272,41.34889744678012,10.340106053576346,Morning,Saturday,54.84308704413998,99.1304953506278,90.79486285484404,9.192514759905432,0.6898866541271644,Dc Fast Charger,Commuter,0,1,44.28740830648782,32.284457976161065,0.16163495586295462,1.0318059184632393,10,1,1.419291405144714,3
User_732,Hyundai Kona,75.0,Station_324,New York,2024-01-31 11:00:00,2024-01-31 12:44:00,48.66355521084799,1.756271660885669,36.32372774760015,15.39957845343005,Afternoon,Thursday,49.28268958934412,91.7460321625635,178.12130884759824,21.01240559446453,0.0,Level 1,Long-Distance Traveler,0,0,42.46334257321937,27.708444140303147,0.316449926165633,0.6488474028113065,11,1,3.660260909336352,1
User_733,Bmw I3,75.0,Station_181,New York,2024-01-31 12:00:00,2024-01-31 15:06:00,51.16176878981536,1.924572535667712,14.898359207134598,35.91280515720252,Afternoon,Friday,40.35911245487125,79.59600701886347,258.28967829086355,31.563179987120684,11.688592472503668,Dc Fast Charger,Casual Driver,0,0,39.23689456399222,26.58344533222037,0.7019461212285449,0.6821569171975381,12,1,5.048490003384726,3
User_734,Nissan Leaf,75.0,Station_33,Houston,2024-01-31 13:00:00,2024-01-31 16:39:00,68.24465321163233,3.375570509411532,49.36125110170392,33.36036096937211,Evening,Wednesday,57.90799490448934,88.30938417267018,276.3925880192631,14.826203728258427,2.0,Level 1,Long-Distance Traveler,0,0,30.401389268180836,20.2172204732081,0.48883479363458504,0.909928709488431,13,1,4.050025533313896,1
User_735,Tesla Model 3,62.0,Station_71,New York,2024-01-31 14:00:00,2024-01-31 15:21:00,70.3848328268497,1.0466206565434557,20.619603394084866,25.437143248981023,Evening,Monday,32.45935623541265,75.45762691513535,302.85248972263145,-6.497175362510335,6.0,Dc Fast Charger,Long-Distance Traveler,0,0,42.9982706797227,67.24961177366876,0.36140091873994645,1.135239239142737,14,1,4.302808965500623,3
User_736,Nissan Leaf,75.0,Station_56,San Francisco,2024-01-31 15:00:00,2024-01-31 18:31:00,56.55292752021,2.6210352581150014,4.340098531957683,38.84657688665273,Night,Saturday,29.26035318542457,88.25311988557496,12.024294092276849,10.511561681861266,6.0,Level 2,Long-Distance Traveler,0,1,58.99276670015039,21.57656114892624,0.6869065597491898,0.7540390336028,15,1,0.21262018819414424,2
User_737,Tesla Model 3,85.0,Station_105,San Francisco,2024-01-31 16:00:00,2024-01-31 17:57:00,16.827771594461893,2.7388169441628936,14.511282307810957,11.579766187038956,Morning,Sunday,30.615241986716526,82.46098167708193,199.3017716628444,25.964996849071653,6.0,Level 1,Long-Distance Traveler,0,1,51.845739690365406,6.14417536386508,0.6881342619868882,0.19797378346425756,16,1,11.84362234441283,1
User_738,Bmw I3,62.0,Station_200,San Francisco,2024-01-31 17:00:00,2024-01-31 18:26:00,76.46827351726323,3.681183965657999,26.13523981227178,37.0583929740194,Morning,Sunday,51.915828302066544,72.54621701191297,270.49493595761044,38.6481000146782,6.0,Dc Fast Charger,Casual Driver,1,1,20.63038870984643,20.772738942318732,0.48462442356114155,1.2333592502784392,17,1,3.5373485435962455,3
User_739,Bmw I3,100.0,Station_101,Houston,2024-01-31 18:00:00,2024-01-31 19:52:00,6.0651617128073525,3.597765518900319,46.62351208569203,16.178031410568018,Morning,Sunday,19.6468972894588,71.19100274361134,92.40439692859523,27.292127036877663,3.697095409121533,Dc Fast Charger,Long-Distance Traveler,0,1,51.544105454152536,1.6858135086750206,2.667370166966211,0.06065161712807352,18,1,15.23527340309356,3
User_740,Hyundai Kona,62.0,Station_256,Los Angeles,2024-01-31 19:00:00,2024-01-31 20:35:00,10.137709442892056,1.582369811687995,36.077844709089504,26.554263704807763,Evening,Tuesday,34.89212626163041,99.87119867405448,217.59663464578475,40.81674037559839,1.0,Level 1,Commuter,0,0,64.97907241242407,6.406662569022119,2.6193553735578794,0.16351144262729123,19,1,21.46408277644515,1
User_741,Nissan Leaf,75.0,Station_307,Chicago,2024-01-31 20:00:00,2024-01-31 22:59:00,62.5376105258264,3.111666691610565,24.18785231665501,21.66319864595176,Evening,Wednesday,14.823808108603975,69.84305861012679,257.3131551501769,19.14983807143265,5.0,Level 2,Commuter,0,0,55.01925050152281,20.097785760420766,0.3464027241176,0.8338348070110186,20,1,4.1145344855143335,2
User_742,Hyundai Kona,62.0,Station_74,New York,2024-01-31 21:00:00,2024-01-31 21:49:00,40.24838259933458,2.36717911894266,31.714702326630785,18.099218357694404,Morning,Thursday,80.99831078490269,84.04691901123175,158.36045105736642,36.39435477368323,6.0,Dc Fast Charger,Long-Distance Traveler,0,0,3.0486082263290655,17.00267726986042,0.44968809151584727,0.64916746127959,21,1,3.934579250893539,3
User_743,Nissan Leaf,37.32971365145482,Station_171,Chicago,2024-01-31 22:00:00,2024-01-31 23:02:00,16.497212038654055,1.8113551144469373,9.554956967284827,12.189221570993306,Evening,Tuesday,50.5319393342964,93.95394941310784,225.2552691628917,31.79654964103584,0.0,Level 2,Long-Distance Traveler,0,0,43.42201007881143,9.10766304579164,0.7388655454287159,0.44193245607741555,22,1,13.654141598901909,2
User_744,Hyundai Kona,94.20058699032565,Station_377,Los Angeles,2024-01-31 23:00:00,2024-02-01 00:41:00,9.127828166953716,0.9931487332559414,24.845842089870604,8.658388335703481,Morning,Thursday,51.270037949732725,54.35077646652079,191.1482271152946,6.722193793554503,2.0,Level 1,Commuter,1,0,3.0807385167880668,9.190796767196208,0.948570478906495,0.09689778438313913,23,1,20.94126046405271,1
User_745,Chevy Bolt,50.0,Station_143,Los Angeles,2024-02-01 00:00:00,2024-02-01 00:54:00,43.99985930276914,3.5579821138737,30.24472280444889,24.309186613795244,Night,Tuesday,67.70900333990473,89.62738532870584,138.76599727430497,-6.944281882176863,0.0,Level 2,Long-Distance Traveler,1,0,21.918381988801116,12.366520655401764,0.5524832806059755,0.8799971860553828,0,2,3.153782750063742,2
User_746,Chevy Bolt,62.0,Station_166,Houston,2024-02-01 01:00:00,2024-02-01 02:15:00,41.76664809903056,4.592690577362033,21.83372402809416,36.70441022498065,Afternoon,Friday,42.35837562463637,51.49172570737395,14.592443203376243,38.812689198806495,6.0,Level 1,Casual Driver,0,0,9.133350082737579,9.094156768344853,0.8787971239145855,0.6736556145004929,1,2,0.3493802799012484,1
User_747,Chevy Bolt,100.0,Station_399,San Francisco,2024-02-01 02:00:00,2024-02-01 03:42:00,6.695332951941997,2.1336014618088464,4.050226868409404,34.45915335866178,Morning,Thursday,7.604224497783735,82.33123778658205,104.71767727592032,1.625302554804346,5.0,Dc Fast Charger,Long-Distance Traveler,1,0,74.72701328879832,3.138042915599504,5.146742306320528,0.06695332951941997,2,2,15.640398771437754,3
User_748,Chevy Bolt,62.0,Station_261,San Francisco,2024-02-01 03:00:00,2024-02-01 05:07:00,69.4391779041177,3.659591613822005,16.613387659947108,12.612642335915623,Evening,Tuesday,22.712598558458748,50.79879144216912,266.8298766338761,9.994231760286434,5.0,Level 2,Long-Distance Traveler,0,0,28.08619288371037,18.97457017932031,0.18163582456767108,1.1199867403889952,3,2,3.8426416424790832,2
User_749,Tesla Model 3,75.0,Station_221,Los Angeles,2024-02-01 04:00:00,2024-02-01 05:26:00,38.711207157580986,2.9675602434122106,14.53360130974745,14.361848504707996,Night,Sunday,28.63084090639802,61.65789992683023,260.4883265203245,-6.359400393756955,5.0,Level 1,Casual Driver,0,1,33.02705902043221,13.044792348703732,0.3709997584483865,0.5161494287677465,4,2,6.7290158495951715,1
User_750,Chevy Bolt,81.36841583065208,Station_83,Houston,2024-02-01 05:00:00,2024-02-01 06:56:00,57.97765788877307,2.8590803131057148,6.499187934882619,14.338233635908136,Evening,Thursday,58.30868499503002,63.86610505130568,114.88329577828593,7.636850332176735,5.0,Dc Fast Charger,Long-Distance Traveler,0,0,5.55742005627566,20.2784292637775,0.24730618928096829,0.712532710596689,5,2,1.9815097739664334,3
User_751,Bmw I3,75.0,Station_182,Houston,2024-02-01 06:00:00,2024-02-01 08:42:00,74.107522176834,2.224661483996816,45.69740274799046,14.75800919301738,Evening,Wednesday,51.69102215864916,72.90390528618417,177.20888715663634,3.262503247831619,3.0,Level 2,Casual Driver,1,0,21.212883127535008,33.311819667814255,0.19914320111529424,0.9881002956911199,6,2,2.391240213561368,2
User_752,Bmw I3,100.0,Station_307,New York,2024-02-01 07:00:00,2024-02-01 08:24:00,40.319061981322655,1.7436069251387414,11.767850572118778,15.100266421622006,Evening,Thursday,31.093089045581024,86.58495949773607,99.18733328029695,0.534567342304225,7.0,Level 1,Casual Driver,0,0,55.49187045215504,23.123940034887397,0.3745192888816965,0.40319061981322657,7,2,2.460060537277488,1
User_753,Tesla Model 3,50.0,Station_10,San Francisco,2024-02-01 08:00:00,2024-02-01 09:30:00,47.19807479360746,2.861382945524818,44.336610351548224,27.385214594698137,Morning,Saturday,65.47847010859027,84.22698702525429,86.60938167662027,4.251871253120745,6.0,Level 2,Commuter,0,1,18.748516916664016,16.494847314102053,0.5802188905893088,0.9439614958721492,8,2,1.8350193743146215,2
User_754,Chevy Bolt,100.0,Station_396,Los Angeles,2024-02-01 09:00:00,2024-02-01 10:58:00,22.515635144477624,3.5555598847937864,35.152484717746816,11.219943743492752,Night,Thursday,40.13578074348084,59.0683880135405,80.16440861055356,16.336447222789015,6.0,Dc Fast Charger,Commuter,0,0,18.932607270059663,6.332514673925531,0.4983178876144052,0.22515635144477625,9,2,3.5603885076373416,3
User_755,Chevy Bolt,62.0,Station_4,Chicago,2024-02-01 10:00:00,2024-02-01 10:37:00,68.26093768441355,2.4135793179435385,33.64483513585735,17.034410635090282,Morning,Tuesday,46.37700488664862,88.38593824106768,157.31824017266305,-9.542573213698136,7.0,Dc Fast Charger,Long-Distance Traveler,0,0,42.00893335441906,28.282036217717703,0.24954844180202138,1.100982865877638,10,2,2.304659817302576,3
User_756,Chevy Bolt,50.0,Station_351,San Francisco,2024-02-01 11:00:00,2024-02-01 11:45:00,73.5059703623024,1.8359090701214853,30.9314277897324,31.84900964129997,Afternoon,Thursday,60.77484914937618,63.56658132543215,246.28751484972423,2.3152612211978045,2.0,Level 1,Commuter,0,0,2.791732176055973,40.037914490742395,0.4332846636037847,1.4701194072460482,11,2,3.3505783766380013,1
User_757,Hyundai Kona,75.0,Station_402,New York,2024-02-01 12:00:00,2024-02-01 15:25:00,73.86936259559798,1.1968001428584762,26.086973082683723,5.64405441380632,Morning,Friday,80.69801215627292,88.20526202858028,180.45460214898844,21.29459053287136,4.0,Level 2,Long-Distance Traveler,0,0,7.507249872307355,61.722387849291195,0.07640589028370282,0.984924834607973,12,2,2.4428883072525944,2
User_758,Nissan Leaf,50.0,Station_336,Houston,2024-02-01 13:00:00,2024-02-01 15:25:00,64.37713244013099,2.3148600166084794,15.256569201592624,8.811798668810745,Afternoon,Monday,15.586956248765569,98.80776450626408,199.75840075880325,25.40739975553059,3.0,Level 2,Long-Distance Traveler,0,0,83.2208082574985,27.810378156019326,0.13687777530329548,1.2875426488026198,13,2,3.1029403328048697,2
User_759,Hyundai Kona,50.0,Station_488,Los Angeles,2024-02-01 14:00:00,2024-02-01 15:30:00,12.010095267833266,0.7529595951441994,47.90206130269109,35.09170481062701,Night,Wednesday,41.65702959664234,83.15672197368188,133.4464694872657,23.94913864573946,5.0,Dc Fast Charger,Commuter,0,0,41.499692377039544,15.950517591230392,2.921850662135329,0.24020190535666533,14,2,11.111191586021505,3
User_760,Nissan Leaf,29.59428888586566,Station_292,San Francisco,2024-02-01 15:00:00,2024-02-01 15:44:00,36.226212409732376,3.992427387020465,27.19648783034448,21.932716714540124,Night,Saturday,80.58328311610703,91.07842504868992,34.03765663214346,23.33398201168771,3.0,Level 2,Commuter,0,1,10.495141932582897,9.073731065843598,0.6054377550286703,1.224094707916234,15,2,0.9395864035457113,2
User_761,Chevy Bolt,100.0,Station_281,Chicago,2024-02-01 16:00:00,2024-02-01 19:42:00,28.84698737447133,3.2937133901037967,11.027648410925542,10.430875448005471,Morning,Sunday,41.58622013245012,89.99519636379434,298.6313760489738,-0.4641229060086598,4.0,Level 2,Long-Distance Traveler,0,1,48.40897623134421,8.758195980604814,0.36159323372659935,0.2884698737447133,16,2,10.352255234570979,2
User_762,Chevy Bolt,85.0,Station_215,New York,2024-02-01 17:00:00,2024-02-01 19:59:00,76.58011323732995,2.678096541095572,41.12251368485552,21.31685318329648,Morning,Tuesday,31.36258701771961,93.5634261410211,233.21205778242185,14.086676394609956,1.0,Level 2,Long-Distance Traveler,0,0,62.20083912330149,28.594978583558493,0.2783601679620566,0.90094250867447,17,2,3.0453344598704466,2
User_763,Hyundai Kona,50.0,Station_460,New York,2024-02-01 18:00:00,2024-02-01 20:40:00,74.13419248313946,2.1863746739496914,47.81692135737631,11.349215040076666,Evening,Sunday,71.90426649979851,99.36473574981306,151.0657029904892,18.23757818141412,6.0,Level 1,Long-Distance Traveler,0,1,27.460469250014555,33.90735968836295,0.15309015529720446,1.4826838496627892,18,2,2.037733169142518,1
User_764,Hyundai Kona,100.0,Station_98,San Francisco,2024-02-01 19:00:00,2024-02-01 21:11:00,73.80921664182601,2.3698694802298887,10.575938299260526,5.307741456234051,Afternoon,Sunday,53.17181764242919,92.16041891997818,126.39596261084692,25.044906155295536,4.0,Dc Fast Charger,Casual Driver,0,1,38.988601277548995,31.14484458218609,0.07191163512804814,0.7380921664182601,19,2,1.7124685555763126,3
User_765,Nissan Leaf,50.0,Station_420,Chicago,2024-02-01 20:00:00,2024-02-01 21:23:00,35.02666957024688,1.7395210907802483,22.02798564744779,28.80826686990889,Evening,Thursday,26.276244042338213,59.19858803719168,208.480534386268,-8.712180412971101,2.0,Level 1,Long-Distance Traveler,0,0,32.92234399485347,20.135811951860813,0.8224666296672362,0.7005333914049376,20,2,5.952051306737998,1
User_766,Bmw I3,62.0,Station_101,New York,2024-02-01 21:00:00,2024-02-01 21:43:00,40.24838259933458,2.202983392627784,10.60460822442122,15.108539220425374,Evening,Thursday,60.64066129807832,64.4781938154576,172.64181015239632,39.37247799566256,7.0,Dc Fast Charger,Long-Distance Traveler,1,0,3.8375325173792803,18.269943719968364,0.3753825183692018,0.64916746127959,21,2,4.289409884392486,3
User_767,Nissan Leaf,85.0,Station_451,Los Angeles,2024-02-01 22:00:00,2024-02-01 23:05:00,35.89954921191294,1.772447028536855,12.511897274758086,20.24627921425605,Night,Thursday,16.492752871489138,53.08457255348556,150.27721019402796,15.055827451562273,4.0,Level 1,Long-Distance Traveler,0,0,36.59181968199642,20.254229680165853,0.563970290956676,0.42234763778721107,22,2,4.186047276163563,1
User_768,Hyundai Kona,62.0,Station_9,New York,2024-02-01 23:00:00,2024-02-02 02:59:00,48.330182762063146,2.1541462302194883,14.812569888092858,15.3036967301966,Morning,Wednesday,56.27459504161595,65.98703032632432,229.18283499002163,18.03247339232625,4.0,Level 1,Commuter,0,0,9.712435284708363,22.435887631054058,0.31664884872335436,0.7795190768074701,23,2,4.742022932508318,1
User_769,Hyundai Kona,75.0,Station_61,Chicago,2024-02-02 00:00:00,2024-02-02 02:14:00,53.71493232990424,1.692367291395563,23.72699960944185,30.143667136126503,Night,Saturday,15.899923907667324,58.16877869760515,161.19607009381224,-6.369328431579798,7.0,Level 1,Commuter,0,1,42.268854789937826,31.739524040085726,0.561178536928825,0.7161990977320565,0,2,3.0009545409791194,1
User_770,Tesla Model 3,75.0,Station_309,Houston,2024-02-02 01:00:00,2024-02-02 02:51:00,15.5583755009174,0.7554430886481931,44.4507308475323,28.836485666134458,Morning,Monday,61.22134406044192,83.20214244739164,243.8284443691261,25.900154834299123,1.0,Level 2,Casual Driver,1,0,21.980798386949715,20.595033212571852,1.8534380832005317,0.20744500667889867,1,2,15.671844682932916,2
User_771,Hyundai Kona,50.0,Station_146,Houston,2024-02-02 02:00:00,2024-02-02 03:36:00,40.736704801536966,2.534525414269769,9.86675920918086,36.57452173026415,Night,Friday,33.926486820365405,67.69533120051153,119.09691886890435,13.546928925511413,0.0,Dc Fast Charger,Long-Distance Traveler,0,0,33.76884438014613,16.072715062229417,0.8978272029721025,0.8147340960307393,2,2,2.923577629784403,3
User_772,Tesla Model 3,62.0,Station_427,San Francisco,2024-02-02 03:00:00,2024-02-02 03:39:00,11.579770802296697,3.616099729122279,9.634031616098616,5.777750426613394,Night,Saturday,26.10515607453083,71.39910279009044,157.6119289766852,36.03822598164686,1.0,Level 1,Long-Distance Traveler,0,1,45.29394671555961,3.2022819252021586,0.49895205399639275,0.18677049681123703,3,2,13.610971379971089,1
User_773,Bmw I3,75.0,Station_419,Chicago,2024-02-02 04:00:00,2024-02-02 05:18:00,39.67667007009968,6.759151680314269,43.12040329879288,15.29852516294962,Night,Friday,57.05150376423807,71.93335080549818,14.590878771397236,-8.630011423407993,2.0,Level 2,Long-Distance Traveler,1,0,14.881847041260109,5.870066533002393,0.38557986685678497,0.5290222676013291,4,2,0.36774453969091814,2
User_774,Nissan Leaf,100.0,Station_63,New York,2024-02-02 05:00:00,2024-02-02 07:20:00,5.755335112421237,1.5886586191295695,10.879676124662645,25.17200545435595,Afternoon,Sunday,52.23791778918249,65.91461014762105,18.710965795562217,11.11428022329816,3.0,Level 1,Long-Distance Traveler,1,1,13.676692358438558,3.622763911087834,4.373681977271733,0.05755335112421237,5,2,3.251064521886827,1
User_775,Nissan Leaf,50.0,Station_121,New York,2024-02-02 06:00:00,2024-02-02 07:34:00,54.48656320200461,1.6095486540281567,25.857794702299618,11.300780740242956,Night,Saturday,54.63726636893636,67.90525354588003,71.13255184940581,4.670505369432812,1.0,Level 2,Long-Distance Traveler,1,1,13.26798717694367,33.8520759006838,0.2074049100572963,1.0897312640400922,6,2,1.305506305943495,2
User_776,Tesla Model 3,62.0,Station_226,Houston,2024-02-02 07:00:00,2024-02-02 08:26:00,20.51871405095877,3.6465830452467833,27.173537456201768,13.372001440926574,Afternoon,Tuesday,83.59048180230292,100.0,286.44000986240627,22.479689206672177,5.0,Level 1,Long-Distance Traveler,0,0,16.409518197697082,5.626833064368115,0.6516978309516305,0.33094700082191564,7,2,13.959939650751256,1
User_777,Nissan Leaf,62.0,Station_105,Houston,2024-02-02 08:00:00,2024-02-02 08:56:00,13.587964735173609,3.517065236537333,40.8117293500724,37.89794295883204,Night,Monday,58.52581792723408,67.80447254927141,103.52119282347734,4.53362309385305,7.0,Dc Fast Charger,Commuter,1,0,9.27865462203733,3.8634383559377503,2.7890816393370503,0.2191607215350582,8,2,7.618594457748619,3
User_778,Hyundai Kona,50.0,Station_462,Los Angeles,2024-02-02 09:00:00,2024-02-02 12:52:00,19.97640696261344,2.287342908527985,35.90037572075738,22.64215189393975,Morning,Monday,58.58041748737381,73.2949349787491,299.46404753595044,14.434227239434549,2.0,Dc Fast Charger,Casual Driver,1,0,14.71451749137529,8.73345526293179,1.133444664814616,0.39952813925226877,9,2,14.990886403966845,3
User_779,Chevy Bolt,50.0,Station_260,Houston,2024-02-02 10:00:00,2024-02-02 12:22:00,73.37136541275711,3.0226327639717203,45.50795122340724,11.868121617666544,Afternoon,Wednesday,62.34091279224722,62.52618043388769,180.45248661608585,7.7234244347131025,4.0,Level 1,Commuter,1,0,0.18526764164047194,24.27399262236131,0.1617541332494138,1.4674273082551423,10,2,2.4594402135074684,1
User_780,Tesla Model 3,75.0,Station_349,Los Angeles,2024-02-02 11:00:00,2024-02-02 13:42:00,75.62261390550266,3.738853500138698,37.175570755361626,17.797966111414965,Morning,Saturday,76.17440540215456,87.24599837813908,75.65321700332278,6.211204218618967,6.0,Level 1,Commuter,1,1,11.071592975984515,20.226150584048646,0.23535243219250718,1.0083015187400355,11,2,1.0004046818304688,1
User_781,Nissan Leaf,64.77070141320091,Station_425,New York,2024-02-02 12:00:00,2024-02-02 13:40:00,15.567795776598764,1.2220213527532722,49.63914436226428,18.54969564281367,Morning,Thursday,54.12444090003636,58.52857766030961,31.59653167187535,35.69778871943199,6.0,Level 1,Commuter,0,0,4.404136760273246,12.73938114217381,1.1915428432519166,0.24035243461831485,12,2,2.0296085666392605,1
User_782,Tesla Model 3,50.0,Station_255,Los Angeles,2024-02-02 13:00:00,2024-02-02 14:52:00,36.63162352131471,0.9743935458179288,17.498632754951903,31.163091386162726,Morning,Monday,35.9754285280013,56.839656732416486,59.09663915051596,-1.759567562648181,5.0,Level 1,Casual Driver,0,0,20.864228204415184,37.59427972253784,0.850715540031415,0.7326324704262942,13,2,1.6132683585844787,1
User_783,Tesla Model 3,50.0,Station_429,Los Angeles,2024-02-02 14:00:00,2024-02-02 15:26:00,6.307290912653444,2.7988263253336125,21.851929962768004,23.87933114479953,Afternoon,Saturday,83.8482742312676,89.78556217293968,179.09253119002156,10.35659124312551,2.0,Level 2,Long-Distance Traveler,1,1,5.937287941672082,2.2535485162344373,3.7859885449224695,0.1261458182530689,14,2,28.394525267691872,2
User_784,Chevy Bolt,50.0,Station_434,San Francisco,2024-02-02 15:00:00,2024-02-02 17:29:00,52.183521493408925,2.8801990619921405,37.912464345424,12.995154396354248,Evening,Thursday,12.05856983860598,75.35885803842882,259.568845553276,-2.664000292946372,3.0,Dc Fast Charger,Casual Driver,0,0,63.300288199822845,18.118026001062326,0.24902793112564492,1.0436704298681785,15,2,4.974153489929978,3
User_785,Hyundai Kona,75.0,Station_207,Houston,2024-02-02 16:00:00,2024-02-02 18:02:00,46.09404918662695,1.7745536936435893,29.837585806361783,36.88590080048155,Afternoon,Wednesday,41.49585704461199,54.94247646333063,38.02248829943296,5.459169954751816,6.0,Level 2,Commuter,0,0,13.44661941871864,25.97500957662469,0.800231297778523,0.6145873224883593,16,2,0.8248893071963885,2
User_786,Tesla Model 3,61.460885466440864,Station_28,Los Angeles,2024-02-02 17:00:00,2024-02-02 17:44:00,17.218744475121433,0.9575211163253374,47.74613739345097,15.17599522814574,Evening,Sunday,53.67177394795412,76.20126915952576,20.49469516445374,20.018750076215888,1.0,Dc Fast Charger,Commuter,0,1,22.529495211571643,17.9826263688069,0.8813647969555989,0.28015776773218287,17,2,1.1902549105171738,3
User_787,Nissan Leaf,50.0,Station_170,New York,2024-02-02 18:00:00,2024-02-02 20:20:00,48.14596961410625,2.8673634929295204,15.521661798949124,31.83906197025877,Afternoon,Sunday,16.537180562904386,99.98486048295344,33.087139185236886,32.227384127689525,0.0,Level 1,Commuter,0,1,83.44767992004905,16.791024135177434,0.6613027471551901,0.962919392282125,18,2,0.6872255237651858,1
User_788,Bmw I3,62.0,Station_336,Chicago,2024-02-02 19:00:00,2024-02-02 21:10:00,25.12116466546159,1.010506969032026,32.09365177234676,14.440838232748982,Night,Saturday,58.39027846003522,93.64930681962036,272.2871845279422,-6.052887853779801,3.0,Dc Fast Charger,Commuter,0,1,35.259028359585145,24.859961816518084,0.5748474811999182,0.40518007524938043,19,2,10.838955444701277,3
User_789,Tesla Model 3,85.0,Station_76,Los Angeles,2024-02-02 20:00:00,2024-02-02 22:28:00,67.90283934003946,0.835318745254099,41.06704109745447,25.57013991901464,Evening,Saturday,45.58232565725287,87.80206968570528,120.3675121015226,25.58518972726768,1.0,Level 1,Long-Distance Traveler,0,1,42.2197440284524,81.28973487765299,0.37656952444898717,0.798856933412229,20,2,1.7726432837182837,1
User_790,Tesla Model 3,85.0,Station_116,Houston,2024-02-02 21:00:00,2024-02-02 22:45:00,43.254517140810776,3.210764372243644,19.278035722978235,13.374711200908711,Night,Tuesday,16.42986703126396,85.24212847364188,156.19622550598012,27.8175569749438,1.0,Level 1,Commuter,0,0,68.81226144237792,13.47171954277823,0.3092095828366011,0.5088766722448327,21,2,3.6110962699571667,1
User_791,Chevy Bolt,62.0,Station_69,San Francisco,2024-02-02 22:00:00,2024-02-03 01:07:00,62.61550758556181,1.815045399718526,19.79464958944829,16.78765405444762,Evening,Saturday,84.03426141510538,92.43627852480974,209.62662184057555,21.45363164308853,3.0,Level 2,Commuter,0,1,8.40201710970436,34.49803933018541,0.26810697064952965,1.00992754170261,22,2,3.347838737139173,2
User_792,Hyundai Kona,85.0,Station_354,New York,2024-02-02 23:00:00,2024-02-02 23:49:00,43.825900117321794,3.1281282303575897,41.83746249782165,58.74667669221228,Afternoon,Tuesday,37.69447403277616,77.12655441859508,29.944440520906667,33.54685712930036,7.0,Dc Fast Charger,Long-Distance Traveler,0,0,39.43208038581892,14.010263291640019,1.3404556788325537,0.5155988249096681,23,2,0.683258996181379,3
User_793,Bmw I3,100.0,Station_234,San Francisco,2024-02-03 00:00:00,2024-02-03 03:14:00,31.18702899243124,1.860443342393109,11.581744386043408,17.263731698642403,Afternoon,Thursday,23.54849230392773,69.85875931465557,18.845805451601464,28.333515050512403,6.0,Level 2,Commuter,1,0,46.31026701072784,16.76322427121861,0.5535548674043983,0.3118702899243124,0,2,0.6042834492562642,2
User_794,Nissan Leaf,75.0,Station_1,Chicago,2024-02-03 01:00:00,2024-02-03 03:40:00,74.82644569097782,1.398582211214841,43.13328345657307,26.21871803779052,Evening,Sunday,23.72599550105088,53.81369932194329,238.7435606565687,30.955968944199924,3.043569798496577,Level 2,Long-Distance Traveler,0,1,30.08770382089241,53.50164265708902,0.35039373841261895,0.9976859425463709,1,2,3.1906307783553474,2
User_795,Bmw I3,85.0,Station_167,Los Angeles,2024-02-03 02:00:00,2024-02-03 03:42:00,46.09404918662695,1.6833779694089597,9.433507336654076,22.947486589821068,Night,Thursday,15.000556279076262,66.9246657414314,0.8623613316018139,25.362705253388995,7.0,Level 2,Casual Driver,0,0,51.92410946235513,27.381877406183914,0.49784054546630535,0.5422829316073758,2,2,0.018708734572444697,2
User_796,Nissan Leaf,75.0,Station_352,Los Angeles,2024-02-03 03:00:00,2024-02-03 05:31:00,78.89524910756762,1.225895512401978,30.74927681610981,7.260289753798142,Morning,Sunday,62.08764645327136,80.77137881661801,73.61394811694834,16.52085958055578,4.0,Level 2,Long-Distance Traveler,0,1,18.68373236334665,64.35723787990949,0.09202442271142708,1.0519366547675684,3,2,0.9330593280285022,2
User_797,Hyundai Kona,62.0,Station_218,Houston,2024-02-03 04:00:00,2024-02-03 05:10:00,10.241885891596077,1.394747102580713,29.216213685823107,34.65331381094593,Evening,Sunday,14.961669635907109,70.51180081437839,295.9150268898221,18.15385475237356,3.0,Dc Fast Charger,Commuter,0,1,55.55013117847128,7.343184920510266,3.383489542622274,0.16519170792896898,4,2,28.892630714879722,3
User_798,Nissan Leaf,85.0,Station_273,Los Angeles,2024-02-03 05:00:00,2024-02-03 08:16:00,5.144893571862889,1.996622706047104,9.230954632347297,21.48947597489341,Evening,Monday,80.51886311775269,83.6689673557004,66.52104688309612,8.64069859605198,0.0,Dc Fast Charger,Long-Distance Traveler,1,0,3.1501042379477155,2.5767980882320547,4.176855298313273,0.060528159668975165,5,2,12.929528269913238,3
User_799,Chevy Bolt,50.0,Station_368,New York,2024-02-03 06:00:00,2024-02-03 09:03:00,59.922814416459936,3.7532164796861327,30.429448129131227,14.117725724108118,Night,Wednesday,41.64275168503707,95.0069584304912,239.1582389711824,7.177322498461926,7.0,Level 2,Commuter,0,0,53.364206745454126,15.965722931460393,0.23559850887494665,1.1984562883291987,6,2,3.9911049122133537,2
User_800,Chevy Bolt,62.0,Station_251,Chicago,2024-02-03 07:00:00,2024-02-03 09:39:00,8.353019856414647,3.4304844579467044,34.719681724361955,35.66061843777716,Morning,Tuesday,13.142563107472808,97.25962097296544,42.55134218801984,2.819187376633357,7.0,Dc Fast Charger,Commuter,0,0,84.11705786549263,2.4349388428403773,4.269188754578599,0.13472612671636527,7,2,5.0941267852180205,3
User_801,Chevy Bolt,58.36980451713409,Station_347,San Francisco,2024-02-03 08:00:00,2024-02-03 08:52:00,40.76283311435537,0.938436579463628,41.33293546359443,24.91450467875612,Evening,Sunday,57.81468020270049,87.2706866811988,196.5140061601193,35.54952433115825,3.0,Level 1,Casual Driver,0,1,29.45600647849831,43.436961011956434,0.6112064048360276,0.6983547992248234,8,2,4.8209113828968215,1
User_802,Chevy Bolt,85.0,Station_344,Chicago,2024-02-03 09:00:00,2024-02-03 09:52:00,18.89056337329201,1.4187837431940964,17.00535033559547,28.242755824472564,Morning,Monday,54.31147107328103,57.65603262904937,73.25683049364379,32.95043053419288,2.0,Dc Fast Charger,Commuter,0,0,3.344561555768344,13.314617864709838,1.4950721832046012,0.22224192203872953,9,2,3.877959012975562,3
User_803,Bmw I3,50.0,Station_419,Los Angeles,2024-02-03 10:00:00,2024-02-03 12:53:00,42.79819075847415,2.3427113663379946,33.78877718721532,12.776621167290523,Morning,Friday,57.870204114268205,67.94619206512169,17.760082882891425,12.918301551871778,3.0,Level 2,Commuter,1,0,10.075987950853488,18.268657152320934,0.29853180568762056,0.8559638151694829,10,2,0.41497274927153044,2
User_804,Hyundai Kona,62.0,Station_174,San Francisco,2024-02-03 11:00:00,2024-02-03 11:38:00,12.814363147239058,2.588535180640522,27.381994351172008,29.63541951288657,Afternoon,Monday,66.46134154461114,68.41309481751257,251.17135317316607,22.61418258510924,1.0,Level 1,Commuter,0,0,1.9517532729014277,4.950430360412641,2.3126720518507957,0.2066832765683719,11,2,19.600767536175425,1
User_805,Nissan Leaf,75.0,Station_170,Houston,2024-02-03 12:00:00,2024-02-03 12:42:00,8.918418777562092,1.556936695800068,16.241963359211958,8.640023654066123,Night,Thursday,16.990405001559274,55.82664102960632,15.21342604109595,9.113968186390393,1.2086330827192395,Level 1,Long-Distance Traveler,0,0,38.83623602804705,5.728183298409031,0.9687842508364392,0.11891225036749456,12,2,1.7058434258964725,1
User_806,Nissan Leaf,62.0,Station_246,Chicago,2024-02-03 13:00:00,2024-02-03 16:05:00,0.1211432950427712,1.4556359151018663,45.58156227106593,37.710554849589386,Evening,Friday,77.19881289799206,86.31048768785503,66.3639561403343,30.187852800687992,2.0,Level 1,Commuter,1,0,9.111674789862974,0.08322362328789717,311.28883225666914,0.001953924113593084,13,2,547.8136954827227,1
User_807,Chevy Bolt,62.0,Station_423,San Francisco,2024-02-03 14:00:00,2024-02-03 17:04:00,10.9113557932088,1.98454463191656,20.99245325759676,15.135226707550656,Evening,Monday,65.3913894629667,85.04682076129231,256.5969178469621,31.63281131898664,5.0,Level 1,Commuter,1,0,19.65543129832561,5.498165986154333,1.3871077980035058,0.17598960956788387,14,2,23.516501772095765,1
User_808,Chevy Bolt,75.0,Station_90,San Francisco,2024-02-03 15:00:00,2024-02-03 16:20:00,7.8588683891368705,3.361128705788364,4.830371677364436,36.51188192041881,Morning,Saturday,81.86550346623888,96.13231206914588,284.6536204721152,23.69545557275726,0.0,Level 1,Commuter,0,1,14.266808602907005,2.3381634793106043,4.645946478870715,0.10478491185515827,15,2,36.220688065674345,1
User_809,Tesla Model 3,75.0,Station_49,San Francisco,2024-02-03 16:00:00,2024-02-03 17:33:00,70.17135459506048,3.8279458316010713,12.962522175124477,13.921007539612305,Evening,Wednesday,11.95265428740866,52.68266543699139,155.72507105533435,1.496106620534535,3.286324572194227,Level 2,Casual Driver,0,0,40.73001114958274,18.331334267003122,0.1983859029079116,0.935618061267473,16,2,2.2192114140304224,2
User_810,Hyundai Kona,62.0,Station_446,New York,2024-02-03 17:00:00,2024-02-03 18:21:00,15.187432130994928,2.734597570509603,13.080022985194764,26.153094791229552,Morning,Tuesday,11.88322274236719,59.52963307240878,252.85110656388096,36.99991588152188,2.0,Level 2,Casual Driver,0,0,47.64641033004159,5.553808829050006,1.7220221671216953,0.2449585827579827,17,2,16.648706929715622,2
User_811,Bmw I3,85.0,Station_294,Chicago,2024-02-03 18:00:00,2024-02-03 21:58:00,77.8613161281733,0.7065366457805022,30.14418743877484,37.13040463379047,Evening,Saturday,63.10434295286288,66.61241345662742,20.65567779666782,0.7865344167262283,0.0,Level 1,Long-Distance Traveler,0,1,3.508070503764543,110.20138388173889,0.4768787182156971,0.9160154838608624,18,2,0.2652880637499753,1
User_812,Nissan Leaf,62.0,Station_407,San Francisco,2024-02-03 19:00:00,2024-02-03 20:07:00,37.189293647002586,1.228841335073204,3.856692166975177,17.774248916406137,Night,Friday,49.06955895638808,85.10116940945218,269.1480889624259,19.856611575428744,0.0885982577498181,Level 2,Casual Driver,0,0,36.031610453064104,30.263706619851913,0.47793994382140464,0.5998273168871385,19,2,7.237246598904385,2
User_813,Tesla Model 3,62.0,Station_150,Chicago,2024-02-03 20:00:00,2024-02-03 22:09:00,25.71192392672169,2.3093277171746265,32.62090777265186,29.45116374090035,Evening,Sunday,37.0929556989178,84.74088765106924,190.28182293406505,8.00517234052586,5.0,Dc Fast Charger,Casual Driver,0,1,47.647931952151446,11.133943327099212,1.145428238852736,0.41470845043099497,20,2,7.400528388165867,3
User_814,Tesla Model 3,50.0,Station_132,San Francisco,2024-02-03 21:00:00,2024-02-04 00:42:00,9.086246707562893,2.010057473078036,14.088726040982015,16.94513541759885,Morning,Wednesday,50.005700053904,64.8118366437775,278.4282293628509,-8.983604992720508,5.0,Level 2,Long-Distance Traveler,0,0,14.806136589873496,4.520391495895371,1.864921343539423,0.18172493415125784,21,2,30.642820773411593,2
User_815,Nissan Leaf,75.0,Station_433,Houston,2024-02-03 22:00:00,2024-02-04 00:55:00,27.00471085893386,3.441490897751581,46.41136085382428,38.52706303941375,Morning,Sunday,61.43525685750637,88.18011161914227,298.87018569212825,8.774037214793669,2.0,Dc Fast Charger,Casual Driver,1,1,26.7448547616359,7.846805835394412,1.426679339048283,0.36006281145245145,22,2,11.067335149535742,3
User_816,Bmw I3,50.0,Station_59,Houston,2024-02-03 23:00:00,2024-02-04 02:40:00,6.661747206218264,4.110062624376016,10.890131082923729,30.89770568563907,Evening,Monday,65.00624640464159,83.28204154815583,161.19607009381224,20.515455923408773,6.0,Level 2,Commuter,1,0,18.275795143514245,1.620838370371459,4.638078379317407,0.1332349441243653,23,2,24.197266138130736,2
User_817,Tesla Model 3,100.0,Station_457,Houston,2024-02-04 00:00:00,2024-02-04 01:20:00,53.648424429654725,3.4085422116998423,47.29035525269705,14.665039144930637,Evening,Saturday,21.455270566975216,98.16391585359358,292.8722924029989,12.025622631533851,2.0,Dc Fast Charger,Commuter,0,1,76.70864528661836,15.739404442610738,0.2733545169469019,0.5364842442965473,0,2,5.459103329064603,3
User_818,Tesla Model 3,85.0,Station_324,Los Angeles,2024-02-04 01:00:00,2024-02-04 03:46:00,40.65621778280107,3.3777839989387672,49.92072559945864,38.44754632197287,Morning,Thursday,55.68169448751146,73.70841814345455,189.5971054867606,8.45374735934292,0.0,Dc Fast Charger,Commuter,1,0,18.026723655943094,12.036358096188048,0.9456744483063415,0.47830844450354204,1,2,4.663422124006982,3
User_819,Hyundai Kona,100.0,Station_199,San Francisco,2024-02-04 02:00:00,2024-02-04 04:50:00,71.16250433532748,1.2026073220933535,44.7448626480689,23.70127504553797,Afternoon,Thursday,48.963543957597054,92.57237250489908,287.06397976246177,3.706865682142661,3.7340553096703446,Level 1,Casual Driver,0,0,43.608828547302025,59.17351659846574,0.33305847323548804,0.7116250433532748,2,2,4.03392183065645,1
User_820,Bmw I3,85.0,Station_215,Los Angeles,2024-02-04 03:00:00,2024-02-04 06:17:00,16.111111317085957,1.0610271583729003,22.456705662546888,25.799390711053075,Afternoon,Wednesday,53.72387415945178,67.71925020552159,75.49880921364911,-7.663751387811887,4.0,Level 2,Long-Distance Traveler,1,0,13.995376046069808,15.184447626951007,1.6013414719376076,0.1895424860833642,3,2,4.686132925764224,2
User_821,Tesla Model 3,47.59576449275049,Station_386,Chicago,2024-02-04 04:00:00,2024-02-04 05:24:00,58.91061762118734,2.2832964460179275,23.379598455661355,9.749992695035187,Evening,Thursday,30.45137839196829,52.11796213219462,138.8827900568325,-8.603112050828253,1.0,Level 1,Casual Driver,0,0,21.66658374022633,25.800687301873374,0.1655048459639401,1.2377281518434327,4,2,2.3575171278951754,1
User_822,Bmw I3,100.0,Station_49,Los Angeles,2024-02-04 05:00:00,2024-02-04 07:18:00,8.75167001874184,3.1355357024066897,11.595383272812684,5.043208361101098,Night,Tuesday,53.35718299408809,91.29317175718576,49.68197927195274,4.854309132964509,0.0,Dc Fast Charger,Long-Distance Traveler,0,0,37.93598876309767,2.7911243402600934,0.5762566859012037,0.0875167001874184,5,2,5.676857007354938,3
User_823,Nissan Leaf,100.0,Station_472,Chicago,2024-02-04 06:00:00,2024-02-04 09:56:00,31.88807233965004,1.388571419069791,39.8371740806264,21.14919718434809,Evening,Sunday,23.174795172887475,56.489990040667,124.72108285311188,15.848155124176898,4.0,Level 2,Commuter,0,1,33.315194867779525,22.96466130709501,0.6632322254879893,0.3188807233965004,6,2,3.91121424727929,2
User_824,Chevy Bolt,50.0,Station_232,Chicago,2024-02-04 07:00:00,2024-02-04 10:20:00,64.04377270020223,0.5304193228924319,46.35165385864999,38.26495023705481,Night,Wednesday,10.960410669496534,99.4443785794044,200.64279131343625,29.876089552488345,0.0,Level 2,Long-Distance Traveler,0,0,88.48396790990786,120.74177907200827,0.5974812011181532,1.2808754540040446,7,2,3.1329008716065645,2
User_825,Tesla Model 3,100.0,Station_247,Chicago,2024-02-04 08:00:00,2024-02-04 09:13:00,56.0452902589365,2.4921117691874235,19.01024307896112,13.466370642080678,Evening,Wednesday,37.92406568833189,97.56418981426546,161.19607009381224,12.43676471814378,7.0,Level 1,Commuter,0,0,59.64012412593357,22.48907571156433,0.24027657952816914,0.560452902589365,8,2,2.8761751317383766,1
User_826,Hyundai Kona,62.0,Station_382,Los Angeles,2024-02-04 09:00:00,2024-02-04 11:19:00,10.317872226345198,2.3463206135297314,18.571639163452865,25.08585567678401,Morning,Thursday,83.44744377580392,86.60111714572933,87.14078402653271,33.26552620867315,3.0,Level 2,Casual Driver,1,0,3.1536733699254142,4.397469027399164,2.431301253443602,0.16641729397330965,9,2,8.445615734999247,2
User_827,Nissan Leaf,100.0,Station_479,San Francisco,2024-02-04 10:00:00,2024-02-04 13:45:00,72.79850067918807,3.6753647417642448,15.442091209962834,19.06124363256488,Evening,Wednesday,85.32324000436734,90.16605635118688,172.5314754441898,24.182121524307966,5.0,Level 2,Casual Driver,0,0,4.842816346819546,19.807149982138483,0.26183566220085885,0.7279850067918807,10,2,2.369986659540006,2
User_828,Bmw I3,85.0,Station_239,Los Angeles,2024-02-04 11:00:00,2024-02-04 14:10:00,67.88757428323595,1.945335136351206,30.12670190711655,9.410223532178584,Night,Monday,32.61214548046976,58.444104327586665,249.5432916448901,16.005488635856537,3.0,Level 2,Long-Distance Traveler,0,0,25.8319588471169,34.89762407241057,0.13861481473646245,0.7986773445086582,11,2,3.6758316124798105,2
User_829,Nissan Leaf,75.0,Station_415,San Francisco,2024-02-04 12:00:00,2024-02-04 15:01:00,41.24835865229704,2.82761116595746,32.95083718392784,34.56122689160816,Night,Friday,18.35214738423309,50.601029508862496,154.34561667139718,3.221734497771365,5.0,Dc Fast Charger,Casual Driver,0,0,32.248882124629404,14.587705392063658,0.837881264147792,0.5499781153639606,12,2,3.741860808873712,3
User_830,Tesla Model 3,100.0,Station_367,San Francisco,2024-02-04 13:00:00,2024-02-04 16:13:00,35.024111186545994,0.9186724236081418,32.092788481760344,8.51502670076438,Evening,Saturday,15.989490353813975,91.81341991459188,120.73231381977114,14.619838264589935,4.7894567048392,Level 1,Long-Distance Traveler,0,1,75.8239295607779,38.124700694711905,0.24311899466660283,0.3502411118654599,13,2,3.4471199904752674,1
User_831,Bmw I3,100.0,Station_168,Chicago,2024-02-04 14:00:00,2024-02-04 16:37:00,54.91320565679101,2.0404564639583023,7.600372847699663,32.21803368412769,Evening,Friday,40.234728507604245,86.30040219514237,57.95464278230427,2.765501689562982,1.0,Dc Fast Charger,Casual Driver,0,0,46.06567368753812,26.9122162745214,0.5867083026529403,0.5491320565679101,14,2,1.0553862607206421,3
User_832,Chevy Bolt,75.0,Station_48,Los Angeles,2024-02-04 15:00:00,2024-02-04 17:14:00,51.02335300165405,3.034842753846944,45.80149944059677,39.1307182970169,Afternoon,Sunday,50.76235573046623,61.774039782538246,270.619295910448,11.007994868332403,1.0,Level 1,Casual Driver,0,1,11.011684052072013,16.812519507634203,0.766917813020802,0.6803113733553874,15,2,5.303832068850418,1
User_833,Nissan Leaf,12.033336968357112,Station_51,San Francisco,2024-02-04 16:00:00,2024-02-04 16:39:00,62.63359253447133,0.6688544309778959,9.038507110178308,17.682306654831375,Evening,Saturday,14.33606470736266,94.93985971345596,288.5503554397001,47.31817615431811,0.0,Dc Fast Charger,Casual Driver,0,1,80.60379500609329,93.64308530168238,0.28231346693229603,5.205006117519418,16,2,4.60695840304693,3
User_834,Tesla Model 3,105.28706772872856,Station_299,Houston,2024-02-04 17:00:00,2024-02-04 19:09:00,40.24838259933458,1.8514635743950645,8.126977132962137,37.22043016811803,Evening,Thursday,15.717975166062086,45.283321780522144,276.5598512019276,-0.2693344662253594,6.0,Dc Fast Charger,Long-Distance Traveler,1,0,29.565346614460058,21.738684549862175,0.924768345069682,0.3822728039405018,17,2,6.871328320321123,3
User_835,Hyundai Kona,62.0,Station_98,San Francisco,2024-02-04 18:00:00,2024-02-04 20:57:00,42.222770261485735,2.3234458987794024,35.74897886600845,22.332105309786243,Morning,Tuesday,51.08444284381447,79.82181804427366,258.22098538444334,18.580192528884,1.0,Dc Fast Charger,Long-Distance Traveler,1,0,28.737375200459184,18.172478336451483,0.5289114184475214,0.6810124235723506,18,2,6.115680799371525,3
User_836,Bmw I3,140.7620615787216,Station_439,Houston,2024-02-04 19:00:00,2024-02-04 21:18:00,60.08034819074353,2.0783051276167948,46.15424524259217,17.111067835808612,Night,Tuesday,37.69074850745198,93.80110629341414,221.89677790062672,-10.724769747493202,6.0,Dc Fast Charger,Long-Distance Traveler,0,0,56.11035778596216,28.908338526613765,0.28480307373526315,0.4268220251743287,19,2,3.693333753595222,3
User_837,Nissan Leaf,100.0,Station_216,Los Angeles,2024-02-04 20:00:00,2024-02-04 22:17:00,47.20021555132315,4.146497950188242,43.11477983426108,28.559128710330526,Afternoon,Thursday,36.35120734538151,90.2573686552208,85.60223413230133,37.584918673609,5.0,Level 1,Casual Driver,0,0,53.90616130983929,11.383151786962866,0.6050635230527022,0.4720021555132315,20,2,1.813598373067211,1
User_838,Nissan Leaf,50.0,Station_177,Los Angeles,2024-02-04 21:00:00,2024-02-05 00:52:00,58.55989952016146,2.339015100635245,18.57688687639485,9.835438648338712,Morning,Sunday,52.127874413345054,62.52119439261202,70.4012897330798,-2.2756894738646225,7.0,Level 2,Commuter,0,1,10.393319979266963,25.036135724073514,0.16795518313607233,1.1711979904032292,21,2,1.2022098792850815,2
User_839,Chevy Bolt,75.0,Station_380,Los Angeles,2024-02-04 22:00:00,2024-02-05 00:49:00,18.529060697578466,2.336419694967444,6.3463350749875405,18.26605915760932,Evening,Thursday,49.89280166549236,52.1070778523994,187.5814736529352,38.79052519670133,1.0,Level 1,Long-Distance Traveler,0,0,2.2142761869070426,7.930536083687932,0.9858059971705141,0.24705414263437955,22,2,10.123636417114762,1
User_840,Chevy Bolt,75.0,Station_474,San Francisco,2024-02-04 23:00:00,2024-02-05 02:39:00,20.026313858630445,1.826933687468276,41.61784215307051,28.408615788605804,Night,Wednesday,20.45340920756221,35.9740790187295,190.8004696386405,25.25712194742985,4.0,Level 2,Commuter,0,0,15.520669811167288,10.961708132046361,1.4185643942838218,0.2670175181150726,23,2,9.527488233008693,2
User_841,Hyundai Kona,75.0,Station_80,New York,2024-02-05 00:00:00,2024-02-05 02:55:00,61.12076151907815,0.8631229860137307,24.845842089870604,29.08311230670429,Evening,Tuesday,68.06172182116148,73.8683676923296,95.80916358830729,1.5205785309510986,7.0,Level 1,Long-Distance Traveler,0,0,5.806645871168115,70.81350225807314,0.4758303329978362,0.814943486921042,0,2,1.5675387741758018,1
User_842,Hyundai Kona,100.0,Station_185,San Francisco,2024-02-05 01:00:00,2024-02-05 03:03:00,47.99575165649026,2.6912705186964616,39.154830349071936,10.675075124888576,Evening,Friday,54.78679099648707,78.98374139159887,292.6977231822368,17.588065382112188,2.0,Level 1,Long-Distance Traveler,0,0,24.1969503951118,17.833863717177486,0.22241708393882462,0.47995751656490265,1,2,6.098408985801487,1
User_843,Tesla Model 3,100.0,Station_367,San Francisco,2024-02-05 02:00:00,2024-02-05 03:32:00,60.70480470905676,3.0724875340310067,8.364823050543798,38.66687047010912,Evening,Thursday,51.67016366064856,69.68809606416363,156.638374982024,50.0,6.0,Level 1,Commuter,0,0,18.01793240351507,19.757543045069404,0.636965568959985,0.6070480470905676,2,2,2.580329114519902,1
User_844,Tesla Model 3,50.0,Station_461,Chicago,2024-02-05 03:00:00,2024-02-05 04:53:00,35.84392988591518,0.5841349456705043,8.057717582270522,9.078226155198172,Evening,Sunday,22.809563778884243,94.52158774685414,219.1032925273127,-9.079100594239849,6.808033448075264,Level 1,Commuter,0,1,71.7120239679699,61.362413174530104,0.2532709494771511,0.7168785977183036,3,2,6.112702854421356,1
User_845,Hyundai Kona,75.0,Station_399,Chicago,2024-02-05 04:00:00,2024-02-05 04:54:00,77.26132089921293,2.937547731631452,26.13523981227178,28.104534061396496,Night,Sunday,52.19891030362686,54.65266515468652,128.62606058066137,18.92055755273905,1.0,Dc Fast Charger,Casual Driver,0,1,2.4537548510596565,26.301298892019577,0.3637594301301002,1.030150945322839,4,2,1.6648182956702686,3
User_846,Hyundai Kona,75.0,Station_27,San Francisco,2024-02-05 05:00:00,2024-02-05 05:41:00,44.87557340248862,1.6791984280701115,9.76614988041083,9.09697606376053,Morning,Friday,62.89081175346798,65.64834863502412,245.3553226416581,22.96664351452421,4.06268814898258,Level 1,Commuter,0,0,2.757536881556142,26.724401745697044,0.20271553930174516,0.5983409786998483,5,2,5.467458219220251,1
User_847,Bmw I3,75.0,Station_452,Houston,2024-02-05 06:00:00,2024-02-05 08:58:00,61.56734925121615,3.710275407997624,41.31627181654345,8.421126909886086,Evening,Saturday,17.25267949273368,58.87841174048256,279.5167461006761,-2.209581899400622,1.0,Level 1,Long-Distance Traveler,0,1,41.625732247748886,16.59374102485914,0.13677910470897434,0.8208979900162153,6,2,4.540015925651611,1
User_848,Chevy Bolt,50.0,Station_464,Chicago,2024-02-05 07:00:00,2024-02-05 07:54:00,24.797064059890324,3.820788493955309,36.21828322200848,14.313363234334188,Evening,Friday,20.93846607324868,31.804021005309064,51.63972833826092,23.35039451272079,7.0,Level 2,Commuter,0,0,10.865554932060384,6.4900384041463175,0.5772200773351349,0.4959412811978065,7,2,2.082493645761438,2
User_849,Tesla Model 3,62.0,Station_448,San Francisco,2024-02-05 08:00:00,2024-02-05 08:40:00,73.07614589143651,5.945571287540004,8.455838521683116,37.44777917652726,Afternoon,Sunday,36.794524236770215,95.09040687211868,228.31938627264512,-0.4134831628946251,2.0,Dc Fast Charger,Commuter,0,1,58.29588263534846,12.290853537418766,0.5124487439739979,1.1786475143780082,8,2,3.1244037775588396,3
User_850,Chevy Bolt,85.0,Station_478,New York,2024-02-05 09:00:00,2024-02-05 10:33:00,6.535781252164842,1.705544571305777,13.422390897899296,14.00199756189555,Afternoon,Tuesday,61.58085721816703,77.78427713953087,161.19607009381224,36.78572730142667,2.0,Dc Fast Charger,Commuter,0,0,16.20341992136384,3.832078834011943,2.142360189496501,0.07689154414311579,9,2,24.663626867930958,3
User_851,Chevy Bolt,62.0,Station_492,Houston,2024-02-05 10:00:00,2024-02-05 13:50:00,22.572882450288343,2.96014748988195,25.291575946285857,22.224804227965933,Night,Saturday,51.55000841686424,74.1444021005201,49.07601045956073,24.4117939298946,0.0,Level 1,Commuter,0,1,22.59439368365586,7.625593835254656,0.9845798061860742,0.3640787491981991,10,2,2.174113588179955,1
User_852,Hyundai Kona,96.60872071307756,Station_414,Los Angeles,2024-02-05 11:00:00,2024-02-05 13:35:00,56.51645587863174,3.003171547287772,47.82948046168556,38.13296108100456,Evening,Friday,58.10937414504025,83.74438408347368,31.195256286094946,50.0,0.0,Level 1,Casual Driver,0,0,25.635009938433427,18.818923590852794,0.6747231490045047,0.5850036669720782,11,2,0.5519676667816238,1
User_853,Bmw I3,75.0,Station_420,San Francisco,2024-02-05 12:00:00,2024-02-05 13:19:00,40.24838259933458,3.095390479316716,5.167601528141622,14.667337143282316,Evening,Wednesday,13.243284361819514,59.16642608924414,280.3204931105929,17.78702680696874,1.0,Dc Fast Charger,Long-Distance Traveler,0,0,45.92314172742463,13.002683463773884,0.36442053558506987,0.5366451013244611,12,2,6.964764172044702,3
User_854,Nissan Leaf,85.0,Station_195,San Francisco,2024-02-05 13:00:00,2024-02-05 16:39:00,76.44990710737748,2.272736336714355,20.552317280826657,11.346111662873582,Evening,Wednesday,18.761399355388733,62.33419326937786,42.6202888880497,32.60796419574568,3.0,Dc Fast Charger,Long-Distance Traveler,0,0,43.57279391398913,33.637824974409234,0.14841236689715576,0.8994106718514998,13,2,0.5574930107918575,3
User_855,Bmw I3,62.0,Station_214,Houston,2024-02-05 14:00:00,2024-02-05 15:58:00,51.492346382026085,3.911579304355655,35.21951803944553,21.37952635523394,Night,Tuesday,62.1223748292006,81.29379863432871,32.48464488487498,-4.123444524751449,5.0,Level 1,Long-Distance Traveler,0,0,19.171423805128107,13.16408089302648,0.4151981383139432,0.8305217158391304,14,2,0.6308635587096507,1
User_856,Bmw I3,100.0,Station_369,Chicago,2024-02-05 15:00:00,2024-02-05 17:08:00,55.78259572680235,1.27970949093876,5.592196058327311,8.048298781340923,Night,Wednesday,50.33758928795222,86.23333848335864,50.905417887353146,15.806771803246086,1.0,Level 1,Casual Driver,0,0,35.89574919540642,43.590046117327574,0.14427974669299742,0.5578259572680235,15,2,0.9125681088177504,1
User_857,Chevy Bolt,62.0,Station_342,Chicago,2024-02-05 16:00:00,2024-02-05 18:25:00,67.77665979862479,5.211612226181517,9.80124301601001,38.00070015037216,Evening,Thursday,75.98571454431439,79.16930918576188,28.58247300664054,-10.659679530110962,2.0,Level 1,Commuter,1,0,3.1835946414474847,13.004931460198815,0.5606753160052188,1.0931719322358837,16,2,0.4217155742340151,1
User_858,Bmw I3,73.85002716229796,Station_114,Chicago,2024-02-05 17:00:00,2024-02-05 19:05:00,37.05562159282365,1.6833729720021182,7.32241853947061,38.645308239932085,Evening,Saturday,34.2183195177556,63.34809700506103,23.61819796352825,5.664612657982779,7.0,Level 2,Long-Distance Traveler,0,1,29.129777487305425,22.01272220068472,1.04290001297445,0.5017685573952144,17,2,0.637371522816453,2
User_859,Tesla Model 3,50.0,Station_242,Los Angeles,2024-02-05 18:00:00,2024-02-05 21:26:00,40.271295219742754,2.7769424258428383,7.675572872388004,14.402442656017609,Night,Tuesday,19.571800307123823,25.041372284286226,202.21393040238056,7.701936714946803,3.0,Dc Fast Charger,Long-Distance Traveler,1,0,5.469571977162403,14.50202742590887,0.35763544672277886,0.8054259043948551,18,2,5.02129194750226,3
User_860,Chevy Bolt,75.0,Station_124,Houston,2024-02-05 19:00:00,2024-02-05 19:43:00,44.76974192287614,0.640695419402568,20.59023557865744,29.60976805245256,Evening,Saturday,64.11014685239297,90.55214709137564,168.5338077245869,24.25815610704501,2.0,Level 2,Commuter,0,1,26.442000238982672,69.87679413194927,0.6613790203093121,0.5969298923050153,19,2,3.764457879049569,2
User_861,Tesla Model 3,75.0,Station_305,Houston,2024-02-05 20:00:00,2024-02-05 20:30:00,38.2137648106408,1.8886282402986057,35.89219701227775,22.234546494499146,Morning,Sunday,73.26212814178669,88.25641630399335,239.29101175136364,3.05617342337616,6.0,Dc Fast Charger,Long-Distance Traveler,1,1,14.994288162206658,20.233608708826107,0.581846531077928,0.5095168641418772,20,2,6.261906225076571,3
User_862,Nissan Leaf,53.97365865790932,Station_76,Chicago,2024-02-05 21:00:00,2024-02-06 00:58:00,65.12042574597822,2.426058377025857,12.309725069846412,14.956140552953626,Morning,Friday,10.427706320315131,100.0,256.20769311899585,16.403827328389546,7.0,Dc Fast Charger,Commuter,0,0,89.57229367968486,26.84206874931442,0.22966896149135363,1.2065223548901562,21,2,3.9343675994750233,3
User_863,Chevy Bolt,50.0,Station_311,Chicago,2024-02-05 22:00:00,2024-02-05 22:54:00,64.0000211656222,3.4456218108047656,30.22669452502872,29.527946154531342,Night,Thursday,25.461538152253187,89.74197873860788,220.63757565584783,38.351675429586535,0.0,Dc Fast Charger,Casual Driver,0,0,64.2804405863547,18.574302311684708,0.4613740060822412,1.280000423312444,22,2,3.447460979502987,3
User_864,Nissan Leaf,85.0,Station_469,New York,2024-02-05 23:00:00,2024-02-06 02:36:00,5.01388964715821,1.0123391282300591,46.87510964459352,24.114408332912703,Morning,Tuesday,12.62370186996878,93.11447872975644,139.93870040625902,1.6027160845373398,1.0,Dc Fast Charger,Long-Distance Traveler,0,0,80.49077685978766,4.952776700357648,4.8095211562105975,0.058986937025390714,23,2,27.910207494409846,3
User_865,Chevy Bolt,85.0,Station_312,New York,2024-02-06 00:00:00,2024-02-06 01:41:00,49.9789258332708,1.436500394823773,26.13523981227178,34.37326518398169,Afternoon,Friday,60.07923726088285,76.74284348323063,157.31824017266305,2.010076292697491,3.0,Dc Fast Charger,Long-Distance Traveler,0,0,16.66360622234778,34.79214207901566,0.6877551810267103,0.5879873627443624,0,2,3.147691502964172,3
User_866,Hyundai Kona,100.0,Station_196,San Francisco,2024-02-06 01:00:00,2024-02-06 02:38:00,42.2855347814151,0.5952087805041649,24.845842089870604,21.59110538291221,Evening,Friday,56.45990210455845,100.0,110.21958993639556,4.13935812356989,0.0,Level 1,Commuter,0,0,43.54009789544155,71.04319722164988,0.5106026326620258,0.422855347814151,1,2,2.606555421520603,1
User_867,Bmw I3,62.0,Station_351,San Francisco,2024-02-06 02:00:00,2024-02-06 04:42:00,74.93688348332599,1.5045108692821951,14.434749406529797,38.3026474212306,Afternoon,Friday,55.65778913768597,58.89235921810404,21.99550223759907,27.27523923582613,4.0,Level 2,Casual Driver,1,0,3.2345700804180737,49.80813699210994,0.511132110661544,1.2086594110213869,2,2,0.29352037628430644,2
User_868,Hyundai Kona,75.0,Station_44,Houston,2024-02-06 03:00:00,2024-02-06 05:14:00,40.257196883863706,1.4415487593554557,17.9473945941715,18.66412192940177,Afternoon,Friday,28.841329486807112,85.27530270966454,61.05376918138752,31.60235687836392,6.0,Level 2,Long-Distance Traveler,0,0,56.43397322285743,27.926351170988816,0.463621994925407,0.5367626251181827,3,2,1.516592656898566,2
User_869,Nissan Leaf,62.0,Station_415,Houston,2024-02-06 04:00:00,2024-02-06 06:56:00,51.20288962549678,1.4470566363634036,45.19091647032926,39.19681508089824,Afternoon,Friday,56.56750423592851,75.55734011955374,129.48975674563343,15.648404225046924,0.0,Dc Fast Charger,Commuter,1,0,18.989835883625233,35.38416419842053,0.7655195901557078,0.8258530584757545,4,2,2.5289540823327528,3
User_870,Bmw I3,85.0,Station_186,Los Angeles,2024-02-06 05:00:00,2024-02-06 05:52:00,54.884964513779416,3.036137884500907,15.014209056333913,31.993283331624745,Morning,Tuesday,88.5078973669725,94.47219864187504,139.54353300381808,2.5905175226939665,5.0,Level 2,Casual Driver,0,0,5.964301274902539,18.077230548045954,0.582915259489555,0.6457054648679931,5,2,2.5424728655656557,2
User_871,Chevy Bolt,85.0,Station_343,Los Angeles,2024-02-06 06:00:00,2024-02-06 06:38:00,50.61599542846814,3.7607004619470383,34.85455500887653,28.050831341596496,Evening,Wednesday,21.383919740695426,58.16782558568132,161.19607009381224,-7.012450425157643,0.0,Level 2,Commuter,0,0,36.783905844985895,13.459193557325374,0.5541890681817899,0.5954822991584487,6,2,3.184686357134254,2
User_872,Bmw I3,100.0,Station_246,New York,2024-02-06 07:00:00,2024-02-06 09:27:00,55.655332785147046,1.6789749892738182,30.40482981653153,31.644249842874565,Evening,Friday,11.012541616949,59.81651119957803,179.43171434764614,16.052798431611368,2.0,Level 1,Long-Distance Traveler,0,0,48.80396958262903,33.14839895811599,0.568575341468798,0.5565533278514705,7,2,3.223980620874695,1
User_873,Tesla Model 3,85.0,Station_437,San Francisco,2024-02-06 08:00:00,2024-02-06 10:03:00,48.75767260331637,2.516886532810073,34.48123071791808,11.650644172041137,Night,Sunday,18.65763388539243,51.64785974327156,182.12407671444493,30.57894722254161,5.0,Dc Fast Charger,Long-Distance Traveler,0,1,32.99022585787913,19.372217208726937,0.23894996520503914,0.5736196776860749,8,2,3.7352906115140803,3
User_874,Bmw I3,85.0,Station_84,New York,2024-02-06 09:00:00,2024-02-06 12:27:00,72.95818104852783,2.917826685071239,29.990454827284875,20.51806391936266,Afternoon,Sunday,40.21207606713552,62.26959799670035,256.2701112846916,12.987388532512288,3.0,Level 1,Long-Distance Traveler,0,1,22.057521929564828,25.004288781719243,0.28123047510895527,0.8583315417473862,9,2,3.5125616839903753,1
User_875,Tesla Model 3,62.0,Station_207,New York,2024-02-06 10:00:00,2024-02-06 12:53:00,58.11274413766781,2.5722250771422086,43.477302403000174,36.43538613690158,Morning,Thursday,59.827313210903824,74.63709318690526,293.12024763177186,24.134468954808234,3.0,Level 2,Commuter,1,0,14.809779976001437,22.59240245112305,0.6269775533329995,0.9373023248010938,10,2,5.043992535223882,2
User_876,Bmw I3,62.0,Station_151,San Francisco,2024-02-06 11:00:00,2024-02-06 12:02:00,56.52037667500273,2.296980267769662,12.888588103956373,9.434171311681736,Afternoon,Tuesday,31.16795633197735,68.26436301399724,114.189579473058,19.103153183928203,1.0,Dc Fast Charger,Casual Driver,0,0,37.09640668201989,24.606383201490573,0.16691628518205165,0.9116189786290763,11,2,2.0203258752088367,3
User_877,Tesla Model 3,100.0,Station_156,Los Angeles,2024-02-06 12:00:00,2024-02-06 14:39:00,40.24838259933458,2.619786451375589,47.98132123679881,20.98159616899028,Afternoon,Monday,42.915421334432864,93.84743084012484,244.8637198519477,8.96417652241557,0.0,Dc Fast Charger,Long-Distance Traveler,0,0,50.93200950569198,15.363230303829189,0.5213028403615196,0.4024838259933458,12,2,6.083815150773189,3
User_878,Nissan Leaf,26.13651024680693,Station_16,San Francisco,2024-02-06 13:00:00,2024-02-06 13:43:00,28.780491407276823,0.7713119842754502,7.446768633950693,27.52125904442693,Evening,Wednesday,27.239475603277555,94.99744371190305,162.46593548437778,5.291260872920947,7.0,Dc Fast Charger,Long-Distance Traveler,0,0,67.75796810862549,37.31368368963234,0.9562470165977948,1.101160450859843,13,2,5.6450021365271095,3
User_879,Hyundai Kona,50.0,Station_165,Chicago,2024-02-06 14:00:00,2024-02-06 14:30:00,9.04773210705438,1.967714478740673,40.91079821026635,25.26991752497037,Night,Thursday,82.64673078507658,86.31805712644342,286.8427865836956,37.03618549441143,3.0,Dc Fast Charger,Commuter,1,0,3.6713263413668358,4.5980919512493905,2.792955983441176,0.18095464214108758,14,2,31.703280246333623,3
User_880,Chevy Bolt,62.0,Station_405,Chicago,2024-02-06 15:00:00,2024-02-06 16:59:00,51.08539266561558,0.9497561025934448,25.83848785072016,7.1813925834427055,Morning,Sunday,44.70187213283778,82.62853909687317,121.43529271974012,16.953094518284065,0.0,Dc Fast Charger,Long-Distance Traveler,0,1,37.92666696403539,53.78790673323353,0.1405762432022244,0.8239579462196062,15,2,2.3771040288288803,3
User_881,Bmw I3,62.0,Station_463,Chicago,2024-02-06 16:00:00,2024-02-06 19:35:00,36.26259614170952,2.0123601409406984,38.14908200155225,35.146115866971094,Evening,Friday,58.31902030658071,67.00704755875644,85.38239413894216,-0.4950766029761606,1.0,Dc Fast Charger,Commuter,0,0,8.68802725217573,18.019933611266122,0.9692112426155213,0.5848805829307987,16,2,2.3545582286849744,3
User_882,Hyundai Kona,62.0,Station_145,Houston,2024-02-06 17:00:00,2024-02-06 18:58:00,77.45420995738992,3.308261928438673,29.413406694147984,5.691471521503251,Afternoon,Tuesday,80.65255109296433,90.08739343768669,238.8650097724857,2.2490551695889742,4.0,Level 1,Long-Distance Traveler,0,0,9.434842344722355,23.412357193235987,0.07348175812049874,1.249261450925644,17,2,3.0839512778439433,1
User_883,Chevy Bolt,62.0,Station_498,Los Angeles,2024-02-06 18:00:00,2024-02-06 20:53:00,68.21934425725472,0.8864503813605564,14.884354058498058,17.267073791696944,Evening,Tuesday,38.03890271184613,62.46309786457429,221.3783240343404,1.8150805157682728,4.0,Level 1,Casual Driver,0,0,24.42419515272816,76.95788246212854,0.2531111077025736,1.1003120041492696,18,2,3.2450960419602413,1
User_884,Chevy Bolt,100.0,Station_37,Los Angeles,2024-02-06 19:00:00,2024-02-06 22:56:00,57.67538255763964,2.8795712052808087,46.31316024594766,33.674170165271015,Afternoon,Friday,64.97948545666355,67.45954159581203,124.07864607817878,3.261647704000889,0.0,Level 2,Long-Distance Traveler,1,0,2.4800561391484734,20.02915658132346,0.5838569017139629,0.5767538255763963,19,2,2.1513276648694446,2
User_885,Tesla Model 3,88.86922406551787,Station_333,Houston,2024-02-06 20:00:00,2024-02-06 21:59:00,20.17078858180017,2.450451566049088,40.42078195542164,37.25540969211843,Morning,Sunday,31.556926298671403,97.82793195403904,96.25331245523712,2.844132917910557,2.0,Dc Fast Charger,Commuter,0,1,66.27100565536765,8.23145776936205,1.846998174664003,0.22697158430155165,20,2,4.7719161828945635,3
User_886,Nissan Leaf,100.0,Station_403,New York,2024-02-06 21:00:00,2024-02-07 00:24:00,78.16770975170616,2.1284750020420256,48.99622283601657,37.74488597681351,Evening,Thursday,37.68136593844876,72.0489313914754,214.6210023799617,-4.1366317228707175,1.0,Dc Fast Charger,Long-Distance Traveler,0,0,34.36756545302665,36.72474878808221,0.4828705624957837,0.7816770975170616,21,2,2.745647826470664,3
User_887,Nissan Leaf,85.0,Station_414,Chicago,2024-02-06 22:00:00,2024-02-07 01:21:00,76.95348907902107,3.44323713106448,36.810730035560326,35.72732642816646,Evening,Tuesday,66.79198381822985,76.5041067060289,36.39737625161223,9.262327033861766,7.0,Level 1,Commuter,0,0,9.712122887799055,22.349169153862725,0.4642716900266759,0.905335165635542,22,2,0.47297889526798365,1
User_888,Hyundai Kona,50.0,Station_45,Chicago,2024-02-06 23:00:00,2024-02-07 02:57:00,62.74942109140281,2.0733241040849606,15.836202414689543,33.00898377565577,Evening,Saturday,80.98016602086427,100.0,161.19607009381224,8.273267247544666,1.0,Level 2,Commuter,1,1,19.019833979135726,30.26512881790693,0.5260444351761243,1.2549884218280563,23,2,2.568885374400648,2
User_889,Nissan Leaf,85.0,Station_402,New York,2024-02-07 00:00:00,2024-02-07 00:43:00,47.63041181980813,1.5496956696697346,26.012469410984444,18.48377514266727,Evening,Sunday,18.16488828155385,100.0,59.9940988219604,24.21840758397903,3.0,Level 2,Commuter,0,1,81.83511171844614,30.735332589500587,0.38806666657835603,0.5603577861153898,0,2,1.259575479820029,2
User_890,Bmw I3,100.0,Station_206,San Francisco,2024-02-07 01:00:00,2024-02-07 04:01:00,51.737131530843484,1.3552852998469738,26.691946660730032,16.051864572880966,Evening,Sunday,42.492679191266,93.29904644891742,252.93675896839332,15.612401539347978,3.0,Dc Fast Charger,Casual Driver,0,1,50.806367257651424,38.174347155307565,0.31025810859482084,0.5173713153084348,1,2,4.888882539179876,3
User_891,Nissan Leaf,75.0,Station_62,San Francisco,2024-02-07 02:00:00,2024-02-07 04:20:00,41.88651470928026,3.741115940973061,23.022124692445743,26.35535793646985,Morning,Wednesday,59.31521139741232,94.75305519244928,88.91725661150893,7.809076958418935,3.0,Level 2,Casual Driver,0,0,35.43784379503696,11.196262123430907,0.6292086634419987,0.5584868627904035,2,2,2.1228134455361753,2
User_892,Hyundai Kona,85.0,Station_420,Los Angeles,2024-02-07 03:00:00,2024-02-07 06:32:00,71.95569072472664,1.6557431785415109,39.21578542752447,26.30986375777708,Night,Thursday,30.700917810684565,98.23729456819592,263.0610040864517,12.970249709301845,7.0,Level 2,Long-Distance Traveler,0,0,67.53637675751136,43.45824380089551,0.3656397915548886,0.8465375379379604,3,2,3.655874906306114,2
User_893,Nissan Leaf,100.0,Station_356,Houston,2024-02-07 04:00:00,2024-02-07 06:52:00,39.93276466234457,2.7059188482942824,49.1166092730102,20.716565418626857,Morning,Sunday,43.60824251245972,54.32016802359381,327.39309338387187,8.663582494800384,5.0,Dc Fast Charger,Commuter,0,1,10.71192551113409,14.757561812142592,0.5187861545224284,0.39932764662344566,4,2,8.198608239428863,3
User_894,Bmw I3,85.0,Station_468,Los Angeles,2024-02-07 05:00:00,2024-02-07 06:52:00,30.576281983940227,1.0137325257252732,49.46138235507399,22.33713962964108,Evening,Friday,12.8658870056468,85.47800524874069,260.142973509451,19.092544204723293,6.0,Dc Fast Charger,Casual Driver,0,0,72.61211824309389,30.16208043839225,0.7305381223712338,0.35972096451694385,5,2,8.507998900784848,3
User_895,Tesla Model 3,75.0,Station_308,San Francisco,2024-02-07 06:00:00,2024-02-07 07:41:00,73.60654260034698,1.3757248751243405,26.08789210553548,25.480781527617165,Afternoon,Sunday,65.5549593407624,65.81804152135467,161.19607009381224,-0.7790336602996408,1.0,Dc Fast Charger,Commuter,1,1,0.26308218059227784,53.50382473362946,0.34617549782180707,0.9814205680046264,6,2,2.189969320649118,3
User_896,Hyundai Kona,100.0,Station_19,New York,2024-02-07 07:00:00,2024-02-07 10:11:00,14.10985781803456,0.936721070866911,26.39988395239894,13.57133390931867,Afternoon,Thursday,38.21620398289632,95.64518241721714,157.31824017266305,25.19276228244422,6.0,Level 1,Long-Distance Traveler,0,0,57.428978434320825,15.06303024119683,0.9618334985610149,0.1410985781803456,7,2,11.149526962035452,1
User_897,Tesla Model 3,50.0,Station_365,Los Angeles,2024-02-07 08:00:00,2024-02-07 10:39:00,38.957609713355055,2.4309666340833225,28.43834686607273,10.636616260855636,Evening,Saturday,70.33537354858956,73.10677228201467,77.42028800252723,-0.2312055283323637,6.0,Dc Fast Charger,Commuter,1,1,2.771398733425116,16.025563315905128,0.27303051545303864,0.7791521942671011,8,2,1.987295641908615,3
User_898,Tesla Model 3,62.0,Station_300,Chicago,2024-02-07 09:00:00,2024-02-07 09:56:00,60.71815399652918,2.1941605658613272,18.49490674734526,20.472697570361422,Night,Sunday,35.26718110379237,59.63373277625455,84.02663481881574,2.3943156992031227,0.0,Level 2,Casual Driver,0,1,24.36655167246218,27.672611996239212,0.33717588929880343,0.9793250644601481,9,2,1.3838799319165556,2
User_899,Tesla Model 3,50.0,Station_7,Chicago,2024-02-07 10:00:00,2024-02-07 11:43:00,79.2780822184147,3.89478023656482,21.280008595542856,38.07334631378182,Evening,Thursday,57.638337196602976,69.27315689897446,11.601228736577331,38.0265408626295,2.0,Level 1,Casual Driver,1,0,11.634819702371487,20.354956481020256,0.4802505969920921,1.5855616443682938,10,2,0.14633589022266486,1
User_900,Chevy Bolt,100.0,Station_249,New York,2024-02-07 11:00:00,2024-02-07 13:08:00,30.27520935029439,1.7947550160654286,9.896086973422094,15.670379741260618,Morning,Sunday,60.29772795991465,89.5689211273288,214.47331364964387,31.55436684655272,4.0,Level 2,Commuter,1,1,29.271193167414154,16.868714158362152,0.5175977335102472,0.3027520935029439,11,2,7.084123223331513,2
User_901,Chevy Bolt,50.0,Station_428,San Francisco,2024-02-07 12:00:00,2024-02-07 13:41:00,42.2855347814151,1.6315936975983292,24.845842089870604,13.488216890754178,Night,Monday,60.8980693945304,80.18544351402166,191.6875752919088,-5.793674798830086,2.0,Level 1,Commuter,0,0,19.287374119491254,25.91670637344242,0.3189794562248833,0.845710695628302,12,2,4.533171361856757,1
User_902,Tesla Model 3,85.0,Station_117,Chicago,2024-02-07 13:00:00,2024-02-07 13:52:00,50.92256838738107,2.7450650696414844,43.40930150579623,30.00753823987476,Night,Friday,15.914269190929192,82.3447958446385,120.88478365972466,12.462636502589325,4.0,Dc Fast Charger,Commuter,0,0,66.43052665370931,18.550586997207954,0.5892777837048536,0.599089039851542,13,2,2.3738940805209006,3
User_903,Hyundai Kona,100.0,Station_68,Chicago,2024-02-07 14:00:00,2024-02-07 15:37:00,58.92443565485458,2.201157760691302,33.527215373664504,18.007183440046177,Morning,Wednesday,40.21147092624306,58.32742248927915,95.64435151967814,4.837412072025576,2.0,Level 2,Commuter,0,0,18.11595156303609,26.76974667928781,0.3055978939793652,0.5892443565485458,14,2,1.6231695807815232,2
User_904,Bmw I3,50.0,Station_34,Houston,2024-02-07 15:00:00,2024-02-07 17:51:00,6.268235994227531,5.67378871319114,24.845842089870604,7.738396235199668,Night,Friday,65.99350198707378,100.0,151.07981113467872,25.068744940906804,1.0,Level 1,Commuter,0,0,34.006498012926215,1.104770782115017,1.234541303538351,0.1253647198845506,15,2,24.102444654893233,1
User_905,Bmw I3,85.0,Station_194,Los Angeles,2024-02-07 16:00:00,2024-02-07 19:40:00,13.089183211513587,0.7499796988190511,31.907713854552647,26.60432004967749,Evening,Monday,53.80469865249152,54.2607349729544,272.1976953092468,14.51824632185706,4.0,Level 2,Commuter,1,0,0.45603632046288567,17.452716696364387,2.0325424145851696,0.15399039072368925,16,2,20.7956211560867,2
User_906,Nissan Leaf,50.0,Station_325,San Francisco,2024-02-07 17:00:00,2024-02-07 19:26:00,31.102261453118967,0.9938422875012384,40.14362962979752,19.3632431386136,Evening,Friday,55.59176313362416,99.5051397056067,10.93101298458777,13.781809865463828,0.0,Dc Fast Charger,Long-Distance Traveler,0,0,43.91337657198253,31.29496686171166,0.6225670492738988,0.6220452290623794,17,2,0.3514539610267342,3
User_907,Hyundai Kona,43.71913702406909,Station_55,Los Angeles,2024-02-07 18:00:00,2024-02-07 20:15:00,42.2855347814151,2.304197182855523,21.688537892491848,8.598943959363353,Afternoon,Friday,46.19998806559848,85.30835216125931,157.31824017266305,26.44073486906366,2.0,Level 1,Long-Distance Traveler,0,0,39.108364095660825,18.351526117661464,0.20335426769020482,0.967208816544921,18,2,3.7203795810052265,1
User_908,Chevy Bolt,75.0,Station_266,San Francisco,2024-02-07 19:00:00,2024-02-07 21:02:00,27.694411449808683,1.4021806040177809,47.32624673908941,7.234004135673027,Morning,Wednesday,27.04373974177269,65.83029628276724,32.83172854820101,19.26518443072965,6.0,Level 2,Casual Driver,0,0,38.786556540994546,19.750958878231277,0.26120808339918705,0.3692588193307824,19,2,1.1855001362893314,2
User_909,Tesla Model 3,100.0,Station_480,Chicago,2024-02-07 20:00:00,2024-02-07 21:34:00,50.51448558506964,2.2287292590734094,19.086494735500263,11.060199641520292,Night,Monday,12.870374543107925,50.66155353918523,121.0998380635724,29.292791812955898,2.0,Level 1,Commuter,0,0,37.791178996077306,22.665151175011253,0.21895104965276158,0.5051448558506965,20,2,2.397328937649627,1
User_910,Nissan Leaf,62.0,Station_42,Houston,2024-02-07 21:00:00,2024-02-07 22:37:00,20.84637781774533,1.4997710475131931,26.5778147612731,15.767656361659448,Night,Friday,61.833523772810935,85.03607836550964,139.37076700591442,-2.376886289788956,4.0,Dc Fast Charger,Long-Distance Traveler,0,0,23.202554592698704,13.899706793454387,0.7563739129892073,0.336231900286215,21,2,6.685610719732616,3
User_911,Bmw I3,100.0,Station_297,Los Angeles,2024-02-07 22:00:00,2024-02-08 00:37:00,45.61965970987572,0.9138336150419216,36.526791648593296,36.95058450417622,Night,Saturday,55.564613174233735,94.0011014205332,161.19607009381224,33.50184840988644,6.0,Level 1,Commuter,0,1,38.43648824629947,49.92118801384095,0.8099706297497256,0.4561965970987572,22,2,3.533478134623538,1
User_912,Chevy Bolt,58.33515981855699,Station_461,Chicago,2024-02-07 23:00:00,2024-02-08 00:32:00,39.6867657804195,1.4029154025306867,4.3193301269317,13.117933872178368,Evening,Sunday,37.05047750954196,86.27388445512443,103.75151953046056,4.3384480282762965,6.0,Level 1,Casual Driver,0,1,49.22340694558247,28.28878042740814,0.3305367321882007,0.6803232545151054,23,2,2.6142598795906182,1
User_913,Chevy Bolt,50.0,Station_231,San Francisco,2024-02-08 00:00:00,2024-02-08 02:22:00,6.818019426679227,3.061664696545612,17.694894017570398,22.366507703609265,Morning,Friday,21.38977950280133,50.8557292936082,244.39085485363128,37.48726740198843,3.0,Level 2,Long-Distance Traveler,0,0,29.46594979080687,2.22689944930018,3.2804992628926932,0.13636038853358454,0,2,35.84484577695958,2
User_914,Tesla Model 3,50.0,Station_453,Los Angeles,2024-02-08 01:00:00,2024-02-08 02:59:00,55.17152825512059,2.285793895197182,8.403361701935179,10.730059345530702,Evening,Tuesday,40.12482652499342,67.16138764176819,186.4198892325448,34.58604378699818,7.0,Level 1,Commuter,0,0,27.036561116774763,24.136702950797435,0.19448544720228628,1.1034305651024119,1,2,3.3789147251914806,1
User_915,Bmw I3,101.02319923832744,Station_378,Los Angeles,2024-02-08 02:00:00,2024-02-08 03:50:00,152.23875799921288,0.7102980502795601,36.09228626089304,32.58754884880764,Night,Friday,13.795797988804017,58.93209952927897,145.1617040451426,39.54195635879396,5.0,Dc Fast Charger,Commuter,0,0,45.13630154047495,214.3308121700384,0.21405553537802857,1.5069682919074954,2,2,0.9535134544771651,3
User_916,Hyundai Kona,85.0,Station_394,Chicago,2024-02-08 03:00:00,2024-02-08 05:12:00,60.28854286251064,1.853153432143082,51.3635932476184,34.58591234655366,Evening,Wednesday,69.48237539840879,78.95924905423048,113.35805771013356,41.891306890445605,4.0,Level 2,Commuter,1,0,9.476873655821692,32.53294725455618,0.5736730513694386,0.7092769748530663,3,2,1.8802587080044235,2
User_917,Chevy Bolt,76.33659054812139,Station_10,Los Angeles,2024-02-08 04:00:00,2024-02-08 07:41:00,16.376371083048106,0.8639844960966747,33.30056555155114,13.795874560304217,Night,Tuesday,70.55175016871056,76.77538776743103,193.3986937353374,3.32494483529693,0.3556527874409498,Level 1,Commuter,0,0,6.223637598720472,18.954473323345013,0.8424256198361875,0.21452845831154455,4,2,11.80961842856216,1
User_918,Tesla Model 3,50.0,Station_358,Houston,2024-02-08 05:00:00,2024-02-08 08:09:00,37.610115032737085,3.4417237794551143,21.067668668395044,32.77849498569771,Night,Saturday,30.60283601924668,100.0,14.91695623231132,38.34082129198921,1.0,Dc Fast Charger,Commuter,0,1,69.39716398075332,10.92769712004356,0.8715340263428131,0.7522023006547417,5,2,0.3966208616838079,3
User_919,Hyundai Kona,100.0,Station_475,Houston,2024-02-08 06:00:00,2024-02-08 08:25:00,38.00957724097448,2.83023631240392,6.590228457006733,7.7791034285937855,Evening,Sunday,48.29442033601399,98.25239498716788,233.1699557622304,-4.148661344077772,1.0,Dc Fast Charger,Commuter,0,1,49.95797465115388,13.429824596056525,0.20466166669719968,0.3800957724097448,6,2,6.134505371737527,3
User_920,Bmw I3,75.0,Station_444,Chicago,2024-02-08 07:00:00,2024-02-08 10:56:00,51.89127939896392,1.8541792518952216,29.900892186844303,13.04850845074449,Night,Saturday,15.751627241160556,57.05048211192729,74.53081530847757,33.35723142905603,3.0,Level 1,Casual Driver,0,1,41.29885487076673,27.98611803358495,0.25145859963138667,0.6918837253195189,7,2,1.4362878728707098,1
User_921,Chevy Bolt,62.0,Station_128,San Francisco,2024-02-08 08:00:00,2024-02-08 08:42:00,9.889982502961283,1.6137816723307057,40.44087745654424,19.353985912180505,Evening,Saturday,14.647732319215194,62.33236181674138,20.01943657169005,19.95036063508279,0.0,Level 1,Commuter,0,1,47.68462949752619,6.1284513714161015,1.9569282257461513,0.1595158468219562,8,2,2.0242135479709678,1
User_922,Hyundai Kona,75.0,Station_179,Chicago,2024-02-08 09:00:00,2024-02-08 12:43:00,73.62743176033132,0.9623444060505908,40.53583769714743,27.402114974165823,Afternoon,Monday,25.597117129896727,50.35637514143106,161.19607009381224,19.801343926460056,2.7971650528027068,Level 2,Commuter,0,0,24.75925801153433,76.50840104375345,0.372172630757568,0.9816990901377509,9,2,2.1893479948958476,2
User_923,Hyundai Kona,62.0,Station_405,Houston,2024-02-08 10:00:00,2024-02-08 12:33:00,10.336644191193582,3.7142891016254302,26.13523981227178,31.68579535950141,Evening,Saturday,32.98603195247169,84.16649567791455,47.535445644345366,5.194911284624943,7.0,Dc Fast Charger,Long-Distance Traveler,0,1,51.18046372544286,2.782940128884988,3.065385126296257,0.16672006759989647,10,2,4.598730958045718,3
User_924,Hyundai Kona,62.0,Station_392,New York,2024-02-08 11:00:00,2024-02-08 13:56:00,69.10595990230438,1.2571513955819476,27.381349198927023,20.792355014014845,Afternoon,Thursday,20.5692515503208,63.35465060540821,217.30594161275468,41.34107902225962,7.0,Dc Fast Charger,Commuter,0,0,42.78539905508741,54.97027656745714,0.3008764373349152,1.1146122564887804,11,2,3.1445325688256376,3
User_925,Chevy Bolt,75.0,Station_193,New York,2024-02-08 12:00:00,2024-02-08 15:01:00,18.30737391871987,6.7730953274048815,23.91551161182956,31.24650919317708,Afternoon,Wednesday,14.150088479759331,82.19616739046829,226.7294724486238,13.584474481065872,7.0,Dc Fast Charger,Commuter,0,0,68.04607891070896,2.70295530090145,1.7067717812452903,0.2440983189162649,12,2,12.384598329353274,3
User_926,Chevy Bolt,75.0,Station_92,Los Angeles,2024-02-08 13:00:00,2024-02-08 14:57:00,41.74488149336455,2.60786075221863,11.144567690649613,16.293182827406923,Evening,Monday,26.09080885412256,66.72274076075291,166.76531932006355,19.75721265194322,6.0,Level 1,Long-Distance Traveler,0,0,40.631931906630356,16.00732763735572,0.39030372693708004,0.5565984199115274,13,2,3.994868672619691,1
User_927,Nissan Leaf,100.0,Station_369,Los Angeles,2024-02-08 14:00:00,2024-02-08 14:40:00,42.2855347814151,2.1030833718675623,25.33533275179487,37.4227039296304,Morning,Tuesday,67.26932864514069,91.48475324664274,102.6479083101982,18.682073252002333,5.749537058412387,Level 1,Long-Distance Traveler,0,0,24.21542460150205,20.10644720369077,0.8850001335699801,0.422855347814151,14,2,2.4274946229440366,1
User_928,Bmw I3,75.0,Station_231,New York,2024-02-08 15:00:00,2024-02-08 18:36:00,39.152310092112536,1.3156156867258408,9.938104195050748,29.70099611691264,Morning,Thursday,14.671390433943747,60.1161429061504,232.7772019846809,32.05147860509171,4.0,Level 1,Commuter,0,0,45.44475247220665,29.759686272478618,0.7586013710822157,0.5220308012281671,15,2,5.945427011510496,1
User_929,Tesla Model 3,75.0,Station_78,Houston,2024-02-08 16:00:00,2024-02-08 16:44:00,37.1185672622842,0.563718560861195,8.690646595879642,15.122031062185169,Evening,Monday,39.79613148030942,91.68222793303246,18.941504107479027,-0.5426394244535891,5.404853321424032,Level 2,Casual Driver,0,0,51.886096452723045,65.84592000231113,0.40739802685085075,0.4949142301637894,16,2,0.5102972852814095,2
User_930,Hyundai Kona,100.0,Station_85,Los Angeles,2024-02-08 17:00:00,2024-02-08 17:39:00,35.34544122101473,2.1133442993961395,20.00393210023944,60.40252537144578,Evening,Wednesday,21.960265246418267,69.3035164553931,81.97014674442858,-7.257652153666562,2.0,Dc Fast Charger,Long-Distance Traveler,0,0,47.34325120897483,16.724885401358513,1.7089198291159906,0.3534544122101473,17,2,2.319115108278603,3
User_931,Nissan Leaf,62.0,Station_30,Chicago,2024-02-08 18:00:00,2024-02-08 19:10:00,18.034377951520995,2.756993573439943,20.38430440834413,19.455948907103483,Night,Tuesday,58.41071225322672,100.0,245.7398507830535,4.269933069114865,5.0,Dc Fast Charger,Long-Distance Traveler,0,0,41.58928774677328,6.541320271929116,1.0788256162427048,0.2908770637342096,18,2,13.62618946124106,3
User_932,Tesla Model 3,143.2099946484289,Station_213,Chicago,2024-02-08 19:00:00,2024-02-08 22:04:00,42.2855347814151,2.3983788749393984,13.47677065538978,40.21015484624773,Night,Wednesday,33.28839244217399,62.64665894029709,144.8154901077229,-3.736883532256732,0.0,Level 1,Commuter,0,0,29.358266498123093,17.630881935817403,0.9509198607539068,0.29526943901662245,19,2,3.424705182429683,1
User_933,Nissan Leaf,50.0,Station_49,Houston,2024-02-08 20:00:00,2024-02-08 23:37:00,45.6603131979625,2.505972271289247,40.67941803976215,31.626641565435182,Evening,Wednesday,65.23658770368718,67.9052419126301,168.81408681033815,22.739546013745937,6.0,Level 2,Long-Distance Traveler,1,0,2.6686542089429253,18.22059793761072,0.6926505612941449,0.9132062639592501,20,2,3.6971732120722978,2
User_934,Chevy Bolt,75.0,Station_265,Los Angeles,2024-02-08 21:00:00,2024-02-08 22:42:00,37.97418005443737,1.7436765227430318,4.275219135924531,12.13245940893069,Morning,Tuesday,35.798300297564126,64.90655620413222,299.75987819900564,18.32971351190968,1.0,Level 2,Commuter,0,0,29.10825590656809,21.778225237958132,0.3194923337788562,0.5063224007258316,21,2,7.893781452800006,2
User_935,Hyundai Kona,75.0,Station_145,Chicago,2024-02-08 22:00:00,2024-02-08 23:21:00,45.393753939065256,2.0897210921916995,10.274728630596702,32.85775433190241,Night,Saturday,87.13199165729654,87.41341613137504,92.5778132938034,6.020441252612322,3.0,Level 2,Casual Driver,1,1,0.2814244740785057,21.72239831845516,0.723838666791236,0.60525005252087,22,2,2.039439466012794,2
User_936,Tesla Model 3,50.0,Station_69,Los Angeles,2024-02-08 23:00:00,2024-02-09 01:37:00,29.98141610704047,0.6619795782123663,7.851718359790319,24.37855645878638,Night,Friday,45.77227393548064,71.41642377003204,96.1252348519423,-0.6363455823008923,6.0,Level 2,Casual Driver,0,0,25.6441498345514,45.290545348851055,0.8131222478534501,0.5996283221408094,23,2,3.2061605932406048,2
User_937,Tesla Model 3,62.0,Station_58,Los Angeles,2024-02-09 00:00:00,2024-02-09 00:57:00,6.006718634009571,2.335712156570332,35.128246837314904,30.035348165011246,Morning,Wednesday,23.705260306623856,58.83172596149558,191.86788286860224,4.788927799468437,7.0,Level 2,Commuter,0,0,35.12646565487172,2.571686163088521,5.000292171994449,0.0968825586130576,0,2,31.94221247225753,2
User_938,Tesla Model 3,50.0,Station_185,Chicago,2024-02-09 01:00:00,2024-02-09 02:34:00,6.623592694043594,2.700212559659974,19.75648055679933,26.55451745541476,Evening,Saturday,24.96361309359425,68.640672558889,174.81861111455189,28.617521055662166,7.0,Level 1,Casual Driver,0,1,43.67705946529475,2.4529893657252204,4.009080672984991,0.13247185388087188,1,2,26.393321448005285,1
User_939,Tesla Model 3,100.0,Station_62,New York,2024-02-09 02:00:00,2024-02-09 02:46:00,11.431328818332826,1.937482885661684,67.9346789314074,16.138987217159222,Morning,Sunday,12.42991030172564,91.4909780419121,166.55459643473677,21.34994476159788,0.0,Level 1,Commuter,0,1,79.06106774018646,5.900092797170092,1.4118207492445285,0.11431328818332825,2,2,14.57001185790643,1
User_940,Tesla Model 3,7.451954886893098,Station_479,Chicago,2024-02-09 03:00:00,2024-02-09 05:04:00,78.93551157563188,2.757861218052766,16.976051559877522,7.87439836183326,Afternoon,Tuesday,21.52681288411701,54.85928878100147,135.60921147891702,-9.442146080548932,2.061484459120092,Level 1,Long-Distance Traveler,0,0,33.33247589688446,28.622002825568433,0.09975736147967348,10.592591175567627,3,2,1.717974695698062,1
User_941,Nissan Leaf,50.0,Station_308,Houston,2024-02-09 04:00:00,2024-02-09 07:21:00,58.74152298342496,2.91425796993607,19.94270234661768,20.60863905916641,Night,Wednesday,19.42640522822153,59.51725759017592,46.37042315883061,-0.0042983103351286,6.0,Dc Fast Charger,Long-Distance Traveler,0,0,40.09085236195439,20.15659683851309,0.35083596768475905,1.174830459668499,4,2,0.7893977003612064,3
User_942,Hyundai Kona,62.0,Station_445,San Francisco,2024-02-09 05:00:00,2024-02-09 07:47:00,68.8333119385666,1.6235470537502177,25.857794702299618,39.377760333145325,Night,Friday,19.288553588390727,58.56785095073142,137.23497188517604,32.800882837541785,6.0,Level 2,Commuter,0,0,39.27929736234069,42.39686911418373,0.572074177809282,1.110214708686558,5,2,1.9937290248020842,2
User_943,Chevy Bolt,75.0,Station_296,Chicago,2024-02-09 06:00:00,2024-02-09 07:32:00,59.21757555858335,1.6027506934963118,41.42637793106033,33.59882883172399,Night,Sunday,42.29926372011892,56.840099035157095,222.9641230412516,20.42209326152622,7.0,Level 2,Commuter,0,1,14.540835315038173,36.94746525387769,0.5673793382251019,0.7895676741144446,6,2,3.765168042394364,2
User_944,Chevy Bolt,75.0,Station_166,Los Angeles,2024-02-09 07:00:00,2024-02-09 10:59:00,40.85727641136661,2.539533442160372,6.498801921119486,35.751666949674274,Morning,Tuesday,13.959547122719016,64.56353579175058,33.990276159224905,3.3129340256379187,1.0,Dc Fast Charger,Long-Distance Traveler,0,0,50.603988669031565,16.088497096777537,0.875037939135073,0.5447636854848882,7,2,0.8319271166535396,3
User_945,Chevy Bolt,62.0,Station_171,Los Angeles,2024-02-09 08:00:00,2024-02-09 11:24:00,56.06964024826272,3.590900004760119,47.96329395566978,37.30963117692004,Morning,Monday,38.2703909545761,40.62863808269988,219.2441197239257,-5.191914818453904,4.0,Level 2,Commuter,0,0,2.3582471281237787,15.614369705070168,0.6654159186989979,0.904349036262302,8,2,3.910210922580671,2
User_946,Chevy Bolt,62.0,Station_63,Chicago,2024-02-09 09:00:00,2024-02-09 10:07:00,78.23675255331868,3.816622733917169,16.394166206151134,17.72838397030106,Evening,Monday,75.67577259639745,85.2949905553163,46.83751016977072,37.87978079650087,6.0,Level 2,Long-Distance Traveler,0,0,9.619217958918853,20.498948417943534,0.22659917994703435,1.2618831056986883,9,2,0.5986637819335708,2
User_947,Nissan Leaf,50.0,Station_147,San Francisco,2024-02-09 10:00:00,2024-02-09 11:39:00,17.47337751568118,0.8345780770594409,25.79263544269118,13.853349796674976,Night,Saturday,64.00404985170908,93.61414444510086,167.68945879128847,9.462508078784246,5.0,Level 2,Commuter,0,1,29.61009459339178,20.936779908294522,0.7928261026949442,0.3494675503136236,10,2,9.596854336878973,2
User_948,Bmw I3,75.0,Station_484,Chicago,2024-02-09 11:00:00,2024-02-09 13:13:00,26.22106760279984,1.1138600482698042,29.5358934103807,33.15126795019424,Afternoon,Monday,45.5548487819631,63.62752663271483,30.1575860269307,35.50986903982761,0.0,Level 2,Long-Distance Traveler,0,0,18.07267785075173,23.540720078370615,1.2642989390201032,0.3496142347039979,11,2,1.150128075780962,2
User_949,Hyundai Kona,50.0,Station_306,San Francisco,2024-02-09 12:00:00,2024-02-09 15:53:00,70.09733350116187,3.6169290206931297,11.681362395611878,15.918250321503562,Evening,Thursday,55.56943740686081,60.11586883096487,165.1411875837907,-5.445961361465914,4.794491816502947,Level 2,Casual Driver,0,0,4.546431424104064,19.38034534272635,0.22708781527673538,1.4019466700232375,12,2,2.3558840163449792,2
User_950,Tesla Model 3,100.0,Station_161,San Francisco,2024-02-09 13:00:00,2024-02-09 14:22:00,55.40858450740993,3.843501686006378,29.5983026669443,33.46392328926646,Morning,Wednesday,16.38207402475386,86.67837613254692,125.62406000098647,5.184691378606797,7.0,Level 1,Casual Driver,0,0,70.29630210779305,14.416172811669211,0.6039483518080352,0.5540858450740993,13,2,2.267230991692027,1
User_951,Bmw I3,62.0,Station_141,Houston,2024-02-09 14:00:00,2024-02-09 17:55:00,33.47231506142258,3.2985827797971496,43.48176399161749,33.63724165215696,Afternoon,Wednesday,76.46236262295349,81.41249704737655,27.77005155169898,8.656254905347547,6.0,Level 2,Long-Distance Traveler,0,0,4.950134424423055,10.147483721321372,1.0049272537747012,0.5398760493777836,14,2,0.8296423925485944,2
User_952,Chevy Bolt,50.0,Station_334,Los Angeles,2024-02-09 15:00:00,2024-02-09 18:21:00,53.57520170906194,0.8343746327657573,27.328398363692767,37.02202643795431,Evening,Tuesday,18.334245800640552,83.75053463404171,273.1191120294941,5.569659040875767,0.0,Level 1,Long-Distance Traveler,0,0,65.41628883340115,64.21000783721414,0.6910291563436567,1.071504034181239,15,2,5.097864372264183,1
User_953,Bmw I3,94.35817416504028,Station_97,Los Angeles,2024-02-09 16:00:00,2024-02-09 18:28:00,11.28842885033608,2.3928429886885234,6.335184959518231,16.38510149928975,Morning,Thursday,81.4838864423626,83.17300490648739,184.147163551874,23.15629505274996,4.0,Level 1,Long-Distance Traveler,0,0,1.689118464124789,4.717580260676893,1.4514953069666494,0.11963382028346246,16,2,16.312913514655456,1
User_954,Hyundai Kona,85.0,Station_446,San Francisco,2024-02-09 17:00:00,2024-02-09 18:43:00,6.269100759870733,1.081960289337379,14.86299534511134,11.243078221696017,Afternoon,Wednesday,12.439951171830508,64.03943994628295,195.20100122016925,2.8825596212513496,2.6476551202687344,Level 1,Long-Distance Traveler,0,0,51.599488774452446,5.794205962688424,1.7934116314837865,0.07375412658671451,17,2,31.137001732317703,1
User_955,Tesla Model 3,75.0,Station_221,Los Angeles,2024-02-09 18:00:00,2024-02-09 19:23:00,42.95272026706106,1.614998982232772,9.873961584874488,16.52504408440148,Evening,Tuesday,61.34886230104159,77.18551316805166,40.74108231865663,3.73369637524237,2.0,Level 1,Long-Distance Traveler,0,0,15.836650867010064,26.596128381256296,0.38472636847342956,0.5727029368941475,18,2,0.948509944547087,1
User_956,Tesla Model 3,75.0,Station_43,New York,2024-02-09 19:00:00,2024-02-09 19:49:00,43.24493715557364,3.1965323284374243,13.109736836228274,26.873723098262555,Afternoon,Friday,27.776033046086788,52.49968087524582,187.42725560551787,20.0042055952085,7.0,Dc Fast Charger,Casual Driver,0,0,24.723647829159034,13.528703204673441,0.621430504143973,0.5765991620743152,19,2,4.334085512282014,3
User_957,Hyundai Kona,140.5136826125489,Station_433,San Francisco,2024-02-09 20:00:00,2024-02-09 21:48:00,12.442167206200743,2.922629067403097,41.66867825242623,18.795466304688105,Morning,Wednesday,35.46639266915101,85.90345513485525,168.21674482779994,-9.113062954570749,5.0,Level 1,Long-Distance Traveler,0,0,50.43706246570424,4.257183145467117,1.5106264040014747,0.08854772698904104,20,2,13.519891031842633,1
User_958,Hyundai Kona,100.0,Station_292,Los Angeles,2024-02-09 21:00:00,2024-02-09 22:00:00,29.18339676386404,3.0992111138460023,5.365145089951124,31.66548968838087,Evening,Saturday,58.86552427138545,59.86044199141078,247.4302898854297,9.01565552177644,3.2208180799938284,Dc Fast Charger,Commuter,1,1,0.9949177200253274,9.416395234737191,1.0850515429920842,0.2918339676386404,21,2,8.47846095118739,3
User_959,Chevy Bolt,100.0,Station_378,New York,2024-02-09 22:00:00,2024-02-10 00:44:00,74.18267082528274,1.0668374057648584,19.43713227241471,22.261768034475413,Morning,Wednesday,76.20017926413267,93.64562570817117,119.34136062711848,26.653568508375912,6.377300138861433,Dc Fast Charger,Casual Driver,0,0,17.445446444038495,69.53512355718182,0.3000939139399146,0.7418267082528274,22,2,1.6087498508673925,3
User_960,Tesla Model 3,100.0,Station_108,Houston,2024-02-09 23:00:00,2024-02-10 00:27:00,72.08924276832295,2.496163491704368,7.494575511011551,20.2886237220764,Night,Friday,22.9005078019988,94.2082551923395,87.67871773454391,3.9270317882741193,4.0,Level 1,Long-Distance Traveler,0,0,71.3077473903407,28.880016476445128,0.28143760348931723,0.7208924276832295,23,2,1.2162524444364284,1
User_961,Bmw I3,75.0,Station_266,Los Angeles,2024-02-10 00:00:00,2024-02-10 02:14:00,25.32972426052728,1.7427239865770945,29.146260753872603,16.592928070323723,Night,Friday,17.39679727382058,70.36785122188101,32.91297835998529,6.316303249641685,3.0,Level 2,Commuter,0,0,52.97105394806043,14.534558803128487,0.6550773273194058,0.3377296568070304,0,2,1.2993816285349549,2
User_962,Nissan Leaf,85.0,Station_95,New York,2024-02-10 01:00:00,2024-02-10 01:39:00,58.50930203255331,1.6089128439711164,19.89667188726539,30.093659552004752,Afternoon,Wednesday,74.91089788703967,80.2270613305852,111.4645266619131,21.77882686872875,4.0,Level 2,Casual Driver,0,0,5.316163443545534,36.36573743058743,0.5143397461015907,0.6883447297947448,1,2,1.9050736000900617,2
User_963,Nissan Leaf,85.0,Station_262,Chicago,2024-02-10 02:00:00,2024-02-10 02:39:00,76.57770216711769,1.80959882757053,28.359489354784053,9.014286224017404,Night,Friday,65.88306142647487,68.52902554506932,196.799994992825,28.21004844258821,2.0,Level 1,Commuter,1,0,2.645964118594449,42.31750208963541,0.11771424277455167,0.9009141431425611,2,2,2.569938629959708,1
User_964,Hyundai Kona,75.0,Station_313,Chicago,2024-02-10 03:00:00,2024-02-10 04:08:00,32.02408532686721,1.2878208260813808,37.868282872164,22.47283042066307,Morning,Tuesday,70.42719826843793,87.6675011896267,105.95721261750602,-2.484196543850139,5.0,Level 1,Long-Distance Traveler,0,0,17.24030292118877,24.866879521051885,0.7017477686336623,0.4269878043582294,3,2,3.308672567413228,1
User_965,Chevy Bolt,100.0,Station_385,New York,2024-02-10 04:00:00,2024-02-10 07:05:00,63.43204575363278,2.7468779364385645,18.59404896023581,19.849165227000125,Afternoon,Wednesday,81.91585484648354,90.06007049634754,161.19607009381224,-0.6996883533243974,6.0,Dc Fast Charger,Commuter,0,0,8.144215649863995,23.092415178766526,0.3129201492900512,0.6343204575363278,4,2,2.541240286020264,3
User_966,Nissan Leaf,78.20507692637582,Station_71,San Francisco,2024-02-10 05:00:00,2024-02-10 08:07:00,8.259211353059325,0.9277405425487856,39.03935628043056,14.439526783598932,Evening,Wednesday,65.25148905116008,98.51217259520983,161.19607009381224,-3.200317458207632,4.0,Dc Fast Charger,Commuter,0,0,33.260683544049755,8.902501264382343,1.7482936525471449,0.10560965704099683,5,2,19.517126176230253,3
User_967,Tesla Model 3,62.0,Station_442,San Francisco,2024-02-10 06:00:00,2024-02-10 07:06:00,65.03081468702587,2.243740903492853,38.775620008365,22.15968713182359,Morning,Monday,61.33155976729762,66.03455228463187,185.22048698016,-4.851715656125184,3.0,Level 2,Casual Driver,0,0,4.702992517334252,28.983210399111492,0.34075672030977355,1.048884107855256,6,2,2.8481957033995586,2
User_968,Hyundai Kona,85.0,Station_219,Los Angeles,2024-02-10 07:00:00,2024-02-10 09:28:00,39.18998751353248,2.7285229579773715,19.260045839091497,27.6294122920058,Evening,Saturday,16.99015327254326,86.17556795149068,85.42717691725181,32.8255992419043,5.0,Dc Fast Charger,Commuter,0,1,69.18541467894741,14.363077795974878,0.7050120207990687,0.4610586766297939,7,2,2.1798214885307994,3
User_969,Bmw I3,100.0,Station_21,Chicago,2024-02-10 08:00:00,2024-02-10 09:36:00,79.3573768668566,3.365992362670763,12.795542776205028,17.50476255364154,Evening,Wednesday,28.92874740727782,89.16066921831944,222.15898643906212,24.910424822617003,7.0,Dc Fast Charger,Commuter,0,0,60.231921811041616,23.576220120680873,0.22058141592823186,0.793573768668566,8,2,2.7994749223099165,3
User_970,Hyundai Kona,62.0,Station_92,San Francisco,2024-02-10 09:00:00,2024-02-10 10:12:00,76.66382798129307,4.189681044262882,14.225154049615949,37.128669324547474,Evening,Sunday,35.73213906423297,84.32791319860702,284.28529630185744,26.596317875349683,0.0,Level 1,Casual Driver,0,1,48.595774134374054,18.298249239347776,0.4843049232241225,1.2365133545369849,9,2,3.708206383474963,1
User_971,Bmw I3,50.0,Station_127,San Francisco,2024-02-10 10:00:00,2024-02-10 13:56:00,54.31762293384593,3.678719663093883,34.08989660984318,34.42250306706244,Evening,Monday,11.573007198070542,82.60183016968261,119.0242607820041,-4.197269059879591,5.0,Dc Fast Charger,Long-Distance Traveler,0,0,71.02882297161207,14.765360752758104,0.6337262421992584,1.0863524586769187,10,2,2.1912641671923887,3
User_972,Hyundai Kona,50.0,Station_80,Chicago,2024-02-10 11:00:00,2024-02-10 12:21:00,31.55147285240084,3.333534557949501,38.11018090389658,36.80516248052186,Morning,Friday,78.97978953798717,89.77926783910603,161.19607009381224,46.801341729157656,3.0,Dc Fast Charger,Commuter,0,0,10.799478301118853,9.46487048624105,1.1665117077956395,0.6310294570480167,11,2,5.108987173051935,3
User_973,Hyundai Kona,50.0,Station_312,Houston,2024-02-10 12:00:00,2024-02-10 14:10:00,45.81366156734756,3.4441791955691783,17.354640600950866,7.400772164276351,Night,Saturday,68.4341184931085,86.79517154359726,235.8378260434116,28.43121149441489,0.0,Dc Fast Charger,Long-Distance Traveler,0,1,18.361053050488763,13.30176479385431,0.16154072630490313,0.9162732313469512,12,2,5.147761998824792,3
User_974,Hyundai Kona,100.0,Station_238,San Francisco,2024-02-10 13:00:00,2024-02-10 14:25:00,60.38629791395793,3.4602596335154057,8.658326061789474,25.99392992747087,Morning,Saturday,64.07772203130133,83.38433428849228,225.1572217966942,22.61348345125501,6.0,Level 2,Casual Driver,0,1,19.30661225719095,17.45137773162104,0.43046073075234054,0.6038629791395793,13,2,3.7286144303383506,2
User_975,Bmw I3,100.0,Station_471,New York,2024-02-10 14:00:00,2024-02-10 15:45:00,32.598880789009,2.386367417747474,41.21937464677459,38.58740741179557,Night,Friday,59.28849653623039,75.733176937099,240.3066830315123,37.06659942025868,6.0,Level 1,Long-Distance Traveler,0,0,16.444680400868613,13.66046173215839,1.183703442506089,0.32598880789009,14,2,7.371623724963398,1
User_976,Bmw I3,100.0,Station_372,Los Angeles,2024-02-10 15:00:00,2024-02-10 16:37:00,0.0457718422773702,2.0430838416650303,5.44374481066405,29.969667131523508,Evening,Tuesday,60.18022304149606,84.29906796466211,272.91776838023407,-0.1350580050764129,4.0,Level 2,Commuter,0,0,24.11884492316605,0.022403310791234105,654.7620904116555,0.00045771842277370203,15,2,5962.569011891527,2
User_977,Hyundai Kona,101.8798726801754,Station_404,San Francisco,2024-02-10 16:00:00,2024-02-10 18:46:00,53.39896875032125,3.2439420776713943,40.57558754811164,21.94185917032725,Night,Monday,33.82915897800707,95.04055604726486,145.84906823716315,27.89850262303308,4.186588285182931,Level 1,Commuter,0,0,61.211397069257785,16.461135085572412,0.4109041744405456,0.5241365869974438,16,2,2.731308705962336,1
User_978,Nissan Leaf,62.0,Station_486,San Francisco,2024-02-10 17:00:00,2024-02-10 19:15:00,73.45257577678328,3.64455936950464,15.4157930600366,14.8890202283604,Evening,Wednesday,17.428986745060058,87.44489783039378,183.9880528860176,37.30680829588688,4.0,Level 1,Long-Distance Traveler,0,0,70.01591108533373,20.154034638971126,0.20270249301545237,1.1847189641416658,17,2,2.504855016182729,1
User_979,Chevy Bolt,62.0,Station_182,Houston,2024-02-10 18:00:00,2024-02-10 20:34:00,75.52338506958138,3.3269171700461,24.890919200595857,10.102581232719707,Afternoon,Monday,70.70118042446026,82.54484839850262,125.5393819263934,0.5816117003472154,2.0,Dc Fast Charger,Long-Distance Traveler,1,0,11.843667974042361,22.700710961353714,0.1337675903087762,1.218119114025506,18,2,1.662258409242795,3
User_980,Chevy Bolt,75.0,Station_25,New York,2024-02-10 19:00:00,2024-02-10 21:01:00,46.09404918662695,2.5545905867681693,47.55153798633232,30.97570019697645,Evening,Friday,11.928988763826078,96.68803418939208,293.29145985965573,-7.7860553694441315,2.0,Level 2,Commuter,0,0,84.759045425566,18.04361506120668,0.6720108288070141,0.6145873224883593,19,2,6.362892066005497,2
User_981,Chevy Bolt,50.0,Station_156,Los Angeles,2024-02-10 20:00:00,2024-02-10 20:52:00,65.03863434488625,3.4585083780704537,25.89338081006577,6.822729504229804,Night,Friday,20.322311747125468,72.49386583777576,229.8469319667132,20.2279378845906,7.0,Level 2,Casual Driver,0,0,52.17155409065029,18.805400257891563,0.10490271779155601,1.300772686897725,20,2,3.5340061223900108,2
User_982,Bmw I3,85.0,Station_5,San Francisco,2024-02-10 21:00:00,2024-02-11 00:40:00,63.991170227375775,3.2737059775809283,42.39327710410479,34.008504654913,Afternoon,Sunday,38.32835573102604,77.07377878168418,191.76655201724884,21.30411003123327,6.0,Dc Fast Charger,Commuter,0,1,38.74542305065814,19.547012060826976,0.5314562076935416,0.7528372967926562,21,2,2.9967658246576345,3
User_983,Bmw I3,104.000273060206,Station_120,Los Angeles,2024-02-10 22:00:00,2024-02-11 00:18:00,65.93421330641783,3.303450539696576,38.53754360884597,11.902069959786164,Afternoon,Tuesday,19.68030005024848,54.407086555155765,38.46487944542493,-9.603661066589568,7.0,Level 2,Commuter,0,0,34.72678650490728,19.959194943016744,0.18051432424731234,0.6339811556864698,22,2,0.5833827009759874,2
User_984,Nissan Leaf,75.0,Station_277,Chicago,2024-02-10 23:00:00,2024-02-11 00:30:00,26.75691987130609,0.1653938787380431,6.239252739553471,9.580137321363118,Evening,Saturday,66.7905157286936,91.0452914350937,77.15463655728422,23.120492617638803,2.0,Level 1,Long-Distance Traveler,0,1,24.254775706400096,161.77696584336522,0.35804335354895545,0.3567589316174145,23,2,2.8835395452233743,1
User_985,Chevy Bolt,62.0,Station_18,San Francisco,2024-02-11 00:00:00,2024-02-11 03:17:00,8.823831028083502,3.394938347975785,24.845842089870604,22.208705251796097,Morning,Saturday,48.18912195073626,50.21731519038062,78.59818077189941,7.671514914494146,2.0,Level 1,Commuter,0,1,2.0281932396443594,2.5991137757611025,2.5169005595316496,0.14231985529166938,0,2,8.907489334479084,1
User_986,Chevy Bolt,100.0,Station_431,San Francisco,2024-02-11 01:00:00,2024-02-11 02:13:00,73.78086491491091,3.8052322921511257,46.80571252211528,13.465962679397563,Night,Friday,50.13370089419836,87.3185327229395,16.726747849968987,36.6709655813608,6.0,Level 1,Long-Distance Traveler,1,0,37.18483182874113,19.38931956062058,0.1825129414642594,0.737808649149109,1,2,0.22670848151833686,1
User_987,Hyundai Kona,62.0,Station_198,Chicago,2024-02-11 02:00:00,2024-02-11 05:01:00,26.510946858011508,3.148586773824696,28.53131850003748,10.128403692347904,Afternoon,Monday,65.58060133714983,76.29116197989212,292.32106847912405,14.418684135818658,0.0,Dc Fast Charger,Casual Driver,0,0,10.710560642742294,8.419951159804864,0.38204609388695365,0.42759591706470174,2,2,11.026428819941817,3
User_988,Bmw I3,100.0,Station_57,Houston,2024-02-11 03:00:00,2024-02-11 06:28:00,77.63851676623986,3.577530942531314,8.125454971256818,33.52441775674893,Morning,Saturday,23.24454736787144,94.69156133251312,67.03337523282886,-3.3862931111228143,7.0,Level 2,Commuter,0,1,71.44701396464168,21.701703776545404,0.4318013680978332,0.7763851676623986,3,2,0.8634036046136508,2
User_989,Chevy Bolt,100.0,Station_93,San Francisco,2024-02-11 04:00:00,2024-02-11 07:35:00,78.13016919490377,3.3707680458935494,3.984866071006567,9.48731331959088,Evening,Sunday,57.11198523848862,66.24176289035326,115.00281456100863,13.29560813768044,10.634574407416032,Level 1,Casual Driver,0,1,9.129777651864636,23.178743874140537,0.12142957601850059,0.7813016919490378,4,2,1.4719386345385,1
User_990,Nissan Leaf,91.92323205405889,Station_19,Los Angeles,2024-02-11 05:00:00,2024-02-11 08:10:00,5.602389790671721,3.2474971104825423,16.323426565043984,30.14974461640369,Evening,Sunday,43.65117260522543,58.44514370032261,54.31966216405416,-0.749512869450399,3.0,Dc Fast Charger,Casual Driver,0,1,14.793971095097177,1.7251408084668833,5.381586384189945,0.06094639696064023,5,2,9.695802004797901,3
User_991,Nissan Leaf,85.0,Station_384,New York,2024-02-11 06:00:00,2024-02-11 06:45:00,20.09377734133772,1.1522928608565994,46.35099882248561,22.70277601585436,Evening,Wednesday,18.696751984011428,97.36484816964293,68.59337619081128,28.69743344654665,3.0,Level 1,Commuter,0,0,78.6680961856315,17.438081952881554,1.1298411259464542,0.2363973804863261,6,2,3.4136625994007734,1
User_992,Chevy Bolt,100.0,Station_353,Los Angeles,2024-02-11 07:00:00,2024-02-11 07:51:00,40.27604440348503,1.2233552822617653,3.827057840993469,20.63337035614954,Evening,Wednesday,82.21746679952676,89.20784953728413,23.2274695958545,22.79322070574464,7.0,Level 1,Long-Distance Traveler,1,0,6.990382737757372,32.92260636584805,0.5122988282921886,0.4027604440348503,7,2,0.5767068226254279,1
User_993,Bmw I3,75.0,Station_193,Houston,2024-02-11 08:00:00,2024-02-11 09:26:00,53.95698169820941,3.737052894016936,17.874744589794915,14.88744925604982,Night,Monday,89.97564874838083,95.03577021009548,17.094461724531058,6.800062381671708,2.0,Level 2,Long-Distance Traveler,0,0,5.060121461714644,14.438377841693157,0.2759133069992287,0.7194264226427921,8,2,0.31681649318605876,2
User_994,Nissan Leaf,62.0,Station_237,New York,2024-02-11 09:00:00,2024-02-11 10:31:00,60.61379392452427,3.0746734221595973,20.91795172247681,12.5081955484105,Afternoon,Tuesday,54.46997534613716,78.51051530366115,103.50936658754247,32.52462890743878,4.0,Dc Fast Charger,Commuter,0,0,24.04053995752399,19.713896600423404,0.20635889520437523,0.977641837492327,9,2,1.7076866482971083,3
User_995,Hyundai Kona,75.0,Station_387,Los Angeles,2024-02-11 10:00:00,2024-02-11 12:16:00,63.30842211900583,3.8048289639024975,6.452270808883824,25.094273282090768,Night,Wednesday,59.29101877595426,84.99521399071405,170.1479702664298,27.576695560235585,5.0,Level 1,Long-Distance Traveler,1,0,25.704195214759793,16.638966618376536,0.39638127822739105,0.8441122949200778,10,2,2.68760402757455,1
User_996,Nissan Leaf,75.0,Station_426,Los Angeles,2024-02-11 11:00:00,2024-02-11 14:59:00,38.60563636862258,0.8730910744027252,33.68293022414009,33.724529270012226,Afternoon,Monday,33.74868999728057,70.86209993313832,223.2968421241796,-2.7810148317137484,5.0,Level 1,Long-Distance Traveler,0,0,37.11340993585775,44.21719279976879,0.8735649102632703,0.514741818248301,11,2,5.784047696871229,1
User_997,Tesla Model 3,62.0,Station_277,Chicago,2024-02-11 12:00:00,2024-02-11 13:40:00,65.60582507754691,3.942321823588556,7.330086292613371,21.663312566362286,Morning,Monday,17.409983974225376,91.29622820100433,81.04832191522404,1.8473705522469888,5.0,Dc Fast Charger,Casual Driver,0,0,73.88624422677896,16.64141792915025,0.33020410216251345,1.0581584689926922,12,2,1.2353830139232895,3
User_998,Tesla Model 3,85.0,Station_227,Houston,2024-02-11 13:00:00,2024-02-11 14:59:00,46.61987332807575,1.5627877600816036,7.38868633786724,16.706821284341984,Morning,Friday,59.04290082900266,70.09449291993268,210.7494443666301,-0.4607568221114935,5.0,Dc Fast Charger,Long-Distance Traveler,1,0,11.051592090930015,29.83122501909115,0.3583626486235149,0.5484690979773618,13,2,4.520592385215922,3
User_999,Bmw I3,188.634964592257,Station_233,Chicago,2024-02-11 14:00:00,2024-02-11 15:41:00,49.363214910123695,1.226170646797648,2.2461345077917296,25.569816048315246,Afternoon,Saturday,33.053741323794696,53.8698231887537,60.01452138704593,-6.553346941294854,1.0,Level 2,Long-Distance Traveler,0,1,20.816081864959003,40.25803018449681,0.5179933295444913,0.2616864536053775,14,2,1.2157741649589724,2
User_1000,Chevy Bolt,100.0,Station_40,New York,2024-02-11 15:00:00,2024-02-11 16:39:00,24.87454059878397,0.9271524671043444,11.441407583369728,19.970393037401173,Evening,Friday,33.94560873113889,58.13513510158474,60.81189003851615,7.879043434779273,7.0,Level 1,Commuter,0,0,24.189526370445847,26.82896447061335,0.8028446980997694,0.2487454059878397,15,2,2.444744247517441,1
User_1001,Bmw I3,62.0,Station_323,Chicago,2024-02-11 16:00:00,2024-02-11 16:59:00,54.36218573947502,1.925077717311921,36.36127862677181,26.478708183691342,Morning,Saturday,46.38733766985727,77.34027871043172,294.4762263745805,31.4781936755052,7.0,Level 2,Casual Driver,0,1,30.95294104057445,28.23895640711252,0.48707953559092954,0.8768094474108874,16,2,5.416931316666082,2
User_1002,Bmw I3,50.0,Station_153,Houston,2024-02-11 17:00:00,2024-02-11 19:12:00,6.443672288667047,2.6345294176538347,14.992418440021032,8.85537738528694,Night,Tuesday,81.59731029150917,84.92637814847063,11.742221498100374,-4.27530532725275,7.0,Level 1,Long-Distance Traveler,0,0,3.3290678569614585,2.445853231126727,1.3742749458040462,0.12887344577334095,17,2,1.822287194640899,1
User_1003,Bmw I3,75.0,Station_127,San Francisco,2024-02-11 18:00:00,2024-02-11 21:00:00,28.215649389656605,2.40680692396592,23.693078848689176,26.55168286855564,Afternoon,Tuesday,18.51710428701412,86.57990242690329,293.58197659030856,28.84399132152869,1.0389732985088886,Level 2,Commuter,0,0,68.06279813988917,11.72327082355366,0.941026821742726,0.37620865852875474,18,2,10.404934245388338,2
User_1004,Bmw I3,75.0,Station_237,San Francisco,2024-02-11 19:00:00,2024-02-11 20:01:00,42.2855347814151,2.711851128865101,19.16718327808918,12.96377159430414,Morning,Tuesday,89.03952891250614,98.83105506756796,52.38329858962317,37.90202120519155,5.0,Level 1,Long-Distance Traveler,0,0,9.791526155061817,15.592867296926963,0.30657698102476977,0.563807130418868,19,2,1.2387994821492985,1
User_1005,Hyundai Kona,85.0,Station_486,New York,2024-02-11 20:00:00,2024-02-11 21:55:00,76.1733008089697,1.5060998972642905,28.587452781207983,17.683770820483392,Afternoon,Monday,56.06768463228563,93.03849523640392,369.85352357458913,18.045096071792507,0.0,Dc Fast Charger,Casual Driver,0,0,36.970810604118284,50.57652613039306,0.23215182528103154,0.8961564801055258,20,2,4.855422039568981,3
User_1006,Hyundai Kona,75.0,Station_493,San Francisco,2024-02-11 21:00:00,2024-02-11 22:26:00,34.99715934379533,0.7869547856185278,20.394976393778617,8.163073829036938,Evening,Monday,67.94804573171436,68.91614283358405,283.04991635004365,36.23500791319978,3.30440809594731,Level 2,Casual Driver,1,0,0.968097101869688,44.47162655766607,0.23324961174267916,0.4666287912506044,21,2,8.08779688572712,2
User_1007,Nissan Leaf,75.0,Station_55,Chicago,2024-02-11 22:00:00,2024-02-12 00:18:00,26.509679689140484,2.1900500909468525,26.13523981227178,24.68663674074483,Afternoon,Friday,69.67340887703197,79.50037016517598,14.448391031296484,3.478471588467155,2.0,Dc Fast Charger,Casual Driver,0,0,9.826961288144005,12.104599706977119,0.9312310458001327,0.35346239585520645,22,2,0.5450232217334249,3
User_1008,Tesla Model 3,50.0,Station_468,New York,2024-02-11 23:00:00,2024-02-11 23:38:00,34.95512440558501,1.6847005049924406,12.02937482597922,9.964164321436323,Morning,Wednesday,65.08674311260134,78.37929074218383,262.09152432590065,4.945602060220825,1.0580566671707403,Level 1,Casual Driver,0,0,13.292547629582486,20.748568841760903,0.2850558964065447,0.6991024881117002,23,2,7.497942827633723,1
User_1009,Bmw I3,50.0,Station_436,Houston,2024-02-12 00:00:00,2024-02-12 01:00:00,62.0462303749696,0.9227646505635444,18.562655792808293,37.54757320064963,Afternoon,Sunday,77.93392383324964,88.39122579769648,43.027865145970566,-0.9664435909539096,5.0,Dc Fast Charger,Casual Driver,1,1,10.457301964446842,67.23949637329211,0.6051547849681597,1.240924607499392,0,2,0.693480730189995,3
User_1010,Nissan Leaf,50.0,Station_172,New York,2024-02-12 01:00:00,2024-02-12 02:40:00,69.8745479772151,2.0146280418884985,16.510459616824008,6.585619842140901,Morning,Saturday,40.28184347706025,72.00903871751785,245.0759176334213,2.7730014481747194,4.0,Level 2,Casual Driver,0,1,31.727195240457604,34.68359743057839,0.09424919420284994,1.3974909595443021,1,2,3.5073703476884943,2
User_1011,Tesla Model 3,100.0,Station_109,New York,2024-02-12 02:00:00,2024-02-12 04:46:00,10.43167346455136,3.313162432081679,31.39207659559448,38.60614035514166,Morning,Saturday,47.66326224337725,72.19157526460326,227.13883935809403,5.443960406317798,7.0,Level 2,Commuter,0,1,24.528313021226012,3.148554795726414,3.700857823659075,0.1043167346455136,2,2,21.773959866549824,2
User_1012,Chevy Bolt,50.0,Station_354,Los Angeles,2024-02-12 03:00:00,2024-02-12 03:42:00,46.53802191715521,3.427368711002069,7.195331905849656,34.71146140940483,Morning,Tuesday,78.59233355708729,82.77998846130095,150.652430198049,29.37384640167033,3.0,Dc Fast Charger,Casual Driver,0,0,4.187654904213659,13.57835291188988,0.7458731587517092,0.9307604383431043,3,2,3.237190236968673,3
User_1013,Hyundai Kona,50.0,Station_469,Los Angeles,2024-02-12 04:00:00,2024-02-12 07:35:00,53.20639354696602,3.949096248516374,47.633710498339866,33.42375184387551,Night,Saturday,82.90492657405008,91.6032987741045,146.68151168087584,11.393724185781725,2.0,Level 1,Long-Distance Traveler,0,1,8.698372200054422,13.473055655950395,0.6281905165094849,1.0641278709393205,4,2,2.7568399566754707,1
User_1014,Tesla Model 3,62.0,Station_184,New York,2024-02-12 05:00:00,2024-02-12 07:40:00,46.09404918662695,1.0886677454988911,43.48715172310706,21.46562098557709,Evening,Thursday,30.427474892039264,87.87726917429035,271.74834352573976,-9.554706672418003,4.0,Level 2,Long-Distance Traveler,0,0,57.449794282251084,42.33986850184853,0.4656918054360217,0.7434524062359185,5,2,5.895519016467333,2
User_1015,Chevy Bolt,50.0,Station_439,San Francisco,2024-02-12 06:00:00,2024-02-12 07:04:00,26.967931002629683,2.735253160120939,15.822164791755156,28.822012047316072,Evening,Tuesday,71.87974605129378,94.0055082486268,114.81643298894608,39.774029896087946,6.0,Level 1,Long-Distance Traveler,0,0,22.125762197333017,9.859391224115175,1.0687513270671596,0.5393586200525937,6,2,4.257517307417842,1
User_1016,Tesla Model 3,62.0,Station_368,Los Angeles,2024-02-12 07:00:00,2024-02-12 07:50:00,68.51919496631803,2.362047175321772,48.5891782123757,33.00482798343796,Afternoon,Sunday,68.4597533477996,92.96713396760146,77.70809038327954,-2.2696791129201275,2.0,Level 2,Long-Distance Traveler,0,1,24.50738061980185,29.00839393988138,0.4816873286334164,1.1051483059083553,7,2,1.134106879415009,2
User_1017,Hyundai Kona,100.0,Station_471,Houston,2024-02-12 08:00:00,2024-02-12 09:33:00,71.7085068763758,5.444091595791992,38.79607655154279,37.0958488332243,Afternoon,Saturday,12.22342319736624,77.413347343374,181.08912606726616,2.616126227153474,7.0,Level 1,Casual Driver,0,1,65.18992414600775,13.171803893197325,0.517314478422719,0.7170850687637579,8,2,2.5253506725423893,1
User_1018,Hyundai Kona,50.0,Station_198,Chicago,2024-02-12 09:00:00,2024-02-12 11:04:00,79.24854612418856,1.7737185188156643,33.00513137989047,13.89096924040641,Morning,Friday,51.37788920930001,73.60900224029965,252.8396285449158,12.536190169540204,0.8143144920347289,Level 1,Casual Driver,0,0,22.231113030999637,44.679324979424514,0.17528358461792085,1.5849709224837714,9,2,3.1904639379591475,1
User_1019,Nissan Leaf,157.57577887628838,Station_371,Los Angeles,2024-02-12 10:00:00,2024-02-12 13:29:00,34.14920011576352,3.975565377243093,48.766303687005376,13.077917921312975,Evening,Saturday,33.90897268213148,92.7547018376424,257.46375202300203,19.73089265455248,5.0,Dc Fast Charger,Commuter,0,1,58.845729155510924,8.589771988467392,0.38296410683060517,0.21671604836282493,10,2,7.53937870141078,3
User_1020,Bmw I3,86.09247991035157,Station_373,New York,2024-02-12 11:00:00,2024-02-12 12:03:00,66.70625110738425,2.8343115681998023,25.290644953249668,9.1568594529217,Afternoon,Monday,44.01342983894161,99.68968983185609,142.0756471546524,31.48873207120465,6.0,Level 1,Casual Driver,0,0,55.676259992914474,23.535256975912624,0.13727138462901947,0.7748208807185683,11,2,2.1298700615919475,1
User_1021,Tesla Model 3,62.0,Station_461,San Francisco,2024-02-12 12:00:00,2024-02-12 14:30:00,30.773548133404887,3.0979140825176104,49.75179689755983,13.851369572162998,Afternoon,Friday,2.481152833456981,83.48486936458664,234.74660372234828,12.807352549919983,1.0,Level 2,Long-Distance Traveler,0,0,81.00371653112967,9.933635121473694,0.4501063547211589,0.4963475505387885,12,2,7.628194275964211,2
User_1022,Tesla Model 3,50.0,Station_497,Chicago,2024-02-12 13:00:00,2024-02-12 16:12:00,24.155781563888247,2.302711210152544,4.78414666269556,13.896407311553824,Evening,Friday,47.690745477713776,75.97116089477203,289.84699681052945,23.40301453494812,0.0,Dc Fast Charger,Commuter,0,0,28.28041541705825,10.49014807301348,0.5752828686084949,0.48311563127776497,13,2,11.999073432748581,3
User_1023,Chevy Bolt,62.0,Station_87,Los Angeles,2024-02-12 14:00:00,2024-02-12 14:44:00,10.347606688667652,3.3184757486494423,9.391635794111917,39.77677752374113,Morning,Friday,42.655342541761705,79.51109044035044,40.13576622891059,37.462706490839466,7.0,Level 2,Commuter,0,0,36.85574789858874,3.1181805962809688,3.8440558015510304,0.1668968820752847,14,2,3.8787487229163746,2
User_1024,Hyundai Kona,62.0,Station_201,San Francisco,2024-02-12 15:00:00,2024-02-12 17:29:00,26.30453465597864,3.584508026255726,49.88918287588557,9.562222233186938,Afternoon,Thursday,52.29889078362029,71.43642102852772,97.81842384060884,31.42190013718612,3.0,Dc Fast Charger,Commuter,0,0,19.13753024490743,7.338394687165926,0.36351991617588203,0.42426668799965545,15,2,3.718690526934531,3
User_1025,Tesla Model 3,85.0,Station_337,San Francisco,2024-02-12 16:00:00,2024-02-12 18:05:00,26.730320039666697,0.6687078471604287,12.953727651636695,26.76438552729068,Morning,Thursday,83.74328834590922,88.14544588814516,131.3975209739695,-4.604987942538754,1.0,Dc Fast Charger,Commuter,0,0,4.4021575422359405,39.97309161717354,1.0012744137583625,0.3144743534078435,16,2,4.915673317004098,3
User_1026,Hyundai Kona,50.0,Station_322,San Francisco,2024-02-12 17:00:00,2024-02-12 17:35:00,48.61478557078329,3.691287395654341,22.068883731114205,31.499661710143023,Evening,Saturday,23.03568088220334,82.44163028037494,50.1344443370103,11.908733692048816,0.0,Level 1,Casual Driver,1,1,59.4059493981716,13.170143735764452,0.6479440635252708,0.9722957114156658,17,2,1.0312591889151579,1
User_1027,Tesla Model 3,85.0,Station_275,New York,2024-02-12 18:00:00,2024-02-12 20:18:00,1.3302257390094765,1.3380403269013796,23.292885323425644,11.810863248824097,Evening,Tuesday,86.16287277426302,89.96604740046648,324.5247971919714,-3.943574146378939,0.0,Level 1,Commuter,0,0,3.8031746262034574,0.9941596768536864,8.878841314271064,0.015649714576582076,18,2,243.96219955390555,1
User_1028,Nissan Leaf,85.0,Station_211,Houston,2024-02-12 19:00:00,2024-02-12 21:06:00,44.01595165676219,1.3243102972703742,38.10527790601866,32.935373031196086,Afternoon,Saturday,73.34621767453042,78.15992983033394,78.1193777771749,5.879536154002451,5.0,Level 2,Casual Driver,0,1,4.813712155803515,33.236886964849894,0.7482599328540522,0.5178347253736728,19,2,1.7747969732962343,2
User_1029,Bmw I3,85.0,Station_391,San Francisco,2024-02-12 20:00:00,2024-02-12 21:01:00,18.433946311771635,1.6154592958648422,22.32469710701733,10.4061126193713,Afternoon,Saturday,53.517570863816445,95.64661186487156,104.375789483857,30.51992150615532,2.0,Level 2,Commuter,0,1,42.129041001055114,11.41096303630662,0.564508133167672,0.21686995660907807,20,2,5.662151105279298,2
User_1030,Tesla Model 3,62.0,Station_118,Chicago,2024-02-12 21:00:00,2024-02-13 00:29:00,37.70311871847127,2.734672708146337,34.72246309072786,24.67286655026255,Evening,Saturday,46.5621884016344,52.45722719775885,274.4585098167528,6.67276641361206,5.0,Level 1,Casual Driver,0,1,5.895038796124446,13.787068048822505,0.6543985587636542,0.6081148180398592,21,2,7.279464382406429,1
User_1031,Hyundai Kona,100.0,Station_191,Los Angeles,2024-02-12 22:00:00,2024-02-12 23:52:00,56.19836617198485,0.182479566999436,40.72369852949949,19.620836175531693,Morning,Sunday,56.02945617422336,65.41417061782558,39.67918932987936,34.05934132179261,1.0,Level 2,Casual Driver,0,1,9.384714443602213,307.9707339077506,0.3491353488015239,0.5619836617198485,22,2,0.7060559235556498,2
User_1032,Nissan Leaf,85.0,Station_42,Chicago,2024-02-12 23:00:00,2024-02-13 02:05:00,73.27597597314914,1.4872108780959543,23.324573102976085,23.61457791757127,Morning,Monday,21.88022093970054,78.60317582662809,157.31824017266305,31.147743770322947,7.0,Level 2,Long-Distance Traveler,1,0,56.72295488692755,49.270736956256584,0.3222690329805293,0.8620703055664605,23,2,2.146927940343093,2
User_1033,Tesla Model 3,100.0,Station_42,New York,2024-02-13 00:00:00,2024-02-13 02:27:00,76.89240009827725,7.635144759342236,10.446145756658929,39.79452835074204,Night,Friday,7.174271255012432,100.0,226.39489481465097,32.88270217309975,2.0,Level 1,Casual Driver,0,0,92.82572874498757,10.070850327257121,0.5175352609605124,0.7689240009827725,0,2,2.9443078187869345,1
User_1034,Chevy Bolt,75.0,Station_315,New York,2024-02-13 01:00:00,2024-02-13 04:41:00,23.92505033099207,1.628740264248428,42.92910573577623,21.828087774303864,Evening,Wednesday,52.63858939356436,69.67036362566304,219.7547159143093,38.26084883303293,1.0,Dc Fast Charger,Commuter,1,0,17.031774232098684,14.689297524078915,0.9123528465905946,0.31900067107989427,1,2,9.185130767714334,3
User_1035,Bmw I3,50.0,Station_276,Chicago,2024-02-13 02:00:00,2024-02-13 03:48:00,50.48944002879003,0.7201439016240072,42.7873881539225,15.838075793064563,Afternoon,Sunday,62.63636323265228,65.93591222057864,221.59178838790848,29.595187959640768,0.0,Level 1,Commuter,1,1,3.2995489879263644,70.1102097996394,0.3136908586039654,1.0097888005758007,2,2,4.388873955852009,1
User_1036,Tesla Model 3,60.65969098050447,Station_329,Houston,2024-02-13 03:00:00,2024-02-13 04:47:00,66.09153402649976,1.272887205572356,37.60056305645556,14.806468044597606,Evening,Tuesday,42.30136723646485,70.72631713302562,167.6635290519136,9.953924428737029,1.719888607934359,Level 2,Casual Driver,0,0,28.42494989656077,51.922537784313405,0.22402972275784783,1.0895461707469138,3,2,2.536838212662578,2
User_1037,Nissan Leaf,62.0,Station_17,New York,2024-02-13 04:00:00,2024-02-13 06:56:00,6.918423739637612,5.50549584194873,49.06109056457552,9.213901141845325,Afternoon,Tuesday,24.66584337799686,70.79175612164657,196.346641449111,26.20353851645544,1.0,Dc Fast Charger,Casual Driver,0,0,46.12591274364971,1.2566395358839761,1.3317919642672753,0.1115874796715744,4,2,28.380256665139687,3
User_1038,Chevy Bolt,100.0,Station_283,New York,2024-02-13 05:00:00,2024-02-13 07:16:00,42.2855347814151,1.5822270778526433,46.92222428796351,23.954339158165645,Morning,Friday,63.28981306801092,65.78901522891722,161.63644457813098,0.9698884242639014,3.0,Level 1,Casual Driver,1,0,2.4992021609063,26.725326202104892,0.5664901551320526,0.422855347814151,5,2,3.8224997132866285,1
User_1039,Nissan Leaf,85.0,Station_431,Chicago,2024-02-13 06:00:00,2024-02-13 08:35:00,61.03806279047378,1.9937683956108183,41.54944191942096,35.55107474861104,Afternoon,Tuesday,33.06564163338204,56.79590134724898,95.5285824624064,27.0555281487778,5.0,Dc Fast Charger,Casual Driver,0,0,23.730259713866936,30.614419871859756,0.5824410723952318,0.7180948563585151,6,2,1.5650657654442395,3
User_1040,Nissan Leaf,85.0,Station_258,New York,2024-02-13 07:00:00,2024-02-13 07:44:00,64.22961963559717,2.129584266932735,18.162629025176784,14.8310427813382,Night,Friday,83.32298244816201,83.79553659011722,171.2240953918582,14.38609315905826,2.0,Level 2,Long-Distance Traveler,0,0,0.4725541419552144,30.160637751192557,0.2309065952045367,0.755642583948202,7,2,2.665812071802506,2
User_1041,Chevy Bolt,50.0,Station_63,Houston,2024-02-13 08:00:00,2024-02-13 10:43:00,44.88676331081039,2.041257190991683,28.977394499900573,7.093616314970899,Morning,Tuesday,70.54283762212998,81.95826163628871,184.68996325710148,22.75372165005944,7.0,Dc Fast Charger,Long-Distance Traveler,1,0,11.41542401415873,21.98976371468581,0.15803358923102603,0.8977352662162077,8,2,4.1145752028999905,3
User_1042,Nissan Leaf,100.0,Station_62,Houston,2024-02-13 09:00:00,2024-02-13 10:42:00,58.94085857253415,3.2053484932274814,43.70221210436277,37.33339444852493,Night,Saturday,82.36033129744631,92.03577293542216,81.1829007361303,19.457576528230543,6.0,Level 2,Long-Distance Traveler,0,1,9.675441637975851,18.38828404994625,0.6334043200707958,0.5894085857253415,9,2,1.3773620320821172,2
User_1043,Chevy Bolt,109.79512826818667,Station_100,Houston,2024-02-13 10:00:00,2024-02-13 12:10:00,10.039817806428031,1.3029419693211222,24.845842089870604,26.59423983035405,Evening,Monday,35.98360523295467,70.68328883636845,81.8210812984393,35.14516183263936,2.0,Level 1,Long-Distance Traveler,0,0,34.699683603413774,7.7054988194594145,2.648876736919169,0.09144137781691618,10,2,8.149657979455867,1
User_1044,Tesla Model 3,100.0,Station_19,Los Angeles,2024-02-13 11:00:00,2024-02-13 13:07:00,17.53493129851908,3.7184560198464975,7.635488881129267,26.1161106411304,Afternoon,Sunday,73.00742421215116,89.91469896836313,89.80286253287949,-4.384463546384989,4.0,Dc Fast Charger,Long-Distance Traveler,1,1,16.90727475621196,4.715648431749623,1.489376273937044,0.1753493129851908,11,2,5.121369511180453,3
User_1045,Chevy Bolt,85.0,Station_17,Houston,2024-02-13 12:00:00,2024-02-13 15:15:00,29.758384839143087,2.1552441827737554,29.385047414670687,20.065330227901818,Morning,Sunday,10.813905445398316,36.548360117720776,51.20231810325872,-1.3533315020834618,1.0,Dc Fast Charger,Casual Driver,0,1,25.73445467232246,13.807430766774951,0.6742748417417003,0.3500986451663893,12,2,1.7206013827709181,3
User_1046,Chevy Bolt,75.0,Station_325,Houston,2024-02-13 13:00:00,2024-02-13 13:55:00,69.59647495660728,2.339041995533334,14.860688976543733,38.129495713530105,Afternoon,Tuesday,60.63891761828843,73.00925296352099,288.9795540720557,50.0,6.0,Dc Fast Charger,Long-Distance Traveler,0,0,12.370335345232562,29.75426481846399,0.5478653299222909,0.9279529994214304,13,2,4.152215385222191,3
User_1047,Bmw I3,75.0,Station_423,Los Angeles,2024-02-13 14:00:00,2024-02-13 17:59:00,49.93390136150811,1.108622612726607,37.93422821858356,28.286481840313257,Night,Sunday,52.83474144853121,100.0,56.710887715843405,27.009720956480884,2.0,Level 2,Long-Distance Traveler,1,1,47.16525855146879,45.04138810473832,0.5664785059658504,0.6657853514867749,14,2,1.135719144099551,2
User_1048,Chevy Bolt,75.0,Station_466,San Francisco,2024-02-13 15:00:00,2024-02-13 17:01:00,14.49216023800693,3.889259235283929,41.3779107591241,16.384667323459585,Morning,Tuesday,42.78718946396368,51.76174546563856,97.05879325252906,25.002273728975453,3.0,Level 1,Casual Driver,0,0,8.974556001674884,3.7262006364944593,1.1305883356498774,0.19322880317342572,15,2,6.697330947113327,1
User_1049,Chevy Bolt,85.0,Station_373,New York,2024-02-13 16:00:00,2024-02-13 18:34:00,38.409401627820046,2.4975733714164927,22.11602009706145,19.82676712024444,Night,Wednesday,10.819040206079633,56.53710030512335,132.9596225238148,-3.6133359036523007,2.0,Level 1,Casual Driver,0,0,45.71806009904372,15.378687996675847,0.5161956781405272,0.45187531326847113,16,2,3.461642641876299,1
User_1050,Tesla Model 3,100.0,Station_246,Houston,2024-02-13 17:00:00,2024-02-13 20:28:00,8.234584116412151,0.9049933799223272,43.81287256129691,8.682242514755576,Morning,Sunday,23.358908235399383,97.6615848182109,298.7188568370856,38.56896076290053,3.0,Level 2,Commuter,0,1,74.30267658281151,9.099054533546864,1.0543632066920305,0.08234584116412151,17,2,36.27613157071482,2
User_1051,Bmw I3,75.0,Station_251,New York,2024-02-13 18:00:00,2024-02-13 19:42:00,34.86162084385812,3.470197295523424,4.940614327420578,24.301333964932777,Evening,Monday,47.97900919898407,69.99654315322091,155.73313807014296,35.40159928223272,3.0,Dc Fast Charger,Commuter,0,0,22.01753395423684,10.04600542131418,0.6970798653848064,0.4648216112514416,18,2,4.467180076556304,3
User_1052,Hyundai Kona,62.0,Station_455,Chicago,2024-02-13 19:00:00,2024-02-13 21:32:00,57.92746599973164,1.7154703220669447,25.857794702299618,31.536143283440506,Evening,Sunday,67.64590144479743,78.30737956703821,59.42702468141112,34.657418150777715,5.0,Level 2,Commuter,0,1,10.66147812224078,33.76768764494608,0.5444074367690553,0.9343139677376071,19,2,1.0258868337462996,2
User_1053,Tesla Model 3,50.0,Station_81,New York,2024-02-13 20:00:00,2024-02-13 21:22:00,49.40924272632639,2.8793142483569616,34.01485460165388,38.92015133353858,Afternoon,Saturday,75.98838195309912,84.93627487609037,274.9805426032393,-7.571738421994169,5.0,Level 2,Long-Distance Traveler,0,1,8.947892922991244,17.16007301201008,0.7877099341334576,0.9881848545265278,20,2,5.565366466479425,2
User_1054,Tesla Model 3,50.0,Station_39,Los Angeles,2024-02-13 21:00:00,2024-02-14 00:33:00,9.98078152795496,1.8536958220858872,33.333004333464,21.09500367109096,Night,Monday,35.85159555483042,67.58411098713819,30.432545899504376,37.805048131823085,5.0,Level 1,Casual Driver,0,0,31.73251543230777,5.384260680225302,2.113562310927898,0.1996156305590992,21,2,3.0491145221710845,1
User_1055,Hyundai Kona,62.0,Station_36,New York,2024-02-13 22:00:00,2024-02-14 01:36:00,29.05244637809921,2.947798348838419,15.963532916763002,7.677142063894619,Night,Sunday,25.8453357096222,90.97337817944654,195.62085810127488,-1.973925722211608,4.0,Level 2,Commuter,0,1,65.12804246982434,9.855642394788413,0.2642511396108084,0.46858784480805177,22,2,6.733369560531777,2
User_1056,Chevy Bolt,75.0,Station_424,New York,2024-02-13 23:00:00,2024-02-14 02:47:00,42.09423335073603,1.0017255391880249,6.310026487597654,3.668584745886362,Morning,Monday,51.67969007886535,95.81112960148884,103.27998683951782,30.72225711480281,0.0,Dc Fast Charger,Commuter,0,0,44.131439522623495,42.02172322057061,0.08715171779752144,0.5612564446764804,23,2,2.4535424123055547,3
User_1057,Nissan Leaf,75.0,Station_429,New York,2024-02-14 00:00:00,2024-02-14 01:47:00,45.76954763488772,0.9570522514645856,17.400526642896487,14.023337495543403,Evening,Sunday,30.740858260175507,81.8451096406268,157.31824017266305,1.26095069186752,4.0,Level 2,Long-Distance Traveler,0,1,51.104251380451295,47.823457459972715,0.3063901266276477,0.6102606351318363,0,2,3.437181451466818,2
User_1058,Bmw I3,75.0,Station_388,San Francisco,2024-02-14 01:00:00,2024-02-14 03:01:00,53.71328701264429,0.8914608032917152,18.622976474713525,29.02733720852322,Afternoon,Tuesday,49.92314428758909,56.18148263027092,36.42403856619721,23.76365989768123,4.0,Level 2,Commuter,0,0,6.2583383426818315,60.25311131382132,0.5404126022242893,0.7161771601685905,1,2,0.6781197091442732,2
User_1059,Nissan Leaf,55.816693759861394,Station_486,San Francisco,2024-02-14 02:00:00,2024-02-14 05:35:00,66.40550756937826,3.0266926899756235,39.856189586296345,35.47430757896538,Evening,Thursday,15.557362352976847,78.8499962834668,61.611894029864615,33.78521651446477,0.0,Level 2,Casual Driver,0,0,63.29263393048995,21.939957032741596,0.5342073101678051,1.1897069334681991,2,2,0.9278130125802376,2
User_1060,Hyundai Kona,85.0,Station_409,Chicago,2024-02-14 03:00:00,2024-02-14 04:57:00,11.456912304995278,3.507587027314703,18.905372831421296,27.026729019822007,Night,Tuesday,51.82133562563068,89.11032954040108,99.8080312427259,15.442212140290906,2.0,Dc Fast Charger,Casual Driver,1,0,37.2889939147704,3.266323035116915,2.358988905591797,0.13478720358817975,3,2,8.711599476868566,3
User_1061,Tesla Model 3,100.0,Station_197,Los Angeles,2024-02-14 04:00:00,2024-02-14 04:42:00,75.57096449529908,2.574452232432648,21.51246491908547,5.98501483660701,Afternoon,Friday,32.74760815559499,57.68229024941695,281.3132043755616,13.412847370406324,4.0,Level 2,Commuter,0,0,24.934682093821962,29.354191755148882,0.07919728002120854,0.7557096449529908,4,2,3.7225038247733466,2
User_1062,Tesla Model 3,50.0,Station_158,New York,2024-02-14 05:00:00,2024-02-14 06:12:00,44.36125627735559,2.869620127205512,3.91865577143935,6.979177241485778,Evening,Sunday,64.59866868206431,72.82160527280595,63.03242621804411,39.93747558297834,7.0,Level 1,Casual Driver,1,1,8.22293659074164,15.45892986210526,0.1573259602444652,0.8872251255471117,5,2,1.4208891160329764,1
User_1063,Bmw I3,62.0,Station_204,New York,2024-02-14 06:00:00,2024-02-14 07:45:00,28.25303140485608,0.90863538505303,30.00242931333289,12.172430146237945,Evening,Wednesday,77.23373540326355,82.60953925656403,151.41293241570327,1.9407538506589648,4.023079648703627,Level 2,Commuter,0,0,5.375803853300482,31.093914973614165,0.4308362515799196,0.4556940549170336,6,2,5.359174746454948,2
User_1064,Tesla Model 3,100.0,Station_196,New York,2024-02-14 07:00:00,2024-02-14 08:20:00,39.48883106753241,0.8584585118721564,16.371516065901147,27.76749945798792,Morning,Monday,26.685522266314265,90.02467732975637,250.8122635367324,35.74915475913812,7.0,Level 2,Commuter,0,0,63.33915506344211,45.99969657405316,0.7031734976024213,0.3948883106753241,7,2,6.351473486460059,2
User_1065,Tesla Model 3,75.0,Station_216,New York,2024-02-14 08:00:00,2024-02-14 08:48:00,25.36585765013293,0.5600185390642642,37.58308954905695,7.143473729302274,Morning,Friday,22.474567704641608,72.9195428099425,132.9596225238148,24.906088984658915,6.0,Level 1,Casual Driver,0,0,50.44497510530089,45.294674873651104,0.2816176700126218,0.3382114353351057,8,2,5.241676601584099,1
User_1066,Bmw I3,62.0,Station_285,San Francisco,2024-02-14 09:00:00,2024-02-14 11:58:00,69.21096127147155,2.286994123653503,28.75662025234908,5.550899028707405,Night,Saturday,27.76605599551436,55.46322428105755,66.20030823829111,11.888933956267842,5.0,Level 1,Casual Driver,0,1,27.69716828554319,30.26285050566992,0.08020259980113094,1.1163058269592185,9,2,0.9565003436179493,1
User_1067,Bmw I3,45.81598720004838,Station_457,Chicago,2024-02-14 10:00:00,2024-02-14 12:31:00,34.60220459389867,2.518838903178549,5.579750455304233,29.23900983721129,Evening,Friday,21.2447917415735,73.43628023070899,155.1842358249909,5.097228917849462,6.0,Level 1,Long-Distance Traveler,0,0,52.19148848913549,13.737363096240014,0.8450042469943357,0.7552430212365288,10,2,4.484807764310896,1
User_1068,Hyundai Kona,62.0,Station_196,Houston,2024-02-14 11:00:00,2024-02-14 11:53:00,40.78700348086861,3.4318472030931444,11.03185074828479,22.864647844265804,Morning,Thursday,55.146158675613634,68.76134194190155,159.6155013686422,-0.6584932383603714,3.0,Level 1,Long-Distance Traveler,1,0,13.615183266287914,11.884854152045884,0.5605866058532739,0.6578548948527195,11,2,3.9133912213852833,1
User_1069,Tesla Model 3,62.0,Station_307,Los Angeles,2024-02-14 12:00:00,2024-02-14 12:55:00,21.871253290777545,0.5720001264069344,10.60205634209747,25.987276865216,Evening,Sunday,44.919466155459816,53.746604292730986,296.5755522560761,33.404773441516134,1.0,Level 1,Commuter,0,1,8.82713813727117,38.236448352142176,1.188193311088124,0.3527621498512507,12,2,13.560062073860813,1
User_1070,Tesla Model 3,75.0,Station_152,New York,2024-02-14 13:00:00,2024-02-14 16:22:00,47.23207084043696,3.643773933683493,42.96030719302265,37.900326416556425,Afternoon,Monday,12.43408225621689,68.06083094339918,208.8156046110396,10.739123065261666,2.0,Level 1,Casual Driver,0,0,55.62674868718229,12.96240428195007,0.8024277941273048,0.6297609445391594,13,2,4.421055458619984,1
User_1071,Hyundai Kona,62.0,Station_14,Chicago,2024-02-14 14:00:00,2024-02-14 17:05:00,40.24838259933458,2.877604389881012,18.56004567595634,13.930436856403292,Evening,Tuesday,64.48728317838777,100.0,246.1538642092985,28.10055488076405,5.0,Dc Fast Charger,Commuter,0,0,35.51271682161223,13.986767166767784,0.3461117182043882,0.64916746127959,14,2,6.115869714808567,3
User_1072,Chevy Bolt,82.66681120678558,Station_325,Houston,2024-02-14 15:00:00,2024-02-14 17:29:00,18.79049305407434,1.639131350863248,38.26182988936178,39.51619105279963,Evening,Monday,41.7717522015893,67.06652608674831,157.31824017266305,-2.736637603643607,3.0,Level 2,Long-Distance Traveler,0,0,25.29477388515901,11.463689620833824,2.1029885133445894,0.2273039540266185,15,2,8.37222523751455,2
User_1073,Chevy Bolt,100.0,Station_146,Chicago,2024-02-14 16:00:00,2024-02-14 17:51:00,47.28525433337332,0.658087147741172,3.602939855704881,11.966554865177477,Night,Wednesday,63.95523977697776,64.56614544409143,295.21427815214133,-3.667359714510246,1.0,Dc Fast Charger,Commuter,1,0,0.6109056671136699,71.85257225532501,0.25307159777147775,0.47285254333373317,16,2,6.243262985767276,3
User_1074,Chevy Bolt,62.0,Station_426,San Francisco,2024-02-14 17:00:00,2024-02-14 19:09:00,30.165570663990163,1.1724526452065331,21.343936482346656,27.388473644598392,Afternoon,Monday,58.55293988014034,77.60389702939446,185.55296492944052,37.22247845478768,5.0,Dc Fast Charger,Casual Driver,1,0,19.050957149254117,25.728604722177376,0.9079381905177447,0.48654146232242196,17,2,6.151150495254593,3
User_1075,Hyundai Kona,85.0,Station_57,Houston,2024-02-14 18:00:00,2024-02-14 21:06:00,34.895113266087755,1.603396900811905,4.881436198623996,33.67501826994361,Afternoon,Friday,61.53265078264192,89.00103781384965,269.8883399506302,-6.428742353356784,1.0,Level 1,Casual Driver,0,0,27.468387031207726,21.763241059289857,0.9650353622055763,0.4105307443069148,18,2,7.734273217359543,1
User_1076,Tesla Model 3,100.0,Station_211,Chicago,2024-02-14 19:00:00,2024-02-14 19:46:00,54.96447201998234,3.522937606509423,41.40704557419398,38.77291671998667,Morning,Friday,19.82642791357606,92.7765202491452,141.46830962772606,39.53379889129042,3.0,Level 2,Long-Distance Traveler,0,0,72.95009233556914,15.601886311702785,0.7054177961700564,0.5496447201998234,19,2,2.57381367324506,2
User_1077,Hyundai Kona,50.0,Station_268,San Francisco,2024-02-14 20:00:00,2024-02-14 21:37:00,74.78581939727512,1.678513518078668,36.55346728472156,31.30213528803256,Afternoon,Tuesday,37.3671232960542,98.55545614910588,245.5974514649052,21.379288316532588,7.0,Dc Fast Charger,Commuter,0,0,61.188332853051676,44.55479124343286,0.4185570946511964,1.4957163879455024,20,2,3.2840109721904542,3
User_1078,Hyundai Kona,75.0,Station_210,Chicago,2024-02-14 21:00:00,2024-02-14 22:13:00,34.79054782301729,1.813883272279106,23.21525779216274,31.80113660120082,Night,Tuesday,42.67037445051806,75.69609265423627,247.748550461502,17.24178715039715,5.0,Level 2,Commuter,0,0,33.025718203718206,19.180147010950545,0.9140740399655711,0.46387397097356386,21,2,7.121145424953398,2
User_1079,Chevy Bolt,75.0,Station_17,Chicago,2024-02-14 22:00:00,2024-02-14 23:30:00,69.13309024823164,3.0076728841988243,10.70555783206436,17.38741682655337,Morning,Tuesday,28.9030166431617,78.34862219833958,91.55117127306124,3.442904170942761,2.0,Level 2,Casual Driver,0,0,49.445605555177885,22.985574864683837,0.2515064314949833,0.9217745366430885,22,2,1.3242742504976195,2
User_1080,Nissan Leaf,78.43167081675972,Station_286,Houston,2024-02-14 23:00:00,2024-02-15 01:32:00,38.08536376892858,1.9490036808846656,1.6549370676991138,15.631651310622267,Evening,Saturday,11.83050192157471,97.62978359732809,135.7109313108204,-5.939205800025396,7.0,Level 1,Long-Distance Traveler,0,1,85.79928167575338,19.540939887625754,0.4104372326719152,0.48558654141013513,23,2,3.5633355672852542,1
User_1081,Tesla Model 3,50.0,Station_344,San Francisco,2024-02-15 00:00:00,2024-02-15 02:02:00,27.752745917900945,0.9038658015347332,31.655896284542944,17.090719689060215,Afternoon,Sunday,24.84363200623624,87.93733107562853,265.6948968905379,34.02288007257426,1.0,Level 2,Casual Driver,0,1,63.093699069392294,30.704498246064553,0.6158208538938282,0.5550549183580189,0,2,9.573643547796134,2
User_1082,Chevy Bolt,85.0,Station_203,New York,2024-02-15 01:00:00,2024-02-15 04:45:00,41.65484517329656,0.1400299896270325,11.109125564593423,33.38775732066782,Evening,Wednesday,52.84209944919426,90.93158952764836,111.862595809181,13.073056451084344,2.931420755250761,Dc Fast Charger,Casual Driver,1,0,38.0894900784541,297.47088665966146,0.8015335834706578,0.49005700203878305,1,2,2.685464208156321,3
User_1083,Nissan Leaf,85.0,Station_99,Los Angeles,2024-02-15 02:00:00,2024-02-15 03:43:00,35.38682540127056,2.307793619186011,44.84899049694756,38.40350411759451,Morning,Saturday,34.63530076366829,54.26589121229157,286.835363806296,-7.643423793434708,7.0,Dc Fast Charger,Long-Distance Traveler,0,1,19.63059044862328,15.333617836135607,1.085248639348576,0.4163155929561243,2,2,8.105710544919274,3
User_1084,Nissan Leaf,85.0,Station_279,Houston,2024-02-15 03:00:00,2024-02-15 06:02:00,68.56767860768713,1.5582031664365312,16.475471001557096,24.53486845772067,Afternoon,Saturday,68.2737038427022,93.57394709925563,92.04491202728217,-9.831678296419836,2.0,Level 1,Casual Driver,0,1,25.30024325655343,44.0043250358008,0.357819733085875,0.8066785718551427,3,2,1.3423950452504163,1
User_1085,Bmw I3,106.82055688209076,Station_209,San Francisco,2024-02-15 04:00:00,2024-02-15 05:36:00,40.24838259933458,2.2151407225419666,38.968563717134,6.563206185010119,Morning,Saturday,18.336316188756303,86.04444439810973,30.64930652438317,17.775147576590655,6.0,Dc Fast Charger,Commuter,0,1,67.70812820935343,18.169673009824802,0.16306757591592333,0.3767849913360873,4,2,0.7615040541999293,3
User_1086,Tesla Model 3,50.0,Station_129,Chicago,2024-02-15 05:00:00,2024-02-15 07:20:00,36.46547333950338,1.209165866938475,37.86028498935581,9.941509460290142,Morning,Monday,21.0234699710778,82.17941381709426,56.42945115351432,36.15182985380533,1.0,Level 1,Commuter,0,0,61.155943846016456,30.157544416823026,0.27262801082360866,0.7293094667900677,5,2,1.5474761736435154,1
User_1087,Nissan Leaf,100.0,Station_335,San Francisco,2024-02-15 06:00:00,2024-02-15 06:31:00,44.64048952672159,1.1966550703712333,26.13523981227178,17.65872597613842,Afternoon,Thursday,32.30261966985044,69.57745988079051,294.7568520589679,-6.264891955198628,6.0,Dc Fast Charger,Commuter,0,0,37.27484021094007,37.30439174328903,0.3955764411043922,0.4464048952672159,6,2,6.602903668485263,3
User_1088,Chevy Bolt,50.0,Station_288,Los Angeles,2024-02-15 07:00:00,2024-02-15 08:58:00,40.27163575273819,2.69291212611694,49.5663805841103,25.548889447031165,Afternoon,Sunday,21.82670356550261,67.99820231488735,156.48542997800214,33.79134237286147,2.0,Dc Fast Charger,Casual Driver,0,1,46.17149874938474,14.954678751737847,0.6344139980778908,0.8054327150547639,7,2,3.88574804705722,3
User_1089,Bmw I3,62.0,Station_252,Los Angeles,2024-02-15 08:00:00,2024-02-15 11:26:00,34.43336364069278,0.6802510481291344,34.171979726515815,12.645957460236408,Morning,Monday,54.73637426788959,77.30425196618461,265.8371724474847,22.206196007205108,3.0,Level 1,Long-Distance Traveler,1,0,22.56787769829502,50.61861166608034,0.3672588479067907,0.5553768329143998,8,2,7.720337031881565,1
User_1090,Tesla Model 3,50.0,Station_265,New York,2024-02-15 09:00:00,2024-02-15 12:47:00,46.09404918662695,0.942143129612701,15.41528226041552,31.472931510385965,Night,Tuesday,21.389957247409303,70.37516460187993,266.5930254940364,20.780146902535314,3.0,Level 2,Long-Distance Traveler,0,0,48.98520735447063,48.92467793675407,0.6827981499945347,0.9218809837325389,9,2,5.783675554617618,2
User_1091,Hyundai Kona,85.0,Station_271,New York,2024-02-15 10:00:00,2024-02-15 10:55:00,18.561385925179625,1.5760735823647318,24.845842089870604,7.251346808516732,Afternoon,Wednesday,28.799441643203032,51.48425861447351,397.8180926183734,26.203374069885086,1.0,Level 1,Long-Distance Traveler,0,0,22.68481697127048,11.77697928121492,0.39066839285313537,0.21836924617858383,10,2,21.432564045700353,1
User_1092,Chevy Bolt,75.0,Station_412,Los Angeles,2024-02-15 11:00:00,2024-02-15 14:49:00,59.79776909471581,2.122151382858424,14.564929422469216,22.934215021105235,Morning,Saturday,28.18918545742428,96.02650743055818,276.2253767652068,-0.6351476144346968,4.0,Level 2,Long-Distance Traveler,0,1,67.8373219731339,28.177899832089935,0.38352960935346797,0.7973035879295441,11,2,4.6193257866808315,2
User_1093,Nissan Leaf,75.0,Station_408,Houston,2024-02-15 12:00:00,2024-02-15 14:08:00,59.7683124702693,3.253943970799586,35.05498942171652,39.29790890976816,Evening,Monday,59.94650610625163,81.95499699157732,166.33276513833584,18.164643363551534,2.0,Level 2,Long-Distance Traveler,1,0,22.008490885325685,18.367959930048375,0.6575040734053887,0.796910832936924,12,2,2.782959034037897,2
User_1094,Nissan Leaf,62.0,Station_188,Houston,2024-02-15 13:00:00,2024-02-15 13:56:00,36.70152016311202,1.8724897379065244,19.121932643865595,5.5556047627846725,Evening,Sunday,26.348198442271595,95.16288706703092,49.5508274275402,30.285847535845377,6.45400134455542,Level 1,Casual Driver,0,1,68.81468862475933,19.60038520913068,0.15137260631423388,0.591960002630839,13,2,1.3501028624242863,1
User_1095,Chevy Bolt,62.0,Station_419,Chicago,2024-02-15 14:00:00,2024-02-15 15:58:00,10.23177592340076,2.6867849756685187,44.95562494894919,36.64488956578478,Afternoon,Friday,54.516206852764384,58.948118682538286,112.01386710988416,-3.8238030689059865,5.0,Level 1,Long-Distance Traveler,1,0,4.431911829773902,3.8081856255932487,3.581478898690056,0.1650286439258187,14,2,10.947646620534458,1
User_1096,Nissan Leaf,100.0,Station_214,New York,2024-02-15 15:00:00,2024-02-15 17:55:00,24.23053686415175,0.9340104811844988,7.757341318099225,23.52913871748544,Afternoon,Sunday,17.695975504183732,75.49959138981414,171.99160194813683,4.975285949972822,5.0,Level 1,Commuter,0,1,57.80361588563041,25.94246783336192,0.9710531322273754,0.24230536864151747,15,2,7.0981341813599075,1
User_1097,Bmw I3,85.0,Station_283,Chicago,2024-02-15 16:00:00,2024-02-15 19:31:00,21.70612432843914,2.5051031041296725,47.97954498307951,8.123500316259179,Evening,Saturday,17.075691755127025,94.5111556731093,169.8323958415097,18.748822095579296,5.0,Level 2,Casual Driver,0,1,77.43546391798228,8.664762856529341,0.37424923000260585,0.25536616856987226,16,2,7.824169495749043,2
User_1098,Tesla Model 3,85.0,Station_211,New York,2024-02-15 17:00:00,2024-02-15 17:30:00,57.896271802948434,1.733814613519093,10.411646338286076,23.085156388074825,Morning,Sunday,53.19306374895672,96.33954228277024,101.5541015622207,23.90632005170732,5.0,Level 2,Commuter,0,1,43.14647853381352,33.39242347567794,0.39873303874635996,0.6811326094464522,17,2,1.7540697941287635,2
User_1099,Bmw I3,85.0,Station_365,Los Angeles,2024-02-15 18:00:00,2024-02-15 21:38:00,35.17106494410814,1.3929038766830024,38.82106904731582,39.911041509385946,Morning,Monday,39.3282356555425,78.17670282487093,178.01073812685402,8.223655111977719,1.0,Level 2,Long-Distance Traveler,1,0,38.84846716932843,25.2501737793012,1.1347692079500666,0.41377723463656635,18,2,5.061283711759613,2
User_1100,Nissan Leaf,75.0,Station_76,Houston,2024-02-15 19:00:00,2024-02-15 21:12:00,15.729551165353076,3.8826745929591495,38.31515901166463,19.63377029752475,Morning,Friday,10.874271917419884,80.29223804479403,279.03137592803216,10.753377825339362,5.0,Level 2,Long-Distance Traveler,0,0,69.41796612737414,4.05121541575415,1.2482091886239806,0.20972734887137434,19,2,17.73930946883244,2
User_1101,Hyundai Kona,85.0,Station_148,Houston,2024-02-15 20:00:00,2024-02-15 22:40:00,34.077999734831565,2.364887014594136,12.59762021470088,19.570020631309163,Night,Monday,61.59652123034113,70.12447701929887,161.19607009381224,5.369915824151569,1.0,Level 1,Commuter,1,0,8.527955788957733,14.409990635717563,0.5742714004222024,0.4009176439391949,20,2,4.730209265453208,1
User_1102,Tesla Model 3,100.0,Station_321,Los Angeles,2024-02-15 21:00:00,2024-02-16 00:45:00,26.050244075726223,2.0344660264566903,27.14552199858703,36.21603706120729,Afternoon,Monday,69.4717483239227,88.85463220577344,211.4946307171064,19.394695410871684,2.0,Level 1,Commuter,1,0,19.382883881850745,12.804462565096946,1.3902379170010777,0.26050244075726225,21,2,8.118719736456457,1
User_1103,Tesla Model 3,85.0,Station_213,Chicago,2024-02-15 22:00:00,2024-02-15 23:10:00,21.847908232183183,3.275716023162417,25.857794702299618,11.76744900451868,Night,Saturday,19.545511401995345,54.51263808416087,240.65606029691412,11.913663307338282,0.0,Level 2,Casual Driver,0,1,34.96712668216553,6.66965880976793,0.5386075810765524,0.25703421449627273,22,2,11.015061842049224,2
User_1104,Chevy Bolt,75.0,Station_433,Chicago,2024-02-15 23:00:00,2024-02-16 02:14:00,15.42551087839598,1.7093751262201915,18.9999255898608,22.768107275665244,Night,Monday,27.099273239145614,55.421233705785504,218.1421991726112,0.009960832525655,1.0,Dc Fast Charger,Long-Distance Traveler,0,0,28.32196046663989,9.02406419853857,1.4760034500739196,0.20567347837861305,23,2,14.141651507836135,3
User_1105,Chevy Bolt,85.0,Station_109,San Francisco,2024-02-16 00:00:00,2024-02-16 01:20:00,13.650698039870646,1.4602158515437484,33.304090865799786,38.3143102395883,Night,Tuesday,44.388578321399386,86.6084085437094,157.31824017266305,28.919139896811515,5.0,Level 1,Long-Distance Traveler,0,0,42.219830222310016,9.348411075964592,2.8067656414112117,0.16059644752788996,0,2,11.524556452217428,1
User_1106,Hyundai Kona,75.0,Station_129,New York,2024-02-16 01:00:00,2024-02-16 01:44:00,24.775659394661684,0.8780886177535373,26.13523981227178,7.640747741788227,Night,Sunday,41.899944740084685,52.621728554803184,171.10646856925956,0.9511299231130116,6.664510335703064,Dc Fast Charger,Long-Distance Traveler,0,1,10.7217838147185,28.21544305863641,0.308397351613356,0.3303421252621558,1,2,6.906232679568045,3
User_1107,Tesla Model 3,75.0,Station_10,Chicago,2024-02-16 02:00:00,2024-02-16 02:37:00,67.45812734205117,0.8732927437039172,17.885559321838468,29.518624045719907,Morning,Friday,58.36277008675972,83.42106852028354,93.34872261816982,24.41574986482181,4.0,Dc Fast Charger,Commuter,0,0,25.058298433523824,77.24572066858065,0.43758439803766935,0.8994416978940156,2,2,1.3838024608189694,3
User_1108,Hyundai Kona,62.0,Station_47,Los Angeles,2024-02-16 03:00:00,2024-02-16 04:07:00,12.043247362327255,1.028622473739241,26.13523981227178,22.742839756510435,Afternoon,Wednesday,22.710613634601707,62.275933356308265,284.1948590642129,12.588517866407267,5.0,Dc Fast Charger,Long-Distance Traveler,0,0,39.56531972170656,11.70813167103741,1.8884308419714775,0.1942459251988267,3,2,23.59785949039036,3
User_1109,Chevy Bolt,85.0,Station_379,Chicago,2024-02-16 04:00:00,2024-02-16 06:23:00,61.23146590227786,2.331310347529361,9.14250329772684,38.66270263339264,Afternoon,Thursday,53.24028839982735,85.77640672316048,13.794461132920947,38.96386339724878,7.0,Level 2,Casual Driver,0,0,32.53611832333313,26.264828261569193,0.6314188638746008,0.720370187085622,4,2,0.2252838623026953,2
User_1110,Chevy Bolt,50.0,Station_315,Houston,2024-02-16 05:00:00,2024-02-16 06:52:00,23.193290217345247,2.007710442831197,31.983192464080947,5.811559055529253,Night,Sunday,72.88118470947465,86.9355478700154,181.04984993024897,17.07536931702216,7.0,Level 1,Casual Driver,0,1,14.054363160540746,11.552109170005089,0.25057070390052044,0.46386580434690494,5,2,7.806130490052236,1
User_1111,Tesla Model 3,85.0,Station_96,New York,2024-02-16 06:00:00,2024-02-16 07:25:00,48.38617697981442,3.738364454329079,27.805230847752817,15.986589360852255,Afternoon,Saturday,19.3235262252255,81.92624464521084,112.09773917395252,17.947029494117277,7.0,Dc Fast Charger,Commuter,0,1,62.602718419985344,12.94314066243128,0.33039579397895985,0.5692491409389933,6,2,2.31673064852214,3
User_1112,Bmw I3,75.0,Station_446,San Francisco,2024-02-16 07:00:00,2024-02-16 10:24:00,29.6808062667524,3.7216169245582016,45.67133508007575,21.06445774271341,Evening,Friday,54.367268756829496,79.22097833054445,265.97930278490657,34.188574175592194,3.0,Level 2,Commuter,1,0,24.85370957371496,7.975244864912003,0.709699647421951,0.39574408355669866,7,2,8.961323368187914,2
User_1113,Nissan Leaf,85.0,Station_103,New York,2024-02-16 08:00:00,2024-02-16 10:12:00,25.08836904191854,3.447380177452464,4.959155492783664,21.52923874013002,Morning,Tuesday,36.8354725200189,58.60463369652218,132.9596225238148,-9.600906082823007,5.0,Level 1,Casual Driver,0,0,21.76916117650328,7.277517346653155,0.8581362425017824,0.2951572828461005,8,2,5.2996518945357165,1
User_1114,Chevy Bolt,75.0,Station_380,Houston,2024-02-16 09:00:00,2024-02-16 11:47:00,46.09404918662695,2.2209072511181995,47.656167280886,19.80559333535846,Afternoon,Friday,25.18431669331104,80.23578040769863,200.88321813183416,20.77797923426645,6.0,Level 2,Commuter,0,0,55.05146371438759,20.754603400668426,0.429677880005052,0.6145873224883593,9,2,4.358116105584307,2
User_1115,Chevy Bolt,100.0,Station_342,Houston,2024-02-16 10:00:00,2024-02-16 12:11:00,56.1150925022779,1.0574159301938304,5.488039505342126,16.347836099572703,Morning,Wednesday,22.3498792992591,80.08848451859055,81.96840140430736,36.59253901129126,7.0,Level 1,Commuter,0,0,57.73860521933145,53.06813610420233,0.29132690280977597,0.5611509250227791,10,2,1.4607193492727466,1
User_1116,Bmw I3,50.0,Station_146,Houston,2024-02-16 11:00:00,2024-02-16 12:47:00,15.898734225246953,3.165199902155342,40.44452192617549,12.067680362431084,Evening,Saturday,46.21839948967462,60.72812098502296,211.55286802898283,-5.068598813987704,7.0,Level 1,Long-Distance Traveler,0,1,14.509721495348344,5.022979501048485,0.7590340332419537,0.31797468450493904,11,2,13.306271117674264,1
User_1117,Bmw I3,85.0,Station_368,Houston,2024-02-16 12:00:00,2024-02-16 15:26:00,41.15701390960357,3.2634983979053573,46.12968887401014,13.44237938239953,Morning,Friday,31.46784537988397,77.45210904111309,125.7627771543212,29.45421239656008,5.0,Level 2,Casual Driver,0,0,45.98426366122912,12.611317332351005,0.326612115541815,0.48420016364239493,12,2,3.0556827429352382,2
User_1118,Hyundai Kona,50.0,Station_430,Los Angeles,2024-02-16 13:00:00,2024-02-16 16:18:00,41.90586399017345,1.8944880905881227,24.47957144861078,26.728088262060343,Evening,Sunday,46.40094287119368,58.93316026656019,44.50589475990744,11.76834664939285,5.0,Dc Fast Charger,Long-Distance Traveler,0,1,12.532217395366516,22.1198877936278,0.6378126046590482,0.8381172798034691,13,2,1.0620445570658958,3
User_1119,Hyundai Kona,85.0,Station_416,San Francisco,2024-02-16 14:00:00,2024-02-16 15:52:00,8.335789160236999,2.4329371335759373,41.75876322009111,8.21249008436557,Night,Tuesday,15.625327417420324,42.50515975702499,206.27023390668631,-7.327746524971658,4.0,Level 1,Casual Driver,0,0,26.87983233960467,3.426224642305095,0.9852084699479222,0.09806810776749411,14,2,24.745135696404986,1
User_1120,Nissan Leaf,62.0,Station_27,Houston,2024-02-16 15:00:00,2024-02-16 15:59:00,90.23550358200892,1.28599016746863,4.841450613486008,35.028848193454564,Afternoon,Saturday,50.51807735388895,70.5520108342991,102.7551582816518,36.36832920185531,1.0,Level 1,Long-Distance Traveler,1,1,20.03393348041015,70.16811315099739,0.3881936355751506,1.455411348096918,15,2,1.1387442215387498,1
User_1121,Nissan Leaf,62.0,Station_220,Houston,2024-02-16 16:00:00,2024-02-16 16:34:00,18.1024722667836,1.9346884585896515,41.55273260700287,37.69680546679938,Night,Tuesday,33.300883156898145,99.70093459071948,51.23943380552032,1.1026309087301218,3.0,Dc Fast Charger,Casual Driver,0,0,66.40005143382135,9.356789299285909,2.0824119993803065,0.291975359141671,16,2,2.8305213260588746,3
User_1122,Tesla Model 3,50.0,Station_18,Chicago,2024-02-16 17:00:00,2024-02-16 19:28:00,59.19854015458014,3.4047280954422168,10.553605881721566,7.034850998811217,Afternoon,Saturday,32.90161477916705,90.23527141040675,286.8165204249623,2.483073707467046,6.0,Level 1,Casual Driver,0,1,57.333656631239705,17.387156476262238,0.11883487296209849,1.1839708030916027,17,2,4.844993131182333,1
User_1123,Hyundai Kona,85.0,Station_167,San Francisco,2024-02-16 18:00:00,2024-02-16 21:48:00,40.24838259933458,3.7776913680597626,7.751265948579647,11.57425867995997,Night,Thursday,25.61224484541767,76.51291374137583,249.1285256599297,5.150822840553818,5.0,Dc Fast Charger,Casual Driver,0,0,50.900668895958155,10.654227325088845,0.28757077756837174,0.4735103835215833,18,2,6.189777317015677,3
User_1124,Chevy Bolt,85.0,Station_433,New York,2024-02-16 19:00:00,2024-02-16 20:00:00,15.774763064545793,2.689745698708827,25.364863634137112,36.2255346616435,Evening,Wednesday,58.9596311427681,59.61097279685497,297.10232195950044,23.96306613271738,7.0,Level 1,Commuter,1,0,0.6513416540868704,5.864778619078464,2.2964233765932986,0.1855854478181858,19,2,18.834027537773036,1
User_1125,Hyundai Kona,50.0,Station_477,San Francisco,2024-02-16 20:00:00,2024-02-16 23:29:00,75.09027362309024,1.8494180046914104,12.374493987456692,6.123307926752423,Afternoon,Thursday,50.51275746890818,61.92829078916798,150.26009954855095,23.98191830287456,3.0,Dc Fast Charger,Long-Distance Traveler,1,0,11.415533320259804,40.60211019499598,0.0815459530416401,1.5018054724618048,20,2,2.0010594221932094,3
User_1126,Chevy Bolt,100.0,Station_82,San Francisco,2024-02-16 21:00:00,2024-02-16 21:52:00,23.915003796268465,2.332808817220075,33.50495954700098,5.587219999294074,Night,Sunday,38.27073245617419,84.48086578922354,295.9721051267668,4.832295504044435,2.0,Level 1,Commuter,0,1,46.210133333049356,10.251591823442746,0.23362822966249608,0.23915003796268464,21,2,12.376000758693095,1
User_1127,Bmw I3,50.0,Station_428,San Francisco,2024-02-16 22:00:00,2024-02-16 23:17:00,13.819971244902632,2.090777615246685,12.27483650878592,20.83704762362696,Morning,Sunday,86.60875865026834,99.09312749368182,119.34464298476549,38.58891646031902,7.0,Level 1,Commuter,0,1,12.484368843413478,6.60996709746773,1.5077489854627963,0.27639942489805264,22,2,8.635665072659586,1
User_1128,Hyundai Kona,62.0,Station_72,Houston,2024-02-16 23:00:00,2024-02-17 01:18:00,79.97267190690829,1.1579435522661186,37.46218915223994,8.471445140596401,Morning,Sunday,67.97645021887641,75.82897474627676,117.69789331623232,16.052413139147863,5.0,Level 1,Casual Driver,1,1,7.852524527400348,69.06439588561997,0.10592924981245513,1.2898818049501337,23,2,1.4717264099070975,1
User_1129,Bmw I3,50.0,Station_310,Houston,2024-02-17 00:00:00,2024-02-17 01:09:00,5.163807087916792,3.910006446044101,5.2652032847754455,7.411839346111376,Night,Monday,32.17142732636586,56.7239574164585,45.400598655642405,-9.824574766427832,2.0,Dc Fast Charger,Casual Driver,0,0,24.552530090092638,1.320664597149503,1.4353439661707996,0.10327614175833584,0,2,8.79207876721013,3
User_1130,Nissan Leaf,75.0,Station_479,Los Angeles,2024-02-17 01:00:00,2024-02-17 01:35:00,55.095255841104894,1.289438988112685,45.2106299385636,8.631878815761723,Evening,Sunday,54.16347654979344,56.6962175600798,100.8403905933342,3.2874178751502097,3.0,Level 1,Commuter,0,1,2.5327410102863652,42.728082793390826,0.15667190729917152,0.7346034112147319,1,2,1.830291720291827,1
User_1131,Nissan Leaf,102.39937129748328,Station_254,New York,2024-02-17 02:00:00,2024-02-17 03:07:00,38.188211099692175,3.227826774061622,23.196373698660988,8.644366685308785,Night,Tuesday,40.62902373559544,62.795202141482775,72.32230353200278,21.181387475893285,6.0,Level 2,Commuter,0,0,22.166178405887337,11.830935726343016,0.22636217922704593,0.3729340387134852,2,2,1.8938384765707381,2
User_1132,Tesla Model 3,60.30920245060118,Station_162,Chicago,2024-02-17 03:00:00,2024-02-17 06:18:00,41.13168722967361,0.6326302700939862,46.54335629892145,10.68119517297542,Morning,Thursday,64.74836809986499,92.69456876416793,224.55991659553533,11.133741048080472,4.435152229171791,Level 2,Commuter,0,0,27.946200664302935,65.0169446105747,0.2596828842282378,0.6820134499932125,3,2,5.459535742884167,2
User_1133,Hyundai Kona,100.0,Station_327,San Francisco,2024-02-17 04:00:00,2024-02-17 06:09:00,55.199838402705424,1.7011173546131593,26.97034258500664,13.322594738904996,Afternoon,Tuesday,28.68722066034912,81.11188792121526,132.9596225238148,15.30316247182633,6.0,Level 2,Casual Driver,0,0,52.42466726086614,32.4491653988552,0.24135206052074307,0.5519983840270543,4,2,2.4086958652635886,2
User_1134,Bmw I3,75.0,Station_420,New York,2024-02-17 05:00:00,2024-02-17 05:56:00,72.31121635965684,0.9453801792438452,34.26166814743536,23.893749111009,Afternoon,Saturday,59.491108008673685,92.3129306095474,54.13870978325318,8.412581609973788,0.0,Level 1,Casual Driver,0,1,32.82182260087371,76.48903366843844,0.33042936232973624,0.9641495514620911,5,2,0.7486903485896513,1
User_1135,Chevy Bolt,75.0,Station_402,New York,2024-02-17 06:00:00,2024-02-17 09:52:00,37.49380570218128,1.8547686901055345,15.800004164216077,7.392687495551845,Night,Tuesday,86.54445155869516,93.38177891139344,215.89955356535245,0.4003548727503609,7.0,Dc Fast Charger,Casual Driver,0,0,6.837327352698281,20.2148148727095,0.19717090215575958,0.499917409362417,6,2,5.758272587218109,3
User_1136,Nissan Leaf,62.0,Station_38,Los Angeles,2024-02-17 07:00:00,2024-02-17 08:38:00,55.374954290710285,3.136208977991735,18.05023748722661,8.623498537055745,Afternoon,Monday,57.069500659534,92.4203899406728,270.0365182637633,-2.6422433911902434,2.0,Dc Fast Charger,Long-Distance Traveler,0,0,35.350889281138805,17.656653201142714,0.15572922176664308,0.8931444240437143,7,2,4.876509998475334,3
User_1137,Nissan Leaf,75.0,Station_443,Chicago,2024-02-17 08:00:00,2024-02-17 09:26:00,33.467398984964014,3.3861550875352284,18.94297603650753,33.2242609002285,Morning,Tuesday,44.25432304914885,91.06019255005748,40.31861722887526,26.827732100109564,6.0,Level 1,Commuter,0,0,46.80586950090863,9.88359898463033,0.9927350767579892,0.44623198646618684,8,2,1.2047131970724498,1
User_1138,Chevy Bolt,85.0,Station_393,San Francisco,2024-02-17 09:00:00,2024-02-17 09:46:00,53.35952018455622,3.383070445634935,11.31413118672819,23.057865226298947,Afternoon,Saturday,29.87716837622752,95.5354366537743,161.19607009381224,3.5074136854971822,0.0,Level 2,Commuter,0,1,65.65826827754678,15.772512290840487,0.4321227992033661,0.6277590609947791,9,2,3.0209430207820165,2
User_1139,Bmw I3,62.0,Station_201,Chicago,2024-02-17 10:00:00,2024-02-17 11:40:00,76.03768937793197,2.197050161090055,14.892902778695785,14.956956772255571,Night,Saturday,67.04978613778212,87.91245387496029,259.7179826676652,23.18945598880445,4.0,Dc Fast Charger,Long-Distance Traveler,1,1,20.86266773717817,34.60899105744871,0.19670451449299894,1.2264143448053544,10,2,3.4156480134053337,3
User_1140,Bmw I3,75.0,Station_494,Los Angeles,2024-02-17 11:00:00,2024-02-17 12:16:00,9.79334907118558,3.760235626861669,12.886573479546891,20.91127455839477,Night,Thursday,54.07412809231841,89.03769769770815,60.32845631932344,31.35439387292225,6.0,Level 1,Commuter,1,0,34.96356960538974,2.6044509022853997,2.1352526501808087,0.13057798761580772,11,2,6.160145613192168,1
User_1141,Hyundai Kona,85.0,Station_200,Houston,2024-02-17 12:00:00,2024-02-17 13:48:00,45.45344885211073,1.4410908929776702,28.19404206423544,39.59705007618444,Night,Sunday,18.30616688088955,66.42847642409154,131.05424098801743,28.51369444569392,7.0,Dc Fast Charger,Commuter,0,1,48.12230954320199,31.541000691630238,0.8711561185383111,0.5347464570836556,12,2,2.8832628611840008,3
User_1142,Hyundai Kona,100.0,Station_255,New York,2024-02-17 13:00:00,2024-02-17 15:19:00,31.728682285908047,2.2946149964785327,37.50320207080665,28.37686054009869,Morning,Wednesday,76.84081236656476,87.55877968530262,47.416211526470576,7.58003923341635,0.0,Level 2,Commuter,0,0,10.717967318737863,13.827453553036554,0.8943598818379536,0.31728682285908044,13,2,1.4944273795930687,2
User_1143,Tesla Model 3,62.0,Station_179,San Francisco,2024-02-17 14:00:00,2024-02-17 14:42:00,76.16478844210974,2.4754102392871,32.557458225025094,26.765609634370016,Evening,Friday,24.92849741296244,79.5576146482545,82.99980869537478,38.50327216283354,4.0,Level 2,Long-Distance Traveler,0,0,54.62911723529206,30.76855190840797,0.35141710732530484,1.2284643297114475,14,2,1.0897398967826204,2
User_1144,Nissan Leaf,75.0,Station_35,Houston,2024-02-17 15:00:00,2024-02-17 17:48:00,59.16864335631949,2.765621656971513,15.222513527799864,18.816994774424376,Afternoon,Thursday,50.51010596682404,68.59776436636375,156.81023942343762,29.06368772467245,1.0,Dc Fast Charger,Long-Distance Traveler,0,0,18.087658399539706,21.39433758307778,0.3180230897150464,0.7889152447509266,15,2,2.6502253647951783,3
User_1145,Hyundai Kona,179.01305777024916,Station_82,Los Angeles,2024-02-17 16:00:00,2024-02-17 18:33:00,15.10403338179977,2.8915627841140754,5.052457492354572,22.01217435130326,Night,Monday,51.48318629752653,72.70348804748421,152.88819133117065,18.97409284644023,6.0,Level 1,Commuter,0,0,21.220301749957684,5.2234844993785545,1.4573706105435213,0.08437391981307167,16,2,10.122341990808865,1
User_1146,Bmw I3,62.0,Station_389,Chicago,2024-02-17 17:00:00,2024-02-17 19:18:00,66.24653780691024,1.2541996768004464,37.46234418585593,13.368981577593573,Evening,Friday,43.85148170771822,61.64849601577665,152.26221869616475,8.954126066691433,3.0,Level 1,Casual Driver,0,0,17.79701430805843,52.81976947714571,0.20180649465124262,1.0684925452727458,17,2,2.2984177549016325,1
User_1147,Chevy Bolt,75.0,Station_398,New York,2024-02-17 18:00:00,2024-02-17 19:59:00,30.726160737544745,3.000895955075018,11.215789280105415,37.964662293095664,Night,Tuesday,41.895559315975504,79.16128258457856,207.481770878926,-4.446256767774789,5.0,Dc Fast Charger,Commuter,0,0,37.265723268603054,10.238995685798988,1.2355810612780558,0.40968214316726326,18,2,6.752609694754379,3
User_1148,Bmw I3,85.0,Station_220,San Francisco,2024-02-17 19:00:00,2024-02-17 20:55:00,77.69304556526747,3.624371786707156,25.857794702299618,21.988590474694,Night,Thursday,11.30120592939546,80.99869116405574,15.215136571844347,-8.374006203391911,0.0,Level 2,Commuter,0,0,69.69748523466028,21.43627920574169,0.2830187736201187,0.9140358301796173,19,2,0.19583653158586237,2
User_1149,Nissan Leaf,100.0,Station_158,Houston,2024-02-17 20:00:00,2024-02-17 22:01:00,77.12500791368723,1.2335246867841825,39.4290961711839,29.78525366156875,Morning,Friday,62.322640558525926,81.40719887465627,272.79517131853873,-3.663579908715522,1.0,Level 1,Casual Driver,0,0,19.084558316130348,62.52408949735192,0.38619449731405237,0.7712500791368723,20,2,3.53705210148998,1
User_1150,Bmw I3,100.0,Station_4,Houston,2024-02-17 21:00:00,2024-02-17 21:53:00,8.28243853987389,1.2452884167132,11.017996608332188,27.32656051672617,Morning,Sunday,62.00647451732488,76.66998194035097,216.5024785007296,-2.645297430156881,2.0,Dc Fast Charger,Commuter,1,1,14.663507423026083,6.6510203007705355,3.2993375544133223,0.0828243853987389,21,2,26.139943865375923,3
User_1151,Tesla Model 3,75.0,Station_167,New York,2024-02-17 22:00:00,2024-02-17 23:42:00,50.5305305671186,1.0288856470267305,34.63627057083493,5.114862623250133,Evening,Sunday,25.34809142974842,63.66223405094776,62.52915278643372,-9.162198722399426,0.0,Dc Fast Charger,Commuter,0,1,38.31414262119934,49.1119015151407,0.1012232123004561,0.6737404075615814,22,2,1.2374529237008032,3
User_1152,Nissan Leaf,65.9740460475554,Station_468,Chicago,2024-02-17 23:00:00,2024-02-17 23:33:00,64.9305064614647,3.732577706614646,45.60140061591688,38.4548506063552,Night,Thursday,58.16252769130468,72.85889430616501,115.73243090441906,26.677244857452976,2.0,Level 2,Long-Distance Traveler,0,0,14.696366614860331,17.39562081893133,0.5922462753186376,0.9841825740786233,23,2,1.7824045616077946,2
User_1153,Chevy Bolt,85.0,Station_448,Los Angeles,2024-02-18 00:00:00,2024-02-18 02:22:00,46.09404918662695,3.339942830373675,39.40495249496544,11.08305211308306,Afternoon,Sunday,34.07169387356071,98.86668914423475,161.19607009381224,32.311048529923724,5.0,Level 2,Commuter,0,1,64.79499527067404,13.800849753308476,0.24044431566881164,0.5422829316073758,0,2,3.497112380844582,2
User_1154,Tesla Model 3,62.0,Station_409,Chicago,2024-02-18 01:00:00,2024-02-18 02:15:00,55.62849667174399,1.3761709730713558,8.179964335506256,25.717818754720422,Afternoon,Tuesday,50.627588257932686,53.248697123948766,294.2932328258952,14.564571127261203,6.0,Level 1,Casual Driver,0,0,2.6211088660160797,40.422663869730954,0.46231374733129477,0.8972338172861933,1,2,5.290332301490701,1
User_1155,Nissan Leaf,85.0,Station_412,Chicago,2024-02-18 02:00:00,2024-02-18 02:47:00,41.99326219500855,1.197691869919004,6.483340580349086,30.37971193035885,Afternoon,Saturday,46.35478932598276,91.106881276485,54.26809121579728,37.289829969537614,4.0,Level 1,Long-Distance Traveler,0,1,44.75209195050224,35.06182453910154,0.7234425320252895,0.49403837876480644,2,2,1.2923047265008087,1
User_1156,Chevy Bolt,24.739974705834577,Station_204,Chicago,2024-02-18 03:00:00,2024-02-18 04:12:00,38.69718656721909,0.5500176951424511,30.846818882816667,12.732121851156172,Evening,Thursday,27.790526414327424,54.73692996512599,384.6905685988771,36.663170798557424,5.0,Level 1,Long-Distance Traveler,0,0,26.946403550798564,70.35625746040182,0.3290193158885025,1.5641562704626737,3,2,9.941047469449721,1
User_1157,Tesla Model 3,84.63170318839946,Station_194,New York,2024-02-18 04:00:00,2024-02-18 07:57:00,62.26265635402747,1.7046015910873678,23.57785071707293,17.18551040504302,Morning,Monday,34.7020621089598,51.28401319295174,299.66295076387314,9.250148405255208,2.0,Level 2,Casual Driver,0,0,16.58195108399194,36.52622212696049,0.2760163380650779,0.7356895112393516,4,2,4.8128841317013515,2
User_1158,Tesla Model 3,62.0,Station_235,New York,2024-02-18 05:00:00,2024-02-18 08:10:00,35.84413909327468,3.7949895819234527,34.74098370272331,13.90718176938208,Evening,Friday,55.960807961988976,87.1055679955716,263.5762086133218,9.18785717676932,6.0,Dc Fast Charger,Casual Driver,0,0,31.144760033582628,9.44512186911128,0.3879903973475943,0.5781312756979786,5,2,7.353397662235269,3
User_1159,Nissan Leaf,100.0,Station_206,Los Angeles,2024-02-18 06:00:00,2024-02-18 08:02:00,55.46883682152323,3.540379012105647,26.484266980325483,14.82891240314395,Morning,Friday,38.4751768013842,82.29836275119712,76.92654460564061,1.3585055213685724,0.0,Level 1,Long-Distance Traveler,0,0,43.82318594981292,15.667485495721838,0.2673377206530853,0.5546883682152324,6,2,1.3868425770881008,1
User_1160,Hyundai Kona,62.0,Station_150,Chicago,2024-02-18 07:00:00,2024-02-18 09:12:00,19.721540010730703,1.4832810341977656,47.60911599293456,9.040987724125769,Afternoon,Friday,58.69009594389493,84.5528682061711,32.32362538971208,35.769526773223475,1.4131071299836229,Level 1,Commuter,0,0,25.862772262276167,13.29588901633676,0.45843213659817994,0.31808935501178554,7,2,1.639001080652142,1
User_1161,Tesla Model 3,28.59217552015043,Station_159,New York,2024-02-18 08:00:00,2024-02-18 10:33:00,68.45025675480477,2.1861491819293675,14.971801438288828,14.502847435826103,Afternoon,Thursday,26.459694563687,98.79022101047224,61.80897320870788,18.59929373713665,4.38750096917324,Level 1,Commuter,0,0,72.33052644678524,31.310880941068522,0.21187425911018362,2.3940205846373677,8,2,0.902976499125685,1
User_1162,Tesla Model 3,62.0,Station_279,Los Angeles,2024-02-18 09:00:00,2024-02-18 09:39:00,79.94974411198142,1.6591607025328534,10.887323539659542,17.623139346411513,Morning,Tuesday,52.13517502591924,93.01715305800631,176.22132849649384,34.42869923801459,6.0,Dc Fast Charger,Long-Distance Traveler,0,0,40.881978032087076,48.18685977189019,0.22042771421166407,1.2895120018061519,9,2,2.204151250936712,3
User_1163,Chevy Bolt,85.0,Station_304,Los Angeles,2024-02-18 10:00:00,2024-02-18 11:42:00,60.46898672586866,3.71738986284209,28.753354343418906,19.64928413083718,Afternoon,Thursday,33.679239622063506,78.9085482736939,147.7359251037458,-2.6601032029166607,1.0,Level 1,Commuter,0,0,45.22930865163039,16.26651735678801,0.32494812952490254,0.711399843833749,10,2,2.443168524941469,1
User_1164,Bmw I3,75.0,Station_404,Chicago,2024-02-18 11:00:00,2024-02-18 14:36:00,35.38265952853404,1.7178280150084737,23.771635495233188,16.08433954120137,Evening,Thursday,54.48146211687617,70.45984840964744,33.687799215282084,33.893571383819186,5.0,Level 1,Long-Distance Traveler,0,0,15.978386292771262,20.597323608300513,0.4545825485003549,0.4717687937137872,11,2,0.9520991260737438,1
User_1165,Nissan Leaf,62.0,Station_381,San Francisco,2024-02-18 12:00:00,2024-02-18 13:00:00,37.688027665454456,0.6024173820856626,45.36451456071446,33.81185989290742,Morning,Sunday,17.969742475972758,67.45668714691847,172.10193826820836,26.066961754406773,1.0,Level 2,Casual Driver,0,1,49.48694467094571,62.56132174502111,0.8971512171728742,0.6078714139589428,12,2,4.566488323451328,2
User_1166,Nissan Leaf,110.6581279246,Station_166,Chicago,2024-02-18 13:00:00,2024-02-18 16:05:00,20.79343928787075,1.47066972117344,30.185692832979,16.07618660146749,Afternoon,Saturday,33.55042871023524,93.64636491555372,155.78441572644002,13.65991905369698,6.0,Level 2,Commuter,0,1,60.09593620531848,14.138755281695586,0.7731374487358168,0.1879070220855258,13,2,7.491998489028813,2
User_1167,Hyundai Kona,100.0,Station_311,San Francisco,2024-02-18 14:00:00,2024-02-18 15:29:00,53.36289470151473,3.799819207963679,38.62554559470691,13.611919471082562,Night,Friday,33.26665160527895,92.03645412293866,42.13941422454072,29.88019647166928,4.0,Level 2,Commuter,0,0,58.76980251765971,14.043535173904202,0.2550821042827757,0.5336289470151473,14,2,0.789676318352808,2
User_1168,Hyundai Kona,100.0,Station_68,Los Angeles,2024-02-18 15:00:00,2024-02-18 17:40:00,24.267335453342245,1.6404240382645088,30.48577367290176,15.806354520950686,Afternoon,Tuesday,74.6842236981937,79.53017447619905,80.31857002371548,11.697359728518473,6.0,Dc Fast Charger,Long-Distance Traveler,0,0,4.845950778005346,14.793330801843126,0.65134281228942,0.24267335453342245,15,2,3.3097399662249907,3
User_1169,Nissan Leaf,62.0,Station_463,New York,2024-02-18 16:00:00,2024-02-18 18:27:00,68.20904345854468,2.8441911583636044,21.898724384362577,38.64636513406759,Night,Wednesday,63.86215199990342,87.90107600101733,71.16942977382499,34.37535950590644,5.0,Level 2,Long-Distance Traveler,1,0,24.038924001113912,23.981877328452327,0.5665871147651503,1.1001458622345917,16,2,1.0434016688282621,2
User_1170,Hyundai Kona,100.0,Station_88,Houston,2024-02-18 17:00:00,2024-02-18 20:32:00,27.70606778534244,2.858349510172882,45.32674459013657,38.03642615891435,Afternoon,Tuesday,46.48302918515636,98.6273440219893,104.86167280604526,19.029287814233463,4.0,Level 1,Commuter,0,0,52.14431483683294,9.693030081428596,1.3728554500627137,0.2770606778534244,17,2,3.7847908847433436,1
User_1171,Chevy Bolt,50.0,Station_217,Los Angeles,2024-02-18 18:00:00,2024-02-18 18:43:00,76.68731222622425,0.7298829248016605,45.75831385931956,35.26539493312963,Night,Sunday,33.29424517991321,52.03926252888994,190.9379314830794,38.73862523604778,1.0,Level 1,Commuter,0,1,18.74501734897673,105.06796312170664,0.4598595766285072,1.533746244524485,18,2,2.4898242739270975,1
User_1172,Nissan Leaf,50.0,Station_1,New York,2024-02-18 19:00:00,2024-02-18 22:35:00,45.36457787633022,0.5641102252550376,25.04146030496852,33.71264719385388,Afternoon,Thursday,39.08232599116617,91.73370608401818,109.93191496761852,37.330821979493706,5.0,Dc Fast Charger,Commuter,0,0,52.65138009285201,80.41793225042255,0.7431491434960328,0.9072915575266045,19,2,2.4232985318921587,3
User_1173,Hyundai Kona,50.0,Station_135,Los Angeles,2024-02-18 20:00:00,2024-02-18 22:52:00,27.498043111589936,1.3744963855629204,46.47734294698628,8.154864479291327,Night,Monday,61.5644479971477,63.28972367444196,97.46236881264964,12.409795888371692,3.0,Dc Fast Charger,Casual Driver,0,0,1.7252756772942561,20.00590427186042,0.29656162972026895,0.5499608622317987,20,2,3.544338352265183,3
User_1174,Nissan Leaf,100.0,Station_185,Chicago,2024-02-18 21:00:00,2024-02-18 21:31:00,74.70693087698855,3.68149298030484,33.46362565843205,38.766173522984936,Morning,Tuesday,56.90819742601112,90.23796992952722,166.68314426869878,7.884105497983775,1.0,Level 1,Commuter,0,0,33.329772503516104,20.292563717126132,0.518910000289221,0.7470693087698855,21,2,2.2311603797933697,1
User_1175,Bmw I3,100.0,Station_351,San Francisco,2024-02-18 22:00:00,2024-02-18 22:53:00,37.52045250571513,2.781840207444596,24.98401295415121,12.977643006800404,Morning,Friday,23.173993641361665,79.15155531676531,27.716882849778493,-7.647816773566554,0.0,Dc Fast Charger,Commuter,0,0,55.97756167540365,13.487637573612286,0.3458818361751806,0.3752045250571513,22,2,0.7387139812761226,3
User_1176,Tesla Model 3,100.56515006953762,Station_140,Los Angeles,2024-02-18 23:00:00,2024-02-19 02:55:00,24.04346935025211,2.9065385519269062,26.03119049253551,25.4853474133791,Night,Monday,50.45003529318749,81.15318319370941,146.92200690081458,8.825917552483563,1.0,Level 1,Long-Distance Traveler,1,0,30.70314790052192,8.272200392563985,1.0599696342537968,0.23908351286332105,23,2,6.11068247932672,1
User_1177,Nissan Leaf,75.0,Station_106,New York,2024-02-19 00:00:00,2024-02-19 01:33:00,9.51652733339272,1.2783700242921128,48.57649109999988,15.141281107263376,Afternoon,Wednesday,18.262214822486705,88.41412998142081,207.1049873292505,27.830930909390297,0.0,Level 2,Casual Driver,0,0,70.15191515893412,7.444266646241506,1.5910510816412888,0.12688703111190291,0,2,21.762664055252166,2
User_1178,Tesla Model 3,48.35371606217463,Station_133,Chicago,2024-02-19 01:00:00,2024-02-19 04:48:00,39.88426993608347,3.036909807335081,19.461110622460048,20.3396103891378,Evening,Wednesday,52.28837265751346,58.016494112477474,172.51949017269516,31.63668928912557,4.0,Level 1,Long-Distance Traveler,1,0,5.728121454964011,13.133175651035327,0.509965718859416,0.8248439454952977,1,2,4.325502019948371,1
User_1179,Hyundai Kona,50.0,Station_108,Houston,2024-02-19 02:00:00,2024-02-19 04:09:00,5.755524649492359,2.2904466878175924,39.127025402318914,34.39969184774937,Evening,Monday,63.61556869644066,73.807350446242,107.66904425344254,18.962712202970867,3.0,Dc Fast Charger,Commuter,0,0,10.191781749801336,2.5128393863541083,5.976812531031978,0.11511049298984717,2,2,18.707077253667748,3
User_1180,Tesla Model 3,100.0,Station_178,Chicago,2024-02-19 03:00:00,2024-02-19 05:23:00,13.003539499532652,1.704673382416253,41.18494267350982,18.408041959008088,Evening,Sunday,40.69499213107397,57.66600893156081,245.858001075849,39.63190879237284,6.0,Level 2,Casual Driver,0,1,16.971016800486844,7.628170671088359,1.4156177984978378,0.13003539499532651,3,2,18.907006133575027,2
User_1181,Nissan Leaf,62.0,Station_298,San Francisco,2024-02-19 04:00:00,2024-02-19 04:53:00,21.35157383578864,2.8572143402961414,21.496163367424792,19.29558103568069,Evening,Wednesday,49.32313954121575,56.183631872742914,29.25939733503646,2.5012019700363908,6.0,Level 1,Commuter,0,0,6.860492331527162,7.472863878170097,0.9037076697052759,0.34438022315788125,4,2,1.3703625578173095,1
User_1182,Bmw I3,100.0,Station_358,Chicago,2024-02-19 05:00:00,2024-02-19 08:04:00,48.84665066850152,1.6639703334245637,7.243947955667937,17.932954042273728,Night,Monday,22.710321135632327,62.07007350536415,107.30820591544423,-0.3367154696195218,3.0,Dc Fast Charger,Casual Driver,0,0,39.35975236973182,29.35548169778472,0.36712760848181736,0.4884665066850152,5,2,2.196838564095067,3
User_1183,Hyundai Kona,100.0,Station_380,Houston,2024-02-19 06:00:00,2024-02-19 09:14:00,9.206012694775316,2.858817714150072,14.832917019534175,34.44812381475987,Morning,Thursday,46.607930464309526,66.14678806221944,280.54368535047314,18.455941632134504,7.0,Dc Fast Charger,Casual Driver,0,0,19.538857597909917,3.2202167522640623,3.7419157410363115,0.09206012694775316,6,2,30.47396246908175,3
User_1184,Nissan Leaf,75.0,Station_396,New York,2024-02-19 07:00:00,2024-02-19 09:00:00,19.93670718240265,1.9064831850782733,26.749078187318933,37.01873127551725,Morning,Monday,12.434282853171972,100.0,105.65724726981615,3.369212621798414,3.0,Level 2,Casual Driver,0,0,87.56571714682804,10.457321280588227,1.856812709181596,0.26582276243203534,7,2,5.299633801266624,2
User_1185,Hyundai Kona,62.0,Station_359,Los Angeles,2024-02-19 08:00:00,2024-02-19 11:16:00,42.2855347814151,1.0543624141544703,27.817382166108,12.426903943074102,Evening,Thursday,43.43501655407322,56.18842902969999,122.2954081784858,12.786009352544973,2.0,Level 1,Casual Driver,0,0,12.753412475626767,40.10531313877054,0.2938807326739981,0.6820247545389533,8,2,2.892133416561065,1
User_1186,Chevy Bolt,85.0,Station_146,San Francisco,2024-02-19 09:00:00,2024-02-19 12:40:00,76.18778788307228,2.8502383451136155,14.984051430614867,22.64610296532649,Morning,Sunday,10.285314614367564,76.73373540916441,69.18658683479167,15.247349649826322,0.0,Level 1,Casual Driver,0,1,66.44842079479685,26.730321698775438,0.2972405892671691,0.8963269162714386,9,2,0.9081059938500174,1
User_1187,Tesla Model 3,75.0,Station_450,Houston,2024-02-19 10:00:00,2024-02-19 13:56:00,72.94073165721504,3.609229819666397,13.825035587120569,35.858869853499414,Night,Friday,44.08631934914307,61.937250516895816,19.30831574067269,38.666963309829576,6.0,Dc Fast Charger,Casual Driver,0,0,17.850931167752748,20.209500447925755,0.4916165363135946,0.9725430887628672,10,2,0.2647123945974674,3
User_1188,Chevy Bolt,75.0,Station_74,San Francisco,2024-02-19 11:00:00,2024-02-19 11:55:00,24.54169744898367,1.7128937441723353,25.857794702299618,31.057746282670188,Evening,Friday,18.634468421016173,76.45593405264898,81.73856181446357,-1.6381935602543043,4.592278255911912,Level 2,Long-Distance Traveler,0,0,57.82146563163281,14.327623959443052,1.2655092968704316,0.3272226326531156,11,2,3.330599359900778,2
User_1189,Nissan Leaf,85.0,Station_463,Chicago,2024-02-19 12:00:00,2024-02-19 13:34:00,7.446816605478516,3.4814381690198086,24.845842089870604,15.134226307880432,Night,Wednesday,65.871422799937,84.10892630331702,30.92221633424317,10.506884363450856,2.077846517447363,Level 1,Long-Distance Traveler,0,0,18.237503503380026,2.139005848716581,2.032308180752887,0.08760960712327666,12,2,4.1524073939855235,1
User_1190,Bmw I3,85.0,Station_478,San Francisco,2024-02-19 13:00:00,2024-02-19 15:29:00,17.199039032159078,1.6631801307711285,25.857794702299618,38.8861741410318,Night,Saturday,24.073834346422565,76.8111578328771,160.29392451031427,-4.2535329228156415,1.0,Level 2,Commuter,0,1,52.737323486454535,10.341056097263978,2.2609503977705803,0.20234163567245975,13,2,9.319934922561298,2
User_1191,Hyundai Kona,50.0,Station_108,Houston,2024-02-19 14:00:00,2024-02-19 14:33:00,40.24838259933458,2.287832254990381,21.67222573589489,8.331034986055567,Afternoon,Saturday,58.68736692841344,84.9600964622972,116.65507846903554,-3.112536168985105,1.0,Dc Fast Charger,Casual Driver,0,1,26.272729533883762,17.59236609744529,0.20699055335936162,0.8049676519866916,14,2,2.8983792871956098,3
User_1192,Tesla Model 3,75.0,Station_122,Los Angeles,2024-02-19 15:00:00,2024-02-19 18:06:00,72.27855411576432,1.0953543616585946,7.443107755455118,11.989514562319911,Night,Monday,65.56631387099664,87.22062649241695,155.30508006828438,4.698829486440202,7.0,Level 1,Casual Driver,1,0,21.654312621420317,65.98645757553706,0.16587928063858345,0.9637140548768577,15,2,2.14870208692251,1
User_1193,Hyundai Kona,85.0,Station_17,Los Angeles,2024-02-19 16:00:00,2024-02-19 16:30:00,18.01705100546142,2.461603715954156,43.70116825973557,17.784552971235748,Afternoon,Sunday,71.41075857249324,76.22136172265118,28.54920389274597,19.16560070339951,4.0,Dc Fast Charger,Long-Distance Traveler,0,1,4.810603150157945,7.319232940984462,0.9870956665352618,0.21196530594660493,16,2,1.5845658584244444,3
User_1194,Nissan Leaf,75.0,Station_196,San Francisco,2024-02-19 17:00:00,2024-02-19 18:19:00,59.126629342112274,2.4214112224514865,6.938614078941109,37.98580056569231,Evening,Thursday,47.37859058478252,51.070619780241294,238.7363609885128,19.745234345009298,0.0,Level 1,Commuter,0,0,3.6920291954587725,24.418251965583632,0.6424482671911309,0.7883550578948303,17,2,4.037713017719336,1
User_1195,Hyundai Kona,85.0,Station_327,New York,2024-02-19 18:00:00,2024-02-19 20:19:00,35.86668099087705,4.226667873215021,32.79732044472121,25.03077550094883,Night,Friday,83.51568603776872,85.70187848640649,258.03171714046346,8.253481653676824,5.352188076255658,Dc Fast Charger,Commuter,0,0,2.186192448637769,8.48580538304634,0.6978837965886944,0.42196095283384766,18,2,7.19418998390444,3
User_1196,Tesla Model 3,62.0,Station_318,San Francisco,2024-02-19 19:00:00,2024-02-19 21:48:00,5.20011260069647,1.8876640005318568,49.3332345217414,30.865446026333004,Morning,Sunday,18.983577712791817,89.64463555022162,179.29269019534732,37.57672672417906,2.396060328531535,Level 1,Long-Distance Traveler,0,1,70.66105783742981,2.7547871862955047,5.935534169433001,0.08387278388220114,19,2,34.47861689982136,1
User_1197,Nissan Leaf,50.0,Station_297,Chicago,2024-02-19 20:00:00,2024-02-19 21:43:00,28.77227402735012,1.1929063943723863,25.79879262675929,17.020098362641242,Evening,Friday,27.98535524715724,69.49637808673178,163.03903239714137,37.4853473103662,6.0,Level 2,Long-Distance Traveler,0,0,41.51102283957454,24.119473382895087,0.591545122448869,0.5754454805470024,20,2,5.666532726685454,2
User_1198,Hyundai Kona,75.0,Station_479,Los Angeles,2024-02-19 21:00:00,2024-02-20 00:36:00,61.90801716904538,3.09976792162395,37.77442265439287,31.22274619292504,Night,Friday,18.216135308909685,88.05542208773109,291.18090476354723,18.77488486854991,3.0,Level 1,Casual Driver,0,0,69.8392867788214,19.97182328947134,0.5043409177145594,0.8254402289206051,21,2,4.7034442076936775,1
User_1199,Bmw I3,100.0,Station_499,Los Angeles,2024-02-19 22:00:00,2024-02-19 23:31:00,35.017606522824096,2.848815610735716,12.54074292674547,26.8282276724864,Night,Wednesday,19.06936529875868,77.58691651286874,49.66563770855315,10.204876258349907,3.0,Level 1,Long-Distance Traveler,0,0,58.51755121411006,12.291987726710289,0.7661353912067077,0.35017606522824096,22,2,1.4183047512451095,1
User_1200,Nissan Leaf,50.0,Station_252,Los Angeles,2024-02-19 23:00:00,2024-02-20 00:50:00,14.804488742545598,2.6140629880131234,27.499247528804364,33.99393418244686,Morning,Friday,19.598024652744,82.03353841178316,58.8701636930474,27.22215780885722,3.0,Dc Fast Charger,Casual Driver,0,0,62.435513759039154,5.66340168941303,2.296191025141857,0.2960897748509119,23,2,3.976507714438291,3
User_1201,Nissan Leaf,75.0,Station_487,New York,2024-02-20 00:00:00,2024-02-20 03:13:00,65.10291874065945,1.0208252585151376,47.43975214885614,31.701056437042,Afternoon,Saturday,17.25397204903592,99.6717975680798,41.25609709872159,10.926311832543378,4.0,Level 1,Commuter,0,1,82.41782551904387,63.77479220621582,0.48693756056198734,0.868038916542126,0,2,0.6337057984000257,1
User_1202,Bmw I3,75.0,Station_119,New York,2024-02-20 01:00:00,2024-02-20 02:25:00,18.120951026827235,3.405813276569597,35.164034359851314,15.365010754049718,Night,Tuesday,41.08155523029463,100.0,277.0150898908713,4.59963282797691,7.0,Level 1,Casual Driver,0,0,58.91844476970537,5.320594394146886,0.8479141481759167,0.24161268035769648,1,2,15.287006155513758,1
User_1203,Chevy Bolt,86.71809381532775,Station_162,Houston,2024-02-20 02:00:00,2024-02-20 04:20:00,61.63104965912597,2.942916165689722,20.391192291148027,32.96419115136705,Night,Wednesday,23.35781808377515,96.40888301425215,83.91991846336025,-6.983337242078843,3.0,Level 1,Long-Distance Traveler,0,0,73.051064930477,20.94216966750791,0.534863373797592,0.7107057702441385,2,2,1.3616499950513803,1
User_1204,Tesla Model 3,75.0,Station_198,San Francisco,2024-02-20 03:00:00,2024-02-20 03:50:00,71.8059193887291,3.736266174957047,39.46787878394304,21.00678380055329,Morning,Monday,49.89930236506439,60.39169483747191,55.97477442025748,-0.8311422705916858,2.0,Dc Fast Charger,Casual Driver,0,0,10.492392472407516,19.218630586337866,0.29254947195691205,0.9574122585163879,3,2,0.7795286920181608,3
User_1205,Chevy Bolt,100.0,Station_498,San Francisco,2024-02-20 04:00:00,2024-02-20 06:50:00,45.98918433743132,1.5990277384572906,42.36438973237176,19.23049024220647,Evening,Tuesday,60.39019372509928,63.54347399574311,113.45511882331388,5.824782102557993,3.0,Level 1,Casual Driver,1,0,3.153280270643833,28.760717047848555,0.41815245300087817,0.45989184337431316,4,2,2.4669956742627197,1
User_1206,Hyundai Kona,100.0,Station_486,Chicago,2024-02-20 05:00:00,2024-02-20 05:38:00,45.858999052265375,1.3093292808686268,47.503737971035065,35.54794042646574,Night,Wednesday,26.447257316508875,50.88290885213277,85.00477868174715,7.159703373364536,4.0,Level 2,Long-Distance Traveler,0,0,24.435651535623897,35.02480218103875,0.7751573553960882,0.45858999052265376,5,2,1.8536117324511912,2
User_1207,Bmw I3,100.0,Station_45,Los Angeles,2024-02-20 06:00:00,2024-02-20 08:48:00,55.691891653122006,2.870813713553876,3.856230310405413,5.433701239340921,Afternoon,Sunday,25.91294329665161,91.24425598403384,132.9596225238148,11.35363499376702,0.0,Level 2,Casual Driver,0,1,65.33131268738224,19.39934012095099,0.09756718757525479,0.55691891653122,6,2,2.387414371771681,2
User_1208,Chevy Bolt,61.95336635157009,Station_314,New York,2024-02-20 07:00:00,2024-02-20 10:52:00,23.05045623839652,3.661900843125582,36.7698740294614,9.644170358721697,Afternoon,Wednesday,36.14353480862364,50.590866788910525,286.3788213543384,-7.858269925073039,2.0,Dc Fast Charger,Commuter,0,0,14.447331980286883,6.29466968819451,0.41839390331271736,0.37206140030536616,7,2,12.423997963098888,3
User_1209,Nissan Leaf,50.0,Station_179,Chicago,2024-02-20 08:00:00,2024-02-20 09:39:00,39.97272424864232,0.6941299404276727,37.675321852429775,35.47518868295804,Morning,Thursday,71.13650830929953,88.2973709644651,60.91729092497904,11.022766626236226,4.0,Level 1,Casual Driver,1,0,17.160862655165573,57.58680316255198,0.8874848875020811,0.7994544849728464,8,2,1.5239714597898117,1
User_1210,Hyundai Kona,75.0,Station_382,Chicago,2024-02-20 09:00:00,2024-02-20 11:38:00,21.05357940478484,1.4617679826287715,6.306066001187466,46.17291743881244,Afternoon,Tuesday,50.70981922850209,64.13652349959695,135.63711211756276,26.193341439430043,5.0,Dc Fast Charger,Long-Distance Traveler,0,0,13.426704271094856,14.402818815967716,2.193114840525347,0.2807143920637979,9,2,6.442472774331977,3
User_1211,Hyundai Kona,100.0,Station_418,New York,2024-02-20 10:00:00,2024-02-20 12:27:00,8.789017000425101,2.9124603386156505,24.845842089870604,15.66221410500024,Night,Tuesday,49.82374376270066,86.76483394013943,98.6602453811966,-9.124475929254602,1.0,Level 1,Long-Distance Traveler,0,0,36.94109017743877,3.017729334849138,1.7820211411859483,0.087890170004251,10,2,11.22540158659662,1
User_1212,Chevy Bolt,62.0,Station_44,San Francisco,2024-02-20 11:00:00,2024-02-20 14:47:00,97.6677653925048,2.819041425308821,34.00613293122943,14.873470665507764,Afternoon,Saturday,31.7169107119339,63.995768026827264,249.0723706064663,-7.754748568636635,5.0,Dc Fast Charger,Long-Distance Traveler,0,1,32.278857314893365,34.64573614125074,0.1522863823671467,1.575286538588787,11,2,2.550200361454984,3
User_1213,Chevy Bolt,100.0,Station_271,Los Angeles,2024-02-20 12:00:00,2024-02-20 15:54:00,39.94579631974886,2.705994138237201,34.1015981435489,29.24488324742495,Night,Tuesday,15.073705966426454,98.6113298985728,132.7866428816962,-5.499048907391532,1.0,Level 1,Casual Driver,0,0,83.53762393214635,14.761967055025197,0.732114163235908,0.3994579631974886,12,2,3.32417062908939,1
User_1214,Bmw I3,86.16648846991009,Station_78,San Francisco,2024-02-20 13:00:00,2024-02-20 14:25:00,41.01292040629061,3.069542306569536,35.239594294264535,43.374108624442194,Morning,Friday,56.93067672987071,79.67504954632604,223.72002576711333,31.58905780067694,2.0,Level 1,Commuter,0,0,22.744372816455325,13.361249433999786,1.0575718138274646,0.475972981312945,13,2,5.454866991934543,1
User_1215,Tesla Model 3,75.0,Station_326,Chicago,2024-02-20 14:00:00,2024-02-20 15:00:00,11.422192304640166,3.254397835722627,26.14430269947817,12.858236229799587,Afternoon,Saturday,60.19969203469616,75.85891513688586,31.30638473922064,-2.44159530106516,4.0,Dc Fast Charger,Long-Distance Traveler,1,1,15.659223102189692,3.509771355936239,1.125724019247692,0.15229589739520222,14,2,2.7408385276881297,3
User_1216,Chevy Bolt,100.0,Station_178,Los Angeles,2024-02-20 15:00:00,2024-02-20 16:06:00,52.28437229318183,1.7728069001606237,23.87673157167134,23.70329353701408,Night,Sunday,21.85862017889134,79.26462882824637,41.29155664965743,6.385560976611462,6.0,Dc Fast Charger,Long-Distance Traveler,0,1,57.40600864935503,29.492423731227948,0.453353315673355,0.5228437229318184,15,2,0.7897494956641581,3
User_1217,Chevy Bolt,75.0,Station_357,Houston,2024-02-20 16:00:00,2024-02-20 19:24:00,77.63234569193523,3.306874017578997,11.179014560862132,10.906383271837058,Evening,Friday,54.643859299661386,58.01818477546587,101.40291219481855,2.211083949613,2.0,Dc Fast Charger,Commuter,0,0,3.3743254758044827,23.47605178765498,0.1404876173021532,1.0350979425591365,16,2,1.3061941036434856,3
User_1218,Nissan Leaf,50.0,Station_498,Chicago,2024-02-20 17:00:00,2024-02-20 19:00:00,14.175393197160597,2.206144329104404,21.857389617404845,23.920286374978524,Night,Saturday,18.139377516618723,64.34409488966753,295.9593309185726,8.0139996180962,7.0,Level 1,Long-Distance Traveler,0,1,46.20471737304881,6.425415150837014,1.6874513491287055,0.2835078639432119,17,2,20.87838600327889,1
User_1219,Hyundai Kona,62.0,Station_416,San Francisco,2024-02-20 18:00:00,2024-02-20 20:23:00,28.337522357857683,2.2607468723450665,36.28607872971303,35.18238654954788,Night,Monday,25.450179505817587,95.74806410053785,85.88564156991364,15.725063881272998,7.0,Dc Fast Charger,Casual Driver,0,0,70.29788459472026,12.53458434666029,1.2415477297291726,0.457056812223511,18,2,3.0308098388177718,3
User_1220,Tesla Model 3,100.0,Station_451,San Francisco,2024-02-20 19:00:00,2024-02-20 22:55:00,17.628897372729085,1.7302764040325571,11.380196211545622,30.59448576927669,Morning,Sunday,54.64351418640867,88.54355771236987,179.74890892986397,36.44591302779551,5.0,Level 1,Long-Distance Traveler,1,1,33.9000435259612,10.188486262451152,1.7354735876223684,0.17628897372729085,19,2,10.196264980697286,1
User_1221,Nissan Leaf,75.0,Station_3,San Francisco,2024-02-20 20:00:00,2024-02-20 22:37:00,45.45111536306598,1.1310299985017624,12.817069905556416,29.1510189697638,Night,Saturday,59.3130256074532,59.87147873828874,39.89135462894271,37.73130899577718,0.0,Level 2,Long-Distance Traveler,0,1,0.558453130835538,40.185596689100684,0.641370816467404,0.6060148715075464,20,2,0.8776760330365581,2
User_1222,Bmw I3,50.0,Station_214,New York,2024-02-20 21:00:00,2024-02-21 00:24:00,49.66092549992548,3.59024141613202,17.663341419791365,12.392087197216732,Morning,Monday,68.71101928718994,84.88161296476284,236.7315167633957,-4.137528822077404,0.0,Level 2,Casual Driver,0,0,16.170593677572896,13.832196708774013,0.24953395597178965,0.9932185099985097,21,2,4.766957409276452,2
User_1223,Bmw I3,85.0,Station_342,Chicago,2024-02-20 22:00:00,2024-02-21 00:31:00,23.942080345214407,2.159224759169293,18.819584772025628,23.77234837066541,Night,Saturday,24.122328324213527,90.8302547030802,190.2017656409444,-3.244674645052584,3.0,Level 1,Commuter,0,1,66.70792637886667,11.08827612481876,0.9929107257138194,0.2816715334731107,22,2,7.9442455667375755,1
User_1224,Chevy Bolt,85.0,Station_74,Los Angeles,2024-02-20 23:00:00,2024-02-21 00:38:00,23.86992273236189,2.441421134965461,23.603714404727395,10.910507508212492,Night,Monday,58.59438747516139,75.63832653295276,158.2224547654822,11.047991752951924,0.0,Level 1,Commuter,1,0,17.04393905779137,9.77706074159122,0.4570818108858166,0.2808226203807281,23,2,6.628528149819711,1
User_1225,Chevy Bolt,50.0,Station_51,San Francisco,2024-02-21 00:00:00,2024-02-21 03:35:00,8.641282040664738,2.494662938263948,19.66967079300812,21.978604437867293,Night,Friday,13.24841775679932,85.29183868833562,132.61341582089574,0.8741646568865473,4.0,Dc Fast Charger,Long-Distance Traveler,0,0,72.0434209315363,3.46390765186028,2.5434425510519003,0.17282564081329477,0,2,15.346497799381439,3
User_1226,Bmw I3,75.0,Station_67,San Francisco,2024-02-21 01:00:00,2024-02-21 02:05:00,11.139612943722046,0.767174747582585,24.845842089870604,37.3396294339549,Morning,Sunday,75.4379475116574,98.8551570193846,246.7058199314493,35.776099749649234,5.0,Level 1,Casual Driver,0,1,23.417209507727208,14.52030711232826,3.3519682975159744,0.1485281725829606,1,2,22.146713820113952,1
User_1227,Chevy Bolt,100.0,Station_332,New York,2024-02-21 02:00:00,2024-02-21 03:01:00,46.40242818798875,0.9790760332303992,38.51392773049149,6.692686295834163,Night,Sunday,58.62527785976149,61.77141434640873,18.639471828786697,-1.8986919291078903,3.0,Level 1,Casual Driver,1,1,3.1461364866472437,47.394100777737236,0.14423138092515947,0.4640242818798875,2,2,0.401691733744475,1
User_1228,Tesla Model 3,64.92538262404466,Station_93,Los Angeles,2024-02-21 03:00:00,2024-02-21 04:33:00,77.2662199543138,3.498121979409792,28.92648502242356,37.50769260514179,Morning,Saturday,34.59232797281263,92.20541049935828,27.664902149475136,11.995372899168595,3.0,Level 2,Commuter,0,1,57.61308252654565,22.08791471798541,0.4854345485947087,1.1900772368447898,3,2,0.358046532699968,2
User_1229,Chevy Bolt,100.0,Station_176,Chicago,2024-02-21 04:00:00,2024-02-21 07:48:00,5.995140564565627,3.9769703835389874,34.95390177071374,30.413027624980472,Evening,Thursday,36.39805027421534,62.02939828212693,270.6638630648035,22.975563617224864,5.0,Dc Fast Charger,Commuter,0,0,25.631348007911583,1.5074642218559169,5.072946546864498,0.05995140564565627,4,2,45.14720883519671,3
User_1230,Hyundai Kona,54.03223627344708,Station_145,Houston,2024-02-21 05:00:00,2024-02-21 08:19:00,21.270741905550192,3.342356048760274,40.17685077355911,12.186151848164938,Morning,Saturday,23.97110917899692,90.94302580985588,75.72756438939092,31.34685758576334,6.0,Dc Fast Charger,Commuter,0,1,66.97191663085897,6.363996413081067,0.5729067609524797,0.39366762089769763,5,2,3.5601750388232234,3
User_1231,Chevy Bolt,62.0,Station_7,New York,2024-02-21 06:00:00,2024-02-21 07:17:00,38.13860653803928,0.9480562282120272,42.51668875692226,21.81288373650265,Evening,Monday,79.20966433664086,100.0,145.0342957741259,39.70742947645548,7.0,Level 1,Casual Driver,0,0,20.790335663359144,40.22821157977753,0.5719370925297592,0.6151388151296657,6,2,3.80282105035666,1
User_1232,Nissan Leaf,85.0,Station_269,Chicago,2024-02-21 07:00:00,2024-02-21 10:51:00,37.9980325281785,2.0607338598297,10.493519676517534,16.652942996877634,Morning,Sunday,21.31000444838144,58.47308801172035,214.38410598075924,-1.8448305287580256,1.0,Dc Fast Charger,Casual Driver,0,1,37.16308356333891,18.439078072565216,0.4382580330844283,0.4470356768021,7,2,5.641979116202313,3
User_1233,Tesla Model 3,50.0,Station_376,Houston,2024-02-21 08:00:00,2024-02-21 09:50:00,12.89314235582393,2.141299952042856,17.34136645625693,18.14399891450073,Morning,Wednesday,78.3928712319015,78.8159074874725,88.54041810511625,20.055112427461744,0.0,Level 2,Casual Driver,0,0,0.4230362555710059,6.021175288181151,1.4072596434417672,0.2578628471164786,8,2,6.8672489344788685,2
User_1234,Nissan Leaf,85.0,Station_322,San Francisco,2024-02-21 09:00:00,2024-02-21 12:07:00,60.624560710723856,1.9622731644438964,22.68042226602135,32.741871550778995,Night,Friday,66.87086121499186,71.5767881781005,286.4220888698516,29.72374373724621,4.0,Level 2,Long-Distance Traveler,1,0,4.705926963108638,30.895066909761624,0.5400760214496251,0.713230126008516,9,2,4.724522297762176,2
User_1235,Nissan Leaf,100.0,Station_4,San Francisco,2024-02-21 10:00:00,2024-02-21 12:58:00,46.09404918662695,1.616070494721635,27.796976646946376,58.2546065714047,Afternoon,Thursday,74.47523223914841,75.87076299811594,58.28229304091584,33.66576144346836,7.0,Level 2,Long-Distance Traveler,0,0,1.3955307589675243,28.522301061233442,1.2638205494930967,0.46094049186626945,10,2,1.2644212012041027,2
User_1236,Hyundai Kona,75.0,Station_138,Los Angeles,2024-02-21 11:00:00,2024-02-21 12:29:00,5.868319195612725,0.890728405098075,21.32626413977922,21.90827594100225,Afternoon,Wednesday,28.90083254997095,97.35343585040852,280.9762024240972,-1.5624897888461415,4.0,Level 1,Commuter,0,0,68.45260330043757,6.5882250549386985,3.7333136134417026,0.078244255941503,11,2,47.88018392628689,1
User_1237,Tesla Model 3,62.0,Station_231,Houston,2024-02-21 12:00:00,2024-02-21 14:50:00,42.2855347814151,1.2816026654590182,36.60130618123146,29.78148179519326,Night,Wednesday,76.96022949767347,83.75662148016092,11.76940924523808,12.235644570305125,1.0,Level 1,Commuter,0,0,6.7963919824874495,32.994262512921765,0.7042947889660487,0.6820247545389533,12,2,0.27833180557079884,1
User_1238,Tesla Model 3,100.0,Station_88,San Francisco,2024-02-21 13:00:00,2024-02-21 13:30:00,77.69879024520026,1.224897157423554,26.42378193855539,17.05899333795074,Evening,Friday,52.49864487916761,66.17919066180764,196.2895364387553,36.64249003843529,5.0,Level 2,Long-Distance Traveler,0,0,13.680545782640031,63.43290926450651,0.219552882150627,0.7769879024520026,13,2,2.526288193410847,2
User_1239,Tesla Model 3,85.0,Station_17,San Francisco,2024-02-21 14:00:00,2024-02-21 15:34:00,94.36532940921012,2.2434218074905186,31.654116000336423,38.09452549270843,Night,Saturday,43.87900893699008,62.259321460776434,205.84036161786625,19.11913063666853,7.0,Level 2,Long-Distance Traveler,0,1,18.38031252378635,42.06312388251532,0.4036919674970199,1.1101803459907074,14,2,2.1813134432589187,2
User_1240,Tesla Model 3,62.0,Station_52,Los Angeles,2024-02-21 15:00:00,2024-02-21 16:02:00,43.95822631658241,1.767862582188473,36.00275417138911,10.432237271274918,Afternoon,Tuesday,60.90486524314052,81.09356513724907,49.91211987419893,3.915833020589746,4.0,Dc Fast Charger,Long-Distance Traveler,0,0,20.188699894108552,24.865182825559682,0.2373216152112933,0.7090036502674583,15,2,1.1354443537993826,3
User_1241,Tesla Model 3,85.0,Station_134,Chicago,2024-02-21 16:00:00,2024-02-21 17:07:00,76.48074420185159,1.9127243418837656,42.36624663230756,15.66189493307157,Morning,Thursday,27.9459134972956,85.81552369692857,92.32721901570342,5.652113104489251,3.0,Dc Fast Charger,Long-Distance Traveler,0,0,57.869610199632966,39.98524122222901,0.20478219840193967,0.8997734611982541,16,2,1.2071956147815333,3
User_1242,Hyundai Kona,78.51107776012078,Station_211,San Francisco,2024-02-21 17:00:00,2024-02-21 17:54:00,66.17819525015547,3.2649354225943634,5.923176780357402,37.27761608100582,Night,Saturday,40.62173244352232,54.00886612216782,108.1405504175817,2.241616906410464,3.0,Dc Fast Charger,Commuter,0,1,13.387133678645498,20.26937341307944,0.5632915183028997,0.8429153838946569,17,2,1.6340812862727265,3
User_1243,Chevy Bolt,50.0,Station_325,New York,2024-02-21 18:00:00,2024-02-21 21:03:00,76.24242378732372,3.728899690984893,6.798600809086855,21.089160225645102,Evening,Friday,61.4739229124934,76.9590769158117,94.4296964853171,2.554657853201496,4.0,Dc Fast Charger,Long-Distance Traveler,1,0,15.485154003318307,20.446359544519215,0.27660663418142073,1.5248484757464744,18,2,1.2385453110557754,3
User_1244,Nissan Leaf,75.0,Station_480,New York,2024-02-21 19:00:00,2024-02-21 22:54:00,35.15737675512804,0.1543006838884049,17.63994452579628,19.955886462562034,Night,Tuesday,76.27892651117047,83.58526083420006,31.791165374679405,-6.225485948901995,4.0,Level 2,Long-Distance Traveler,0,0,7.3063343230295885,227.84977920483465,0.5676159117773563,0.4687650234017072,19,2,0.9042530560828136,2
User_1245,Tesla Model 3,85.0,Station_458,Chicago,2024-02-21 20:00:00,2024-02-21 21:28:00,53.11979970086487,1.8073273628784672,41.69006799409875,33.38895965145784,Afternoon,Friday,60.93787155350576,79.45408421714306,139.2442142295559,18.711758044699764,6.0,Dc Fast Charger,Casual Driver,1,0,18.516212663637305,29.391354766113217,0.6285595924585954,0.6249388200101749,20,2,2.621324158104625,3
User_1246,Chevy Bolt,50.0,Station_393,Houston,2024-02-21 21:00:00,2024-02-22 00:10:00,43.12603811805074,2.7653907898092647,5.76663577394962,21.59525253632176,Morning,Friday,69.61870824455913,77.39673449495889,167.61739202432804,31.05761683790547,2.124835503089215,Level 2,Commuter,0,0,7.778026250399762,15.594916377451751,0.5007474249595606,0.8625207623610147,21,2,3.88668654341727,2
User_1247,Chevy Bolt,75.0,Station_219,Los Angeles,2024-02-21 22:00:00,2024-02-22 00:10:00,60.68153839035487,2.2151488205935204,15.631492191685426,31.651426512806086,Afternoon,Wednesday,52.46095601240184,69.58465649956185,61.5153080794194,15.95499673247742,2.0,Level 2,Commuter,0,0,17.123700487160008,27.393887862620463,0.5215989467702251,0.809087178538065,22,2,1.0137400881912553,2
User_1248,Nissan Leaf,85.0,Station_205,New York,2024-02-21 23:00:00,2024-02-22 01:36:00,33.67446234201802,2.008872705709381,24.859551942231587,37.39857228752191,Afternoon,Sunday,57.20207772870903,71.72530988079201,230.79083262324863,25.42640192513317,1.0,Level 1,Casual Driver,0,1,14.523232152082983,16.762865186187476,1.110591519106663,0.396170145200212,23,2,6.853586266031471,1
User_1249,Hyundai Kona,100.0,Station_211,New York,2024-02-22 00:00:00,2024-02-22 01:10:00,54.54859168539257,1.60323446506385,19.102870216691056,17.026769864449825,Afternoon,Saturday,65.6513286332472,86.25668559166435,44.41463471579849,26.22953591054577,3.0,Dc Fast Charger,Commuter,0,1,20.605356958417147,34.02408872442755,0.31213949505151717,0.5454859168539258,0,2,0.8142214738000683,3
User_1250,Bmw I3,62.0,Station_277,Chicago,2024-02-22 01:00:00,2024-02-22 04:07:00,14.11630705481829,0.9400021772463668,21.383146368000144,3.707066616087574,Afternoon,Friday,27.571039314792376,60.91086177664662,262.12941582158567,0.6693456361452217,5.0,Level 2,Commuter,0,0,33.33982246185424,15.017313147263618,0.26260881133371555,0.2276823718519079,1,2,18.569262825160322,2
User_1251,Bmw I3,62.0,Station_24,Houston,2024-02-22 02:00:00,2024-02-22 03:26:00,11.321914132806013,1.8218096881056245,39.95811626207474,3.059041506634992,Morning,Saturday,53.00916603198095,59.77588685400556,111.69908224424638,-0.8868868986711951,5.0,Level 1,Long-Distance Traveler,1,1,6.76672082202461,6.21465250005279,0.2701876617992723,0.18261151827106473,2,2,9.865741864318748,1
User_1252,Chevy Bolt,50.0,Station_486,Houston,2024-02-22 03:00:00,2024-02-22 06:26:00,26.586710215463047,1.7244365892735611,24.4507632366001,25.204753813243112,Afternoon,Tuesday,77.97541226482085,91.45202017355768,191.38730149081587,5.320091462398006,1.0,Level 1,Long-Distance Traveler,0,0,13.476607908736838,15.417621257191605,0.9480207821494148,0.5317342043092609,3,2,7.198607873624901,1
User_1253,Nissan Leaf,75.0,Station_4,Chicago,2024-02-22 04:00:00,2024-02-22 05:17:00,65.92220415676107,3.318274233997271,37.52496219553434,8.197264329097495,Evening,Wednesday,34.71180818363233,99.830388857032,31.81542082192569,-0.6475576581457609,3.0,Level 2,Commuter,0,0,65.11858067339968,19.866412330047126,0.12434754623198946,0.8789627220901476,4,2,0.48262070767945736,2
User_1254,Bmw I3,62.0,Station_152,New York,2024-02-22 05:00:00,2024-02-22 06:41:00,37.51588423680197,0.7971326905760627,25.857794702299618,9.589103255340843,Evening,Tuesday,26.13580449214771,69.59485829935613,238.75053370508013,-2.5607833131144915,7.0,Level 2,Casual Driver,0,0,43.45905380720842,47.063537451575876,0.2556011526961216,0.6050949070451931,5,2,6.3639852441721985,2
User_1255,Chevy Bolt,100.0,Station_443,Los Angeles,2024-02-22 06:00:00,2024-02-22 09:26:00,20.07464990247556,2.469105223394977,48.073862196486175,13.656835496798807,Afternoon,Tuesday,27.43144513513377,68.08524527719955,35.449160492718946,6.231144552493621,0.0,Dc Fast Charger,Casual Driver,0,0,40.653800142065776,8.130333900826333,0.6803025488935016,0.2007464990247556,6,2,1.765866934912147,3
User_1256,Hyundai Kona,100.0,Station_483,New York,2024-02-22 07:00:00,2024-02-22 10:24:00,10.390644028146834,1.4840355493987545,38.4249009837934,39.79579713027369,Evening,Wednesday,73.18196792983179,88.86128564501877,243.31469364958875,39.39447334918633,4.0,Dc Fast Charger,Commuter,1,0,15.679317715186983,7.001613965619977,3.829964439400707,0.10390644028146834,7,2,23.41670958898048,3
User_1257,Bmw I3,75.0,Station_259,Houston,2024-02-22 08:00:00,2024-02-22 09:25:00,5.892835163588776,1.2359897744455028,40.776826988908375,11.651157794244131,Afternoon,Saturday,12.90517914685882,57.543169274328136,100.99005497784172,16.892296483696548,1.0,Level 2,Commuter,0,1,44.637990127469315,4.767705433673555,1.9771735456364774,0.07857113551451701,8,2,17.13777021998662,2
User_1258,Chevy Bolt,75.0,Station_324,New York,2024-02-22 09:00:00,2024-02-22 10:34:00,48.52491426934318,3.001670866278254,6.023479239058313,6.771002971663727,Morning,Tuesday,53.06724790483541,90.07623145582792,119.9907809526212,37.131539818916,6.0,Level 2,Commuter,0,0,37.00898355099251,16.165967699686142,0.1395366292474107,0.6469988569245757,9,2,2.472766469747858,2
User_1259,Chevy Bolt,100.0,Station_357,Los Angeles,2024-02-22 10:00:00,2024-02-22 10:41:00,51.94497776365302,2.4615937135645067,9.166036637016663,29.47187656734991,Morning,Monday,61.46401328288867,96.38960476102687,220.7754359163879,14.483399483425266,3.0,Level 1,Commuter,0,0,34.9255914781382,21.102173554235392,0.5673671996058105,0.5194497776365302,10,2,4.250178658674276,1
User_1260,Tesla Model 3,85.0,Station_168,San Francisco,2024-02-22 11:00:00,2024-02-22 12:38:00,20.79043601283822,3.2474625768175143,41.23721127651863,25.792472902309274,Evening,Saturday,49.96693224975138,63.11113229359482,259.92418832966825,22.89738526887777,2.0,Level 1,Long-Distance Traveler,0,1,13.14420004384344,6.402055611434535,1.240593169204449,0.24459336485692024,11,2,12.502103763921232,1
User_1261,Hyundai Kona,100.0,Station_176,New York,2024-02-22 12:00:00,2024-02-22 14:43:00,49.48345837435455,1.7322676793318448,18.93760769920245,37.66079512400282,Evening,Sunday,23.264357666126408,53.993533699815,49.05420612095306,-7.478114898036261,4.0,Level 1,Long-Distance Traveler,0,1,30.729176033688596,28.565711272429258,0.761078476752567,0.4948345837435455,12,2,0.9913253384564578,1
User_1262,Tesla Model 3,75.0,Station_310,Chicago,2024-02-22 13:00:00,2024-02-22 14:58:00,25.527547211644688,0.4348899347683468,24.845842089870604,25.021181815618963,Afternoon,Sunday,20.065397433186966,80.3207465989539,265.2383489384838,18.99653953427724,4.0,Level 1,Commuter,0,1,60.25534916576694,58.69886877295164,0.9801639620200275,0.3403672961552625,13,2,10.390279439674966,1
User_1263,Nissan Leaf,50.0,Station_291,San Francisco,2024-02-22 14:00:00,2024-02-22 17:42:00,19.958025275991496,1.2982715793607214,43.00765805491575,37.06093993587496,Night,Friday,15.82012202213054,53.37481226496149,51.421823945873975,30.006274375568573,2.0,Level 1,Casual Driver,0,0,37.55469024283095,15.372766063183002,1.8569442328774588,0.3991605055198299,14,2,2.576498588150996,1
User_1264,Tesla Model 3,50.0,Station_479,Chicago,2024-02-22 15:00:00,2024-02-22 15:54:00,33.694161775319,3.982832649146134,22.7071329794279,35.80127288903917,Afternoon,Wednesday,70.55530611428432,87.1299945616067,29.81287894734365,10.607186286536084,4.0,Dc Fast Charger,Long-Distance Traveler,1,0,16.574688447322373,8.459848741709642,1.0625363862075248,0.6738832355063801,15,2,0.8848084468206479,3
User_1265,Tesla Model 3,50.0,Station_56,Chicago,2024-02-22 16:00:00,2024-02-22 16:30:00,45.15937317195059,0.9190462989996282,31.31248135190241,39.25370608868568,Afternoon,Sunday,11.792607718349384,50.75166478809943,61.5066692485589,17.258362408967805,5.0,Level 1,Commuter,0,1,38.959057069750045,49.13721237015597,0.8692261059342374,0.9031874634390118,16,2,1.361991208654817,1
User_1266,Bmw I3,100.0,Station_108,Chicago,2024-02-22 17:00:00,2024-02-22 20:09:00,60.83110355266755,3.5741893701518244,48.32123616672255,9.975404652936104,Morning,Wednesday,26.45024651766164,83.89886666729896,29.674901099856857,3.171791758702938,6.561021126883453,Level 2,Casual Driver,0,0,57.44862014963732,17.019552478296237,0.16398526527304247,0.6083110355266755,17,2,0.48782447410582214,2
User_1267,Chevy Bolt,75.0,Station_473,New York,2024-02-22 18:00:00,2024-02-22 20:40:00,40.24838259933458,1.2328346670602044,43.9802245344234,22.56083773509447,Night,Saturday,76.70306650389135,87.03039027719285,286.32336500038565,15.612703168824927,3.2249349659859665,Dc Fast Charger,Long-Distance Traveler,0,1,10.3273237733015,32.64702370457359,0.5605402323786165,0.5366451013244611,18,2,7.113909839575004,3
User_1268,Hyundai Kona,100.0,Station_296,Houston,2024-02-22 19:00:00,2024-02-22 20:18:00,47.67827374967497,1.4249095724737948,37.74994617838915,36.54860154374506,Night,Monday,67.25319330916514,75.29020927180612,268.6951244624599,27.78096351062102,0.0,Level 1,Long-Distance Traveler,1,0,8.037015962640979,33.460561056446835,0.7665672154079239,0.4767827374967497,19,2,5.635588357774627,1
User_1269,Tesla Model 3,85.0,Station_461,San Francisco,2024-02-22 20:00:00,2024-02-22 22:56:00,27.63793401856366,1.920578840930284,57.099752173598255,10.218234726960972,Afternoon,Monday,38.42252020734118,73.05861868368035,206.4395411946484,9.383136165270326,7.0,Level 1,Commuter,0,0,34.63609847633917,14.390418882869959,0.36971774808122987,0.32515216492427834,20,2,7.469427383971193,1
User_1270,Hyundai Kona,62.0,Station_324,Los Angeles,2024-02-22 21:00:00,2024-02-22 22:29:00,66.46105412754665,3.89415989940598,47.72349822012419,21.56690777333289,Morning,Monday,61.04916218275036,70.39015065483127,250.86436658538844,18.390040021966445,0.0201557410022024,Level 1,Casual Driver,0,0,9.340988472080916,17.06685288852281,0.32450444935681333,1.0719524859281717,21,2,3.7746070970218133,1
User_1271,Tesla Model 3,75.0,Station_302,Houston,2024-02-22 22:00:00,2024-02-23 01:06:00,46.09404918662695,0.5483777143412314,37.24649565538281,15.367365393001297,Evening,Monday,19.89094138704111,62.23223391052393,49.1226600425559,-2.462733809090223,4.0,Level 2,Commuter,0,0,42.34129252348282,84.05529251311741,0.3333915258948385,0.6145873224883593,22,2,1.0657050293773633,2
User_1272,Nissan Leaf,75.0,Station_334,New York,2024-02-22 23:00:00,2024-02-23 02:27:00,42.2855347814151,2.337807459151928,36.93224167774966,25.857017826746723,Morning,Thursday,74.55361228325549,83.23203560509185,56.90226163619891,37.49251830191409,7.0,Level 1,Long-Distance Traveler,0,0,8.678423321836362,18.08768922174402,0.6114861254660336,0.563807130418868,23,2,1.345667305151548,1
User_1273,Tesla Model 3,62.0,Station_141,Chicago,2024-02-23 00:00:00,2024-02-23 00:31:00,10.201613009568993,3.993692464101333,36.80042526371527,36.56517624645392,Evening,Wednesday,67.3630481060283,94.84613705113878,131.97073687718645,12.616241444127668,1.0,Level 2,Casual Driver,0,0,27.48308894511048,2.554431294164403,3.584254393119619,0.1645421453156289,0,2,12.936261819910191,2
User_1274,Bmw I3,85.0,Station_155,Los Angeles,2024-02-23 01:00:00,2024-02-23 02:42:00,67.61464385497968,3.9267976658180577,23.40224119982806,24.015707429832904,Morning,Tuesday,55.0940413968818,65.52770174811384,227.0629386028573,6.143677508852317,0.0,Level 2,Long-Distance Traveler,1,0,10.433660351232042,17.21877458661821,0.3551850022510205,0.7954663982938786,1,2,3.358191741568045,2
User_1275,Chevy Bolt,85.0,Station_262,San Francisco,2024-02-23 02:00:00,2024-02-23 05:33:00,8.936913796477242,3.623260788462997,35.31712403702,9.93476894280921,Night,Wednesday,27.047854491878383,93.46087660830996,79.48903371334954,14.33109534501114,6.0,Level 1,Commuter,0,0,66.41302211643158,2.466538932260606,1.1116554516532657,0.10514016231149696,2,2,8.894461278644377,1
User_1276,Nissan Leaf,62.0,Station_273,Houston,2024-02-23 03:00:00,2024-02-23 05:54:00,26.4440331229724,3.69223745793969,27.121429900667824,27.370437097760146,Morning,Sunday,63.48160387106212,80.47775508228382,265.5605629056878,14.39410549158626,3.0,Level 1,Commuter,0,1,16.9961512112217,7.1620618728375245,1.035032627983776,0.4265166632737484,3,2,10.042362360943748,1
User_1277,Tesla Model 3,100.0,Station_420,Houston,2024-02-23 04:00:00,2024-02-23 07:37:00,42.01795949517358,0.7302658470574883,13.302986684846337,13.08860586253993,Afternoon,Wednesday,55.03840484815587,70.45005705402863,1.899537885161329,14.641852951912686,5.0,Dc Fast Charger,Long-Distance Traveler,0,0,15.411652205872763,57.5378948152642,0.3115002732115862,0.4201795949517358,4,2,0.04520776134737149,3
User_1278,Hyundai Kona,75.0,Station_232,Los Angeles,2024-02-23 05:00:00,2024-02-23 07:19:00,27.99720488584749,1.7686214108047422,26.13523981227178,25.537205087810253,Evening,Wednesday,59.66062734267151,95.05422121053404,212.7082847889183,-6.855072544961956,0.0,Dc Fast Charger,Commuter,0,0,35.39359386786253,15.82995926364391,0.9121340930972448,0.3732960651446332,5,2,7.597482879315632,3
User_1279,Nissan Leaf,50.0,Station_241,New York,2024-02-23 06:00:00,2024-02-23 09:13:00,34.54134762062127,2.539178253623862,14.239592111842915,26.03350587352015,Morning,Monday,16.960526964484828,84.59905625717587,181.85383722004755,13.028878136959383,2.0,Dc Fast Charger,Commuter,0,0,67.63852929269105,13.603356743987778,0.7536910881258749,0.6908269524124254,6,2,5.264815930675511,3
User_1280,Nissan Leaf,100.0,Station_355,San Francisco,2024-02-23 07:00:00,2024-02-23 08:30:00,67.07828216010658,3.883982812856207,23.09814335289288,11.980655664980183,Morning,Monday,23.032215463439087,95.02831176592272,195.7197040879724,5.0100278823816495,3.0,Level 2,Long-Distance Traveler,0,0,71.99609630248364,17.270488926488966,0.17860707339499265,0.6707828216010658,7,2,2.9177805063763635,2
User_1281,Tesla Model 3,100.0,Station_337,Los Angeles,2024-02-23 08:00:00,2024-02-23 08:46:00,39.70699556704798,3.775135400150372,18.68529365558645,24.19250985524865,Evening,Thursday,34.03764756225564,96.36574795375611,209.3717699783492,0.2591031271149493,7.0,Level 1,Casual Driver,0,0,62.32810039150047,10.518032165274487,0.6092757588369521,0.3970699556704798,8,2,5.272918965244061,1
User_1282,Nissan Leaf,50.0,Station_489,Chicago,2024-02-23 09:00:00,2024-02-23 10:18:00,6.448880265075534,2.2464335181781654,11.019391595294064,5.3882372733572375,Morning,Saturday,26.98292870121461,98.39737010831394,157.31824017266305,12.193184724352538,7.0,Dc Fast Charger,Long-Distance Traveler,0,1,71.41444140709933,2.8707193927134376,0.8355306738346036,0.12897760530151067,9,2,24.394659802358795,3
User_1283,Hyundai Kona,62.0,Station_258,San Francisco,2024-02-23 10:00:00,2024-02-23 11:45:00,30.751503981203896,3.7776687534767657,19.48012395431718,12.89960746645384,Evening,Wednesday,49.52688345849289,68.65310734292194,129.54556576013024,31.980349802192308,0.1900469257372576,Level 2,Long-Distance Traveler,0,0,19.126223884429052,8.140338920108293,0.41947891310741775,0.49599199969683705,10,2,4.212657886239054,2
User_1284,Nissan Leaf,50.0,Station_249,Houston,2024-02-23 11:00:00,2024-02-23 14:37:00,28.80292498005887,0.7584002476785885,45.5188443075354,20.89934494279457,Night,Friday,73.686855701566,81.23277626442751,22.3327261690371,-0.2573590462581006,3.0,Dc Fast Charger,Casual Driver,0,0,7.545920562861511,37.97852791876409,0.725598006357473,0.5760584996011774,11,2,0.7753631335879505,3
User_1285,Hyundai Kona,63.99054362851797,Station_77,Los Angeles,2024-02-23 12:00:00,2024-02-23 14:57:00,30.98756655243088,1.932805944248584,26.13523981227178,35.73202834771418,Evening,Saturday,73.30724025708275,76.1746419526243,203.0602540355772,28.353832876793888,5.0,Dc Fast Charger,Commuter,0,1,2.8674016955415453,16.032425109535712,1.1531085633089542,0.4842522784666731,12,2,6.552959029293242,3
User_1286,Tesla Model 3,100.0,Station_180,Houston,2024-02-23 13:00:00,2024-02-23 16:27:00,85.03985430629427,3.708384637781146,26.726596804263863,21.84379488300502,Evening,Sunday,32.3628019605393,55.98865792499279,279.86671797697693,22.669920271465017,7.0,Level 1,Casual Driver,0,1,23.625855964453493,22.931778284244146,0.2568653846034193,0.8503985430629427,13,2,3.2910065552201027,1
User_1287,Chevy Bolt,50.0,Station_66,Houston,2024-02-23 14:00:00,2024-02-23 16:40:00,47.76784734327861,2.6794513868152903,32.994341529878724,30.85952282390842,Night,Thursday,13.70945350509201,97.58940532350752,221.535828133101,15.363257979506066,6.0,Level 1,Long-Distance Traveler,0,0,83.8799518184155,17.827473033595112,0.6460312645478811,0.9553569468655723,14,2,4.637760344129746,1
User_1288,Nissan Leaf,62.0,Station_308,Houston,2024-02-23 15:00:00,2024-02-23 16:12:00,57.45442116792438,1.121155294576189,35.730229366216896,26.414588326334982,Morning,Sunday,32.341871528002784,89.61714559071812,57.289510474044846,33.49059845332999,1.0,Level 2,Casual Driver,0,1,57.27527406271534,51.24572969139203,0.4597485761649567,0.9266842123858771,15,2,0.9971297127265882,2
User_1289,Chevy Bolt,50.0,Station_348,New York,2024-02-23 16:00:00,2024-02-23 17:26:00,45.93945507648217,1.8134291486520389,16.557852451214444,22.14706390615732,Morning,Monday,73.31371202671119,77.01390548870467,232.59920558742044,27.574083775649285,0.0,Level 1,Commuter,1,0,3.7001934619934786,25.332919739726233,0.48209243817293534,0.9187891015296433,16,2,5.063168581346433,1
User_1290,Hyundai Kona,50.0,Station_171,Houston,2024-02-23 17:00:00,2024-02-23 18:19:00,49.53480945615692,0.8052844859460296,42.136989660963394,23.99606518101227,Night,Sunday,53.90525934622092,79.74068238394702,279.43866960065594,4.524374959716525,5.0,Dc Fast Charger,Casual Driver,1,1,25.835423037726095,61.512186464097304,0.4844283332158792,0.9906961891231384,17,2,5.641258595089299,3
User_1291,Nissan Leaf,100.0,Station_474,Chicago,2024-02-23 18:00:00,2024-02-23 21:45:00,52.73977320604877,2.1813898087081207,9.721254707800986,33.817220614136,Afternoon,Wednesday,77.81061587085703,89.79452166165672,56.86080071118133,37.11824232877613,4.0,Level 2,Casual Driver,0,0,11.983905790799682,24.17714293681546,0.6412090640211072,0.5273977320604877,18,2,1.0781388931846965,2
User_1292,Bmw I3,50.0,Station_22,Chicago,2024-02-23 19:00:00,2024-02-23 22:58:00,61.93297987243194,2.768766275908739,37.39309240675668,24.521404012067748,Evening,Monday,39.91480209371115,53.24601440984676,17.954439564327608,0.7108576076491264,0.8451896205457747,Level 2,Long-Distance Traveler,0,0,13.331212316135606,22.36843911720388,0.39593450957109355,1.238659597448639,19,2,0.28990110925244883,2
User_1293,Chevy Bolt,85.0,Station_367,San Francisco,2024-02-23 20:00:00,2024-02-23 23:27:00,23.437875326038824,3.463646934482638,50.35062408297797,8.483284286092683,Morning,Saturday,81.15938765712707,93.27582317310836,22.62409491852518,14.785234289123393,5.0,Level 2,Casual Driver,0,1,12.116435515981294,6.766819993314278,0.3619476666755707,0.2757397097181038,20,2,0.965279258627613,2
User_1294,Nissan Leaf,62.0,Station_107,Houston,2024-02-23 21:00:00,2024-02-23 22:06:00,8.315805795177543,0.7281019856402245,11.737244077708317,20.704259793721377,Morning,Tuesday,38.55338956745308,56.84768445949299,271.52553023252364,35.821776108815385,2.9288113312957407,Level 2,Long-Distance Traveler,0,0,18.294294892039908,11.421210158993597,2.489747873348375,0.13412589992221843,21,2,32.65174018253111,2
User_1295,Chevy Bolt,50.0,Station_439,Houston,2024-02-23 22:00:00,2024-02-23 23:15:00,10.185000186311704,3.4114497040466847,29.830665356048325,18.81811200016332,Evening,Monday,22.88625803621484,63.63470752501935,83.87373833289341,26.52415547572475,6.0,Level 1,Commuter,1,0,40.74844948880451,2.9855343240822774,1.8476300104004149,0.2037000037262341,22,2,8.235025704331049,1
User_1296,Nissan Leaf,100.0,Station_323,Los Angeles,2024-02-23 23:00:00,2024-02-24 02:19:00,71.94505922956554,3.942567771945161,7.477687525988695,24.89800446868112,Evening,Monday,21.348620887758365,74.2900032550478,185.76342547562567,24.85134436580902,5.0,Dc Fast Charger,Casual Driver,0,0,52.94138236728943,18.248274574128555,0.34606969172456226,0.7194505922956554,23,2,2.58201782672641,3
User_1297,Tesla Model 3,100.0,Station_227,New York,2024-02-24 00:00:00,2024-02-24 00:44:00,9.209067930589208,2.4162095160231494,43.773377108489925,27.71437693832454,Evening,Thursday,44.00642537134895,78.66085587846824,58.799043403147216,9.626570733910736,7.0,Level 1,Casual Driver,0,0,34.65443050711929,3.811369779615162,3.009466011893273,0.09209067930589208,0,2,6.3849071204956545,1
User_1298,Chevy Bolt,80.2450010114166,Station_444,San Francisco,2024-02-24 01:00:00,2024-02-24 04:10:00,21.918495812082128,1.67314095226569,6.453837984027844,7.4928410057502575,Afternoon,Tuesday,62.80313877131577,69.62802306500127,198.5935943601873,29.094635424516376,7.0,Level 1,Long-Distance Traveler,1,0,6.8248842936855,13.100208791375955,0.3418501465606951,0.2731446885889346,1,2,9.060548500354509,1
User_1299,Bmw I3,85.0,Station_442,Houston,2024-02-24 02:00:00,2024-02-24 03:49:00,21.795382498227173,1.171874031931034,37.73621870166026,27.460574765685376,Night,Saturday,55.13436223435677,68.54740388150834,39.03998202246087,-4.052803770997523,5.0,Level 2,Long-Distance Traveler,0,1,13.413041647151573,18.598741762638408,1.2599262604324106,0.25641626468502554,2,2,1.7912042619869766,2
User_1300,Bmw I3,62.0,Station_396,Los Angeles,2024-02-24 03:00:00,2024-02-24 05:48:00,27.994930739365664,1.4754514936283083,41.515196392009486,7.260077620589138,Afternoon,Friday,57.434088091123016,87.5435489892284,42.800627669240896,3.891727293750866,5.0,Level 1,Commuter,1,0,30.109460898105382,18.97380622830429,0.259335437839831,0.45153114095751073,3,2,1.5288706397496419,1
User_1301,Hyundai Kona,62.0,Station_216,New York,2024-02-24 04:00:00,2024-02-24 06:57:00,35.7622826922978,1.9263703305377573,22.867757719681364,17.069973350002144,Afternoon,Friday,11.854880943442128,100.0,273.507012624569,39.20763826586747,3.0,Level 1,Long-Distance Traveler,0,0,88.14511905655787,18.564593798698382,0.47731777909351797,0.5768110111660936,4,2,7.647918198562721,1
User_1302,Nissan Leaf,85.0,Station_69,San Francisco,2024-02-24 05:00:00,2024-02-24 05:53:00,7.917185918511961,1.793903739579803,31.74576567162516,27.96248909420221,Evening,Friday,55.14488670080937,69.70887266107756,18.782415923887463,11.765678369167489,3.0,Dc Fast Charger,Long-Distance Traveler,1,0,14.563985960268191,4.413383920124081,3.5318722311194346,0.09314336374719953,5,2,2.3723600932460642,3
User_1303,Chevy Bolt,60.8031640159348,Station_84,San Francisco,2024-02-24 06:00:00,2024-02-24 08:34:00,26.17745506640429,4.299202474228416,11.078210344788673,11.413851000471372,Night,Wednesday,35.299875345221935,82.01710764520368,76.33936600162212,-8.5533748857717,3.0,Level 2,Commuter,0,0,46.717232299981745,6.088909564814668,0.4360183589855424,0.43052784324749804,6,2,2.9162256532566757,2
User_1304,Hyundai Kona,81.06203028867286,Station_103,Houston,2024-02-24 07:00:00,2024-02-24 10:41:00,42.2855347814151,1.6959583268821938,13.487242068137457,14.317811789290046,Morning,Friday,76.50122127635835,83.09120694320444,11.256661780006848,13.737856169812805,5.0,Level 1,Long-Distance Traveler,1,0,6.58998566684609,24.93312135749924,0.3385983377838906,0.5216441610311336,7,2,0.26620596944547237,1
User_1305,Chevy Bolt,46.17287250391787,Station_39,San Francisco,2024-02-24 08:00:00,2024-02-24 10:27:00,60.25144069020241,2.736072147491702,42.3379255017768,21.1044525833378,Evening,Wednesday,38.87852232270873,51.84562277109663,173.29299362219268,31.547643196693123,6.0,Level 2,Long-Distance Traveler,0,0,12.967100448387896,22.021144707546547,0.350272994995282,1.3049099486953066,8,2,2.8761634848404904,2
User_1306,Nissan Leaf,50.0,Station_13,Los Angeles,2024-02-24 09:00:00,2024-02-24 10:49:00,15.691719285120502,2.131400837288165,14.18889149836167,9.253937426346791,Night,Saturday,66.78294251390969,83.91821450927524,194.7793288457101,12.267054533883623,1.0,Dc Fast Charger,Long-Distance Traveler,1,1,17.135271995365557,7.362162485159511,0.5897338117131457,0.31383438570241007,9,2,12.41287365052518,3
User_1307,Bmw I3,75.0,Station_297,San Francisco,2024-02-24 10:00:00,2024-02-24 12:03:00,54.82511333467084,0.5572133283266743,45.86383200819036,22.930047950918,Morning,Saturday,71.30783710648447,96.7978122602596,69.72862342074428,23.6013697842573,5.0,Level 1,Long-Distance Traveler,0,1,25.489975153775134,98.39160434175551,0.4182398641101809,0.7310015111289445,10,2,1.271837287323009,1
User_1308,Tesla Model 3,85.0,Station_313,Chicago,2024-02-24 11:00:00,2024-02-24 12:34:00,65.23254316413059,1.566585949247255,17.12999180051812,5.709498043896542,Afternoon,Monday,48.17084638968186,61.35366583401523,35.63520160727205,33.93763722562681,4.0,Dc Fast Charger,Commuter,0,0,13.182819444333369,41.639938871834545,0.08752530204948415,0.7674416842838893,11,2,0.5462795083369795,3
User_1309,Bmw I3,75.0,Station_181,Los Angeles,2024-02-24 12:00:00,2024-02-24 13:57:00,6.432324170240332,0.9302393081131928,9.025938583872836,16.431100809169195,Night,Friday,71.49380469579087,73.28659305072891,209.9835637216557,21.696951351475622,2.0,Dc Fast Charger,Commuter,0,0,1.7927883549380397,6.9146983084245655,2.554457824931929,0.0857643222698711,12,2,32.6450530421277,3
User_1310,Hyundai Kona,50.0,Station_493,New York,2024-02-24 13:00:00,2024-02-24 14:57:00,16.126089718922938,3.909610780305439,4.194196976474822,27.63699510855804,Afternoon,Thursday,61.13125247835371,71.02277462838805,82.8826118729384,29.23939964714556,5.0,Level 2,Long-Distance Traveler,0,0,9.89152215003434,4.124730216152893,1.713806359152758,0.32252179437845874,13,2,5.1396596023945555,2
User_1311,Tesla Model 3,62.0,Station_268,New York,2024-02-24 14:00:00,2024-02-24 17:50:00,66.97990803084751,0.7756632656622946,13.787151372552216,38.83301030523854,Afternoon,Saturday,64.12607256669314,94.36493349621,132.9596225238148,36.43208816912748,1.0,Level 2,Casual Driver,0,1,30.23886092951686,86.3517856213768,0.5797710305507443,1.080321097271734,14,2,1.985067260208545,2
User_1312,Hyundai Kona,50.0,Station_13,Houston,2024-02-24 15:00:00,2024-02-24 18:53:00,74.27670057664027,2.8491514275571355,25.073544324039364,38.19400613708986,Night,Tuesday,41.34406167397294,50.4123412636568,194.7935438742961,7.731967314013154,3.0,Level 2,Commuter,0,0,9.068279589683861,26.06976233633365,0.514212476329377,1.4855340115328053,15,2,2.622538997586518,2
User_1313,Nissan Leaf,75.0,Station_120,Houston,2024-02-24 16:00:00,2024-02-24 18:54:00,39.73385254628378,1.2492962907593128,21.395605777560547,19.413665080852823,Morning,Tuesday,55.86361499761188,85.12226222000578,132.9596225238148,24.108952961291443,0.0,Level 1,Casual Driver,0,0,29.258647222393897,31.804987207745445,0.4885925687230785,0.529784700617117,16,2,3.3462554975996213,1
User_1314,Tesla Model 3,129.35061620415664,Station_458,Chicago,2024-02-24 17:00:00,2024-02-24 19:35:00,60.7251438890711,2.365990922637261,10.491920900615758,11.289733305995538,Night,Saturday,41.85682469072815,94.09788342638664,279.55227750602785,-1.3699940674453366,3.0,Level 2,Long-Distance Traveler,0,1,52.24105873565849,25.665839757907264,0.1859152993794287,0.46946157406183053,17,2,4.603567148670681,2
User_1315,Hyundai Kona,50.0,Station_353,New York,2024-02-24 18:00:00,2024-02-24 19:58:00,43.251453479602375,2.501808768424507,63.216118380746416,36.35692965878583,Morning,Monday,62.10867240409642,65.19889545747364,220.28186326914656,1.6308497238612816,5.0,Level 1,Long-Distance Traveler,0,0,3.0902230533772226,17.28807334336733,0.8405944016640263,0.8650290695920475,18,2,5.093051112676079,1
User_1316,Nissan Leaf,100.0,Station_57,New York,2024-02-24 19:00:00,2024-02-24 20:30:00,42.01165353037616,1.426444321988523,5.895475086176862,22.08116362698238,Evening,Sunday,39.20410154877641,83.91595179926459,239.60107457934475,1.9196547033929288,7.0,Dc Fast Charger,Commuter,0,1,44.71185025048818,29.452010767451586,0.5255961565763363,0.4201165353037616,19,2,5.703205050144082,3
User_1317,Bmw I3,100.0,Station_40,New York,2024-02-24 20:00:00,2024-02-24 20:44:00,68.18585286511737,3.238212428284869,18.388011513893147,5.06780581979034,Evening,Tuesday,31.45637484180004,93.0964613557908,164.3760222940225,34.02977464098818,4.0,Level 2,Casual Driver,0,0,61.64008651399075,21.056633675275048,0.07432342057545689,0.6818585286511737,20,2,2.4107056726148874,2
User_1318,Nissan Leaf,100.0,Station_374,New York,2024-02-24 21:00:00,2024-02-24 23:03:00,18.895101661444063,3.2671216940712613,45.48206597304863,37.25500156117982,Evening,Tuesday,71.90308072624399,78.67887870237226,226.5192581737514,20.35876101645039,5.0,Dc Fast Charger,Commuter,0,0,6.775797976128274,5.783409199520294,1.9716751054692445,0.18895101661444064,21,2,11.988252946845463,3
User_1319,Chevy Bolt,85.0,Station_336,San Francisco,2024-02-24 22:00:00,2024-02-24 23:20:00,13.75625150299386,2.754527481618902,38.148183267445766,39.046146064753984,Afternoon,Sunday,65.9265734314916,76.187997075293,291.494075596974,24.13459801583604,5.0,Level 2,Commuter,1,1,10.261423643801393,4.994051282766284,2.838429208440695,0.16183825297639837,22,2,21.18993502943257,2
User_1320,Nissan Leaf,120.44719519636556,Station_128,Los Angeles,2024-02-24 23:00:00,2024-02-24 23:56:00,63.65257024136892,3.7409703687194935,33.7042260973883,10.863674284043608,Evening,Monday,56.69243947901475,59.33807594475034,14.449235532065112,-6.96659298109081,5.0,Dc Fast Charger,Commuter,1,0,2.645636465735585,17.014989151907322,0.17067141582576842,0.5284686798857863,23,2,0.22700160382014395,3
